Workbook

Sheet 헤몬팜
A1: . | R1: 192
C2: 9/29~9/30 | D2: 이윤율 | E2: 마진율 | F2: 광고비율 | G2: 전환율 | H2: 판매수 | I2: 일판매 | J2: 순판매개수 | K2: 취소개수 | L2: 가구매 | M2: 매출 | N2: 가구매금액 | O2: 순매출 | P2: 판매가 | Q2: 입고가 | R2: 입고판매가 | S2: 광고비1.1 | T2: 광고비 | U2: 가구매비용 | V2: 반품회수비 | W2: 수수료 | X2: 택배비 | Y2: 판매수수료 | Z2: 수수료 | AA2: 부가세 | AB2: 판매마진 | AC2: 순이익 | AD2: 노출수 | AE2: 클릭수
C3: 쉐이버 | D3: =AC3/O3 -> 0.18064455 | E3: =AB3/O3 -> 0.42342161 | F3: =(S3+U3)/O3 -> 0.24277706 | G3: =H3/AG3 -> #DIV/0! | H3: =SUMIF(헤몬팜일일!$C$1:$C$40,$C3,헤몬팜일일!O$1:O$40) -> 282 | I3: =H3/7 -> 40.285714 | J3: =SUMIF(헤몬팜일일!$C$1:$C$40,$C3,헤몬팜일일!P$1:P$40) -> 282 | K3: =SUMIF(헤몬팜일일!$C$1:$C$40,$C3,헤몬팜일일!Q$1:Q$40) -> 27 | L3: =SUMIF(헤몬팜일일!$C$1:$C$40,$C3,헤몬팜일일!S$1:S$40) -> 0 | M3: =SUMIF(헤몬팜일일!$C$1:$C$40,$C3,헤몬팜일일!T$1:T$40) -> 7882000 | N3: =SUMIF(헤몬팜일일!$C$1:$C$40,$C3,헤몬팜일일!U$1:U$40) -> 0 | O3: =SUMIF(헤몬팜일일!$C$1:$C$40,$C3,헤몬팜일일!V$1:V$40) -> 7882000 | P3: =O3/J3 -> 27950.355 | Q3: =SUMIF(헤몬팜일일!$C$1:$C$40,$C3,헤몬팜일일!X$1:X$40) -> 17701.72 | R3: =SUMIF(헤몬팜일일!$C$1:$C$40,$C3,헤몬팜일일!Y$1:Y$40) -> 2607107.4 | S3: =SUMIF(헤몬팜일일!$C$1:$C$40,$C3,헤몬팜일일!Z$1:Z$40) -> 1913568.8 | T3: =SUMIF(헤몬팜일일!$C$1:$C$40,$C3,헤몬팜일일!AA$1:AA$40) -> 1739608 | U3: =SUMIF(헤몬팜일일!$C$1:$C$40,$C3,헤몬팜일일!AB$1:AB$40) -> 0 | V3: =SUMIF(헤몬팜일일!$C$1:$C$40,$C3,헤몬팜일일!AC$1:AC$40) -> 58644 | W3: 0.1 | X3: =SUMIF(헤몬팜일일!$C$1:$C$40,$C3,헤몬팜일일!AE$1:AE$40) -> 860100 | Y3: =W3+(X3/O3) -> 0.20912205 | Z3: =SUMIF(헤몬팜일일!$C$1:$C$40,$C3,헤몬팜일일!AG$1:AG$40) -> 1648300.1 | AA3: =SUMIF(헤몬팜일일!$C$1:$C$40,$C3,헤몬팜일일!AH$1:AH$40) -> 289183.44 | AB3: =SUMIF(헤몬팜일일!$C$1:$C$40,$C3,헤몬팜일일!AJ$1:AK$40) -> 3337409.1 | AC3: =SUMIF(헤몬팜일일!$C$1:$C$40,$C3,헤몬팜일일!AK$1:AK$40) -> 1423840.3 | AD3: =SUMIF(헤몬팜일일!$C$1:$C$40,$C3,헤몬팜일일!AK$1:AK$40) -> 1423840.3 | AE3: =SUMIF(헤몬팜일일!$C$1:$C$40,$C3,헤몬팜일일!AL$1:AL$40) -> 129.168
C4: 일자면도기 | D4: =AC4/O4 -> -0.019440465 | E4: =AB4/O4 -> 0.40985028 | F4: =(S4+U4)/O4 -> 0.42929075 | G4: =H4/AG4 -> #DIV/0! | H4: =SUMIF(헤몬팜일일!$C$1:$C$40,$C4,헤몬팜일일!O$1:O$40) -> 1 | I4: =H4/7 -> 0.14285714 | J4: =SUMIF(헤몬팜일일!$C$1:$C$40,$C4,헤몬팜일일!P$1:P$40) -> 1 | K4: =SUMIF(헤몬팜일일!$C$1:$C$40,$C4,헤몬팜일일!Q$1:Q$40) -> 0 | L4: =SUMIF(헤몬팜일일!$C$1:$C$40,$C4,헤몬팜일일!S$1:S$40) -> 0 | M4: =SUMIF(헤몬팜일일!$C$1:$C$40,$C4,헤몬팜일일!T$1:T$40) -> 22700 | N4: =SUMIF(헤몬팜일일!$C$1:$C$40,$C4,헤몬팜일일!U$1:U$40) -> 0 | O4: =SUMIF(헤몬팜일일!$C$1:$C$40,$C4,헤몬팜일일!V$1:V$40) -> 22700 | P4: =O4/J4 -> 22700 | Q4: =SUMIF(헤몬팜일일!$C$1:$C$40,$C4,헤몬팜일일!X$1:X$40) -> 14161.376 | R4: =SUMIF(헤몬팜일일!$C$1:$C$40,$C4,헤몬팜일일!Y$1:Y$40) -> 7377.328 | S4: =SUMIF(헤몬팜일일!$C$1:$C$40,$C4,헤몬팜일일!Z$1:Z$40) -> 9744.9 | T4: =SUMIF(헤몬팜일일!$C$1:$C$40,$C4,헤몬팜일일!AA$1:AA$40) -> 8859 | U4: =SUMIF(헤몬팜일일!$C$1:$C$40,$C4,헤몬팜일일!AB$1:AB$40) -> 0 | V4: =SUMIF(헤몬팜일일!$C$1:$C$40,$C4,헤몬팜일일!AC$1:AC$40) -> 0 | W4: 0.1 | X4: =SUMIF(헤몬팜일일!$C$1:$C$40,$C4,헤몬팜일일!AE$1:AE$40) -> 2950 | Y4: =W4+(X4/O4) -> 0.22995595 | Z4: =SUMIF(헤몬팜일일!$C$1:$C$40,$C4,헤몬팜일일!AG$1:AG$40) -> 5220.03 | AA4: =SUMIF(헤몬팜일일!$C$1:$C$40,$C4,헤몬팜일일!AH$1:AH$40) -> 799.04056 | AB4: =SUMIF(헤몬팜일일!$C$1:$C$40,$C4,헤몬팜일일!AJ$1:AK$40) -> 9303.6014 | AC4: =SUMIF(헤몬팜일일!$C$1:$C$40,$C4,헤몬팜일일!AK$1:AK$40) -> -441.29856 | AD4: =SUMIF(헤몬팜일일!$C$1:$C$40,$C4,헤몬팜일일!AK$1:AK$40) -> -441.29856 | AE4: =SUMIF(헤몬팜일일!$C$1:$C$40,$C4,헤몬팜일일!AL$1:AL$40) -> 97.2
C5: 프라임 1개 | D5: =AC5/O5 -> #REF! | E5: =AB5/O5 -> #REF! | F5: =(S5+U5)/O5 -> 0.16581059 | G5: =H5/AG5 -> #DIV/0! | H5: =SUMIF(헤몬팜일일!$C$1:$C$40,$C5,헤몬팜일일!O$1:O$40) -> 4 | I5: =H5/7 -> 0.57142857 | J5: =SUMIF(헤몬팜일일!$C$1:$C$40,$C5,헤몬팜일일!P$1:P$40) -> 4 | K5: =SUMIF(헤몬팜일일!$C$1:$C$40,$C5,헤몬팜일일!Q$1:Q$40) -> 1 | L5: =SUMIF(헤몬팜일일!$C$1:$C$40,$C5,헤몬팜일일!S$1:S$40) -> 0 | M5: =SUMIF(헤몬팜일일!$C$1:$C$40,$C5,헤몬팜일일!T$1:T$40) -> 183200 | N5: =SUMIF(헤몬팜일일!$C$1:$C$40,$C5,헤몬팜일일!U$1:U$40) -> 0 | O5: =SUMIF(헤몬팜일일!$C$1:$C$40,$C5,헤몬팜일일!V$1:V$40) -> 183200 | P5: =O5/J5 -> 45800 | Q5: =SUMIF(헤몬팜일일!$C$1:$C$40,$C5,헤몬팜일일!X$1:X$40) -> 19980.816 | R5: =SUMIF(헤몬팜일일!$C$1:$C$40,$C5,헤몬팜일일!Y$1:Y$40) -> #REF! | S5: =SUMIF(헤몬팜일일!$C$1:$C$40,$C5,헤몬팜일일!Z$1:Z$40) -> 30376.5 | T5: =SUMIF(헤몬팜일일!$C$1:$C$40,$C5,헤몬팜일일!AA$1:AA$40) -> 27615 | U5: =SUMIF(헤몬팜일일!$C$1:$C$40,$C5,헤몬팜일일!AB$1:AB$40) -> 0 | V5: =SUMIF(헤몬팜일일!$C$1:$C$40,$C5,헤몬팜일일!AC$1:AC$40) -> 2310 | W5: 0.1 | X5: =SUMIF(헤몬팜일일!$C$1:$C$40,$C5,헤몬팜일일!AE$1:AE$40) -> 16600 | Y5: =W5+(X5/O5) -> 0.19061135 | Z5: =SUMIF(헤몬팜일일!$C$1:$C$40,$C5,헤몬팜일일!AG$1:AG$40) -> 36752.06 | AA5: =SUMIF(헤몬팜일일!$C$1:$C$40,$C5,헤몬팜일일!AH$1:AH$40) -> #REF! | AB5: =SUMIF(헤몬팜일일!$C$1:$C$40,$C5,헤몬팜일일!AJ$1:AK$40) -> #REF! | AC5: =SUMIF(헤몬팜일일!$C$1:$C$40,$C5,헤몬팜일일!AK$1:AK$40) -> #REF! | AD5: =SUMIF(헤몬팜일일!$C$1:$C$40,$C5,헤몬팜일일!AK$1:AK$40) -> #REF! | AE5: =SUMIF(헤몬팜일일!$C$1:$C$40,$C5,헤몬팜일일!AL$1:AL$40) -> 324
C6: 프라임 2개 | D6: =AC6/O6 -> #REF! | E6: =AB6/O6 -> #REF! | F6: =(S6+U6)/O6 -> 0.43974145 | G6: =H6/AG6 -> #DIV/0! | H6: =SUMIF(헤몬팜일일!$C$1:$C$40,$C6,헤몬팜일일!O$1:O$40) -> 10 | I6: =H6/7 -> 1.4285714 | J6: =SUMIF(헤몬팜일일!$C$1:$C$40,$C6,헤몬팜일일!P$1:P$40) -> 10 | K6: =SUMIF(헤몬팜일일!$C$1:$C$40,$C6,헤몬팜일일!Q$1:Q$40) -> 3 | L6: =SUMIF(헤몬팜일일!$C$1:$C$40,$C6,헤몬팜일일!S$1:S$40) -> 0 | M6: =SUMIF(헤몬팜일일!$C$1:$C$40,$C6,헤몬팜일일!T$1:T$40) -> 468000 | N6: =SUMIF(헤몬팜일일!$C$1:$C$40,$C6,헤몬팜일일!U$1:U$40) -> 0 | O6: =SUMIF(헤몬팜일일!$C$1:$C$40,$C6,헤몬팜일일!V$1:V$40) -> 468000 | P6: =O6/J6 -> 46800 | Q6: =SUMIF(헤몬팜일일!$C$1:$C$40,$C6,헤몬팜일일!X$1:X$40) -> 19980.816 | R6: =SUMIF(헤몬팜일일!$C$1:$C$40,$C6,헤몬팜일일!Y$1:Y$40) -> #REF! | S6: =SUMIF(헤몬팜일일!$C$1:$C$40,$C6,헤몬팜일일!Z$1:Z$40) -> 205799 | T6: =SUMIF(헤몬팜일일!$C$1:$C$40,$C6,헤몬팜일일!AA$1:AA$40) -> 187090 | U6: =SUMIF(헤몬팜일일!$C$1:$C$40,$C6,헤몬팜일일!AB$1:AB$40) -> 0 | V6: =SUMIF(헤몬팜일일!$C$1:$C$40,$C6,헤몬팜일일!AC$1:AC$40) -> 6930 | W6: 0.1 | X6: =SUMIF(헤몬팜일일!$C$1:$C$40,$C6,헤몬팜일일!AE$1:AE$40) -> 41500 | Y6: =W6+(X6/O6) -> 0.18867521 | Z6: =SUMIF(헤몬팜일일!$C$1:$C$40,$C6,헤몬팜일일!AG$1:AG$40) -> 92980.06 | AA6: =SUMIF(헤몬팜일일!$C$1:$C$40,$C6,헤몬팜일일!AH$1:AH$40) -> #REF! | AB6: =SUMIF(헤몬팜일일!$C$1:$C$40,$C6,헤몬팜일일!AJ$1:AK$40) -> #REF! | AC6: =SUMIF(헤몬팜일일!$C$1:$C$40,$C6,헤몬팜일일!AK$1:AK$40) -> #REF! | AD6: =SUMIF(헤몬팜일일!$C$1:$C$40,$C6,헤몬팜일일!AK$1:AK$40) -> #REF! | AE6: =SUMIF(헤몬팜일일!$C$1:$C$40,$C6,헤몬팜일일!AL$1:AL$40) -> 324
C7: 다밴다 1개 | D7: =AC7/O7 -> #REF! | E7: =AB7/O7 -> #REF! | F7: =(S7+U7)/O7 -> 0.27204766 | G7: =H7/AG7 -> #DIV/0! | H7: =SUMIF(헤몬팜일일!$C$1:$C$40,$C7,헤몬팜일일!O$1:O$40) -> 4 | I7: =H7/7 -> 0.57142857 | J7: =SUMIF(헤몬팜일일!$C$1:$C$40,$C7,헤몬팜일일!P$1:P$40) -> 4 | K7: =SUMIF(헤몬팜일일!$C$1:$C$40,$C7,헤몬팜일일!Q$1:Q$40) -> 0 | L7: =SUMIF(헤몬팜일일!$C$1:$C$40,$C7,헤몬팜일일!S$1:S$40) -> 0 | M7: =SUMIF(헤몬팜일일!$C$1:$C$40,$C7,헤몬팜일일!T$1:T$40) -> 239200 | N7: =SUMIF(헤몬팜일일!$C$1:$C$40,$C7,헤몬팜일일!U$1:U$40) -> 0 | O7: =SUMIF(헤몬팜일일!$C$1:$C$40,$C7,헤몬팜일일!V$1:V$40) -> 239200 | P7: =O7/J7 -> 59800 | Q7: =SUMIF(헤몬팜일일!$C$1:$C$40,$C7,헤몬팜일일!X$1:X$40) -> 26552.58 | R7: =SUMIF(헤몬팜일일!$C$1:$C$40,$C7,헤몬팜일일!Y$1:Y$40) -> #REF! | S7: =SUMIF(헤몬팜일일!$C$1:$C$40,$C7,헤몬팜일일!Z$1:Z$40) -> 65073.8 | T7: =SUMIF(헤몬팜일일!$C$1:$C$40,$C7,헤몬팜일일!AA$1:AA$40) -> 59158 | U7: =SUMIF(헤몬팜일일!$C$1:$C$40,$C7,헤몬팜일일!AB$1:AB$40) -> 0 | V7: =SUMIF(헤몬팜일일!$C$1:$C$40,$C7,헤몬팜일일!AC$1:AC$40) -> 0 | W7: 0.1 | X7: =SUMIF(헤몬팜일일!$C$1:$C$40,$C7,헤몬팜일일!AE$1:AE$40) -> 19300 | Y7: =W7+(X7/O7) -> 0.18068562 | Z7: =SUMIF(헤몬팜일일!$C$1:$C$40,$C7,헤몬팜일일!AG$1:AG$40) -> 45133.66 | AA7: =SUMIF(헤몬팜일일!$C$1:$C$40,$C7,헤몬팜일일!AH$1:AH$40) -> #REF! | AB7: =SUMIF(헤몬팜일일!$C$1:$C$40,$C7,헤몬팜일일!AJ$1:AK$40) -> #REF! | AC7: =SUMIF(헤몬팜일일!$C$1:$C$40,$C7,헤몬팜일일!AK$1:AK$40) -> #REF! | AD7: =SUMIF(헤몬팜일일!$C$1:$C$40,$C7,헤몬팜일일!AK$1:AK$40) -> #REF! | AE7: =SUMIF(헤몬팜일일!$C$1:$C$40,$C7,헤몬팜일일!AL$1:AL$40) -> 743.04
C8: 다벤다 2개 | D8: =AC8/O8 -> #REF! | E8: =AB8/O8 -> #REF! | F8: =(S8+U8)/O8 -> 0.20002565 | G8: =H8/AG8 -> #DIV/0! | H8: =SUMIF(헤몬팜일일!$C$1:$C$40,$C8,헤몬팜일일!O$1:O$40) -> 10 | I8: =H8/7 -> 1.4285714 | J8: =SUMIF(헤몬팜일일!$C$1:$C$40,$C8,헤몬팜일일!P$1:P$40) -> 10 | K8: =SUMIF(헤몬팜일일!$C$1:$C$40,$C8,헤몬팜일일!Q$1:Q$40) -> 0 | L8: =SUMIF(헤몬팜일일!$C$1:$C$40,$C8,헤몬팜일일!S$1:S$40) -> 0 | M8: =SUMIF(헤몬팜일일!$C$1:$C$40,$C8,헤몬팜일일!T$1:T$40) -> 697800 | N8: =SUMIF(헤몬팜일일!$C$1:$C$40,$C8,헤몬팜일일!U$1:U$40) -> 0 | O8: =SUMIF(헤몬팜일일!$C$1:$C$40,$C8,헤몬팜일일!V$1:V$40) -> 697800 | P8: =O8/J8 -> 69780 | Q8: =SUMIF(헤몬팜일일!$C$1:$C$40,$C8,헤몬팜일일!X$1:X$40) -> 26552.58 | R8: =SUMIF(헤몬팜일일!$C$1:$C$40,$C8,헤몬팜일일!Y$1:Y$40) -> #REF! | S8: =SUMIF(헤몬팜일일!$C$1:$C$40,$C8,헤몬팜일일!Z$1:Z$40) -> 139577.9 | T8: =SUMIF(헤몬팜일일!$C$1:$C$40,$C8,헤몬팜일일!AA$1:AA$40) -> 126889 | U8: =SUMIF(헤몬팜일일!$C$1:$C$40,$C8,헤몬팜일일!AB$1:AB$40) -> 0 | V8: =SUMIF(헤몬팜일일!$C$1:$C$40,$C8,헤몬팜일일!AC$1:AC$40) -> 0 | W8: 0.1 | X8: =SUMIF(헤몬팜일일!$C$1:$C$40,$C8,헤몬팜일일!AE$1:AE$40) -> 48250 | Y8: =W8+(X8/O8) -> 0.16914589 | Z8: =SUMIF(헤몬팜일일!$C$1:$C$40,$C8,헤몬팜일일!AG$1:AG$40) -> 123612.46 | AA8: =SUMIF(헤몬팜일일!$C$1:$C$40,$C8,헤몬팜일일!AH$1:AH$40) -> #REF! | AB8: =SUMIF(헤몬팜일일!$C$1:$C$40,$C8,헤몬팜일일!AJ$1:AK$40) -> #REF! | AC8: =SUMIF(헤몬팜일일!$C$1:$C$40,$C8,헤몬팜일일!AK$1:AK$40) -> #REF! | AD8: =SUMIF(헤몬팜일일!$C$1:$C$40,$C8,헤몬팜일일!AK$1:AK$40) -> #REF! | AE8: =SUMIF(헤몬팜일일!$C$1:$C$40,$C8,헤몬팜일일!AL$1:AL$40) -> 743.04
C9: 시거잭 | D9: =AC9/O9 -> -0.67714419 | E9: =AB9/O9 -> 0.42153214 | F9: =(S9+U9)/O9 -> 1.0986763 | G9: =H9/AG9 -> #DIV/0! | H9: =SUMIF(헤몬팜일일!$C$1:$C$40,$C9,헤몬팜일일!O$1:O$40) -> 22 | I9: =H9/7 -> 3.1428571 | J9: =SUMIF(헤몬팜일일!$C$1:$C$40,$C9,헤몬팜일일!P$1:P$40) -> 12 | K9: =SUMIF(헤몬팜일일!$C$1:$C$40,$C9,헤몬팜일일!Q$1:Q$40) -> 2 | L9: =SUMIF(헤몬팜일일!$C$1:$C$40,$C9,헤몬팜일일!S$1:S$40) -> 10 | M9: =SUMIF(헤몬팜일일!$C$1:$C$40,$C9,헤몬팜일일!T$1:T$40) -> 377780 | N9: =SUMIF(헤몬팜일일!$C$1:$C$40,$C9,헤몬팜일일!U$1:U$40) -> 170100 | O9: =SUMIF(헤몬팜일일!$C$1:$C$40,$C9,헤몬팜일일!V$1:V$40) -> 207680 | P9: =O9/J9 -> 17306.667 | Q9: =SUMIF(헤몬팜일일!$C$1:$C$40,$C9,헤몬팜일일!X$1:X$40) -> 10178.489 | R9: =SUMIF(헤몬팜일일!$C$1:$C$40,$C9,헤몬팜일일!Y$1:Y$40) -> 61515.894 | S9: =SUMIF(헤몬팜일일!$C$1:$C$40,$C9,헤몬팜일일!Z$1:Z$40) -> 129498.6 | T9: =SUMIF(헤몬팜일일!$C$1:$C$40,$C9,헤몬팜일일!AA$1:AA$40) -> 117726 | U9: =SUMIF(헤몬팜일일!$C$1:$C$40,$C9,헤몬팜일일!AB$1:AB$40) -> 98674.5 | V9: =SUMIF(헤몬팜일일!$C$1:$C$40,$C9,헤몬팜일일!AC$1:AC$40) -> 4620 | W9: 0.1 | X9: =SUMIF(헤몬팜일일!$C$1:$C$40,$C9,헤몬팜일일!AE$1:AE$40) -> 34800 | Y9: =W9+(X9/O9) -> 0.26756549 | Z9: =SUMIF(헤몬팜일일!$C$1:$C$40,$C9,헤몬팜일일!AG$1:AG$40) -> 50999.1 | AA9: =SUMIF(헤몬팜일일!$C$1:$C$40,$C9,헤몬팜일일!AH$1:AH$40) -> 7621.2106 | AB9: =SUMIF(헤몬팜일일!$C$1:$C$40,$C9,헤몬팜일일!AJ$1:AK$40) -> 87543.795 | AC9: =SUMIF(헤몬팜일일!$C$1:$C$40,$C9,헤몬팜일일!AK$1:AK$40) -> -140629.3 | AD9: =SUMIF(헤몬팜일일!$C$1:$C$40,$C9,헤몬팜일일!AK$1:AK$40) -> -140629.3 | AE9: =SUMIF(헤몬팜일일!$C$1:$C$40,$C9,헤몬팜일일!AL$1:AL$40) -> 12.15
C10: 뉴 고압세척기 배터리 1개 | D10: =AC10/O10 -> #REF! | E10: =AB10/O10 -> #REF! | F10: =(S10+U10)/O10 -> 0.14649162 | G10: =H10/AG10 -> #DIV/0! | H10: =SUMIF(헤몬팜일일!$C$1:$C$40,$C10,헤몬팜일일!O$1:O$40) -> 15 | I10: =H10/7 -> 2.1428571 | J10: =SUMIF(헤몬팜일일!$C$1:$C$40,$C10,헤몬팜일일!P$1:P$40) -> 15 | K10: =SUMIF(헤몬팜일일!$C$1:$C$40,$C10,헤몬팜일일!Q$1:Q$40) -> 1 | L10: =SUMIF(헤몬팜일일!$C$1:$C$40,$C10,헤몬팜일일!S$1:S$40) -> 0 | M10: =SUMIF(헤몬팜일일!$C$1:$C$40,$C10,헤몬팜일일!T$1:T$40) -> 597000 | N10: =SUMIF(헤몬팜일일!$C$1:$C$40,$C10,헤몬팜일일!U$1:U$40) -> 0 | O10: =SUMIF(헤몬팜일일!$C$1:$C$40,$C10,헤몬팜일일!V$1:V$40) -> 597000 | P10: =O10/J10 -> 39800 | Q10: =SUMIF(헤몬팜일일!$C$1:$C$40,$C10,헤몬팜일일!X$1:X$40) -> 15710.276 | R10: =SUMIF(헤몬팜일일!$C$1:$C$40,$C10,헤몬팜일일!Y$1:Y$40) -> #REF! | S10: =SUMIF(헤몬팜일일!$C$1:$C$40,$C10,헤몬팜일일!Z$1:Z$40) -> 87455.5 | T10: =SUMIF(헤몬팜일일!$C$1:$C$40,$C10,헤몬팜일일!AA$1:AA$40) -> 79505 | U10: =SUMIF(헤몬팜일일!$C$1:$C$40,$C10,헤몬팜일일!AB$1:AB$40) -> 0 | V10: =SUMIF(헤몬팜일일!$C$1:$C$40,$C10,헤몬팜일일!AC$1:AC$40) -> 2310 | W10: 0.1 | X10: =SUMIF(헤몬팜일일!$C$1:$C$40,$C10,헤몬팜일일!AE$1:AE$40) -> 62250 | Y10: =W10+(X10/O10) -> 0.20427136 | Z10: =SUMIF(헤몬팜일일!$C$1:$C$40,$C10,헤몬팜일일!AG$1:AG$40) -> 110010.06 | AA10: =SUMIF(헤몬팜일일!$C$1:$C$40,$C10,헤몬팜일일!AH$1:AH$40) -> #REF! | AB10: =SUMIF(헤몬팜일일!$C$1:$C$40,$C10,헤몬팜일일!AJ$1:AK$40) -> #REF! | AC10: =SUMIF(헤몬팜일일!$C$1:$C$40,$C10,헤몬팜일일!AK$1:AK$40) -> #REF! | AD10: =SUMIF(헤몬팜일일!$C$1:$C$40,$C10,헤몬팜일일!AK$1:AK$40) -> #REF! | AE10: =SUMIF(헤몬팜일일!$C$1:$C$40,$C10,헤몬팜일일!AL$1:AL$40) -> 352.836
C11: 뉴 고압세척기 | D11: =AC11/O11 -> #REF! | E11: =AB11/O11 -> #REF! | F11: =(S11+U11)/O11 -> 0.19664957 | G11: =H11/AG11 -> #DIV/0! | H11: =SUMIF(헤몬팜일일!$C$1:$C$40,$C11,헤몬팜일일!O$1:O$40) -> 3 | I11: =H11/7 -> 0.42857143 | J11: =SUMIF(헤몬팜일일!$C$1:$C$40,$C11,헤몬팜일일!P$1:P$40) -> 3 | K11: =SUMIF(헤몬팜일일!$C$1:$C$40,$C11,헤몬팜일일!Q$1:Q$40) -> 0 | L11: =SUMIF(헤몬팜일일!$C$1:$C$40,$C11,헤몬팜일일!S$1:S$40) -> 0 | M11: =SUMIF(헤몬팜일일!$C$1:$C$40,$C11,헤몬팜일일!T$1:T$40) -> 128700 | N11: =SUMIF(헤몬팜일일!$C$1:$C$40,$C11,헤몬팜일일!U$1:U$40) -> 0 | O11: =SUMIF(헤몬팜일일!$C$1:$C$40,$C11,헤몬팜일일!V$1:V$40) -> 128700 | P11: =O11/J11 -> 42900 | Q11: =SUMIF(헤몬팜일일!$C$1:$C$40,$C11,헤몬팜일일!X$1:X$40) -> 15710.276 | R11: =SUMIF(헤몬팜일일!$C$1:$C$40,$C11,헤몬팜일일!Y$1:Y$40) -> #REF! | S11: =SUMIF(헤몬팜일일!$C$1:$C$40,$C11,헤몬팜일일!Z$1:Z$40) -> 25308.8 | T11: =SUMIF(헤몬팜일일!$C$1:$C$40,$C11,헤몬팜일일!AA$1:AA$40) -> 23008 | U11: =SUMIF(헤몬팜일일!$C$1:$C$40,$C11,헤몬팜일일!AB$1:AB$40) -> 0 | V11: =SUMIF(헤몬팜일일!$C$1:$C$40,$C11,헤몬팜일일!AC$1:AC$40) -> 0 | W11: 0.1 | X11: =SUMIF(헤몬팜일일!$C$1:$C$40,$C11,헤몬팜일일!AE$1:AE$40) -> 5700 | Y11: =W11+(X11/O11) -> 0.14428904 | Z11: =SUMIF(헤몬팜일일!$C$1:$C$40,$C11,헤몬팜일일!AG$1:AG$40) -> 15738.63 | AA11: =SUMIF(헤몬팜일일!$C$1:$C$40,$C11,헤몬팜일일!AH$1:AH$40) -> #REF! | AB11: =SUMIF(헤몬팜일일!$C$1:$C$40,$C11,헤몬팜일일!AJ$1:AK$40) -> #REF! | AC11: =SUMIF(헤몬팜일일!$C$1:$C$40,$C11,헤몬팜일일!AK$1:AK$40) -> #REF! | AD11: =SUMIF(헤몬팜일일!$C$1:$C$40,$C11,헤몬팜일일!AK$1:AK$40) -> #REF! | AE11: =SUMIF(헤몬팜일일!$C$1:$C$40,$C11,헤몬팜일일!AL$1:AL$40) -> 352.836
C12: 모기지옥 | D12: =AC12/O12 -> 0.3206072 | E12: =AB12/O12 -> 0.36298871 | F12: =(S12+U12)/O12 -> 0.04238151 | G12: =H12/AG12 -> #DIV/0! | H12: =SUMIF(헤몬팜일일!$C$1:$C$40,$C12,헤몬팜일일!O$1:O$40) -> 12 | I12: =H12/7 -> 1.7142857 | J12: =SUMIF(헤몬팜일일!$C$1:$C$40,$C12,헤몬팜일일!P$1:P$40) -> 12 | K12: =SUMIF(헤몬팜일일!$C$1:$C$40,$C12,헤몬팜일일!Q$1:Q$40) -> 0 | L12: =SUMIF(헤몬팜일일!$C$1:$C$40,$C12,헤몬팜일일!S$1:S$40) -> 0 | M12: =SUMIF(헤몬팜일일!$C$1:$C$40,$C12,헤몬팜일일!T$1:T$40) -> 230400 | N12: =SUMIF(헤몬팜일일!$C$1:$C$40,$C12,헤몬팜일일!U$1:U$40) -> 0 | O12: =SUMIF(헤몬팜일일!$C$1:$C$40,$C12,헤몬팜일일!V$1:V$40) -> 230400 | P12: =O12/J12 -> 19200 | Q12: =SUMIF(헤몬팜일일!$C$1:$C$40,$C12,헤몬팜일일!X$1:X$40) -> 12745.238 | R12: =SUMIF(헤몬팜일일!$C$1:$C$40,$C12,헤몬팜일일!Y$1:Y$40) -> 81257.222 | S12: =SUMIF(헤몬팜일일!$C$1:$C$40,$C12,헤몬팜일일!Z$1:Z$40) -> 9764.7 | T12: =SUMIF(헤몬팜일일!$C$1:$C$40,$C12,헤몬팜일일!AA$1:AA$40) -> 8877 | U12: =SUMIF(헤몬팜일일!$C$1:$C$40,$C12,헤몬팜일일!AB$1:AB$40) -> 0 | V12: =SUMIF(헤몬팜일일!$C$1:$C$40,$C12,헤몬팜일일!AC$1:AC$40) -> 0 | W12: 0.1 | X12: =SUMIF(헤몬팜일일!$C$1:$C$40,$C12,헤몬팜일일!AE$1:AE$40) -> 40200 | Y12: =W12+(X12/O12) -> 0.27447917 | Z12: =SUMIF(헤몬팜일일!$C$1:$C$40,$C12,헤몬팜일일!AG$1:AG$40) -> 58632.06 | AA12: =SUMIF(헤몬팜일일!$C$1:$C$40,$C12,헤몬팜일일!AH$1:AH$40) -> 6878.1183 | AB12: =SUMIF(헤몬팜일일!$C$1:$C$40,$C12,헤몬팜일일!AJ$1:AK$40) -> 83632.599 | AC12: =SUMIF(헤몬팜일일!$C$1:$C$40,$C12,헤몬팜일일!AK$1:AK$40) -> 73867.899 | AD12: =SUMIF(헤몬팜일일!$C$1:$C$40,$C12,헤몬팜일일!AK$1:AK$40) -> 73867.899 | AE12: =SUMIF(헤몬팜일일!$C$1:$C$40,$C12,헤몬팜일일!AL$1:AL$40) -> 130.68
C13: 컷소 배터리 1개 | D13: =AC13/O13 -> #REF! | E13: =AB13/O13 -> #REF! | F13: =(S13+U13)/O13 -> #DIV/0! | G13: =H13/AG13 -> #DIV/0! | H13: =SUMIF(헤몬팜일일!$C$1:$C$40,$C13,헤몬팜일일!O$1:O$40) -> 0 | I13: =H13/7 -> 0 | J13: =SUMIF(헤몬팜일일!$C$1:$C$40,$C13,헤몬팜일일!P$1:P$40) -> 0 | K13: =SUMIF(헤몬팜일일!$C$1:$C$40,$C13,헤몬팜일일!Q$1:Q$40) -> 1 | L13: =SUMIF(헤몬팜일일!$C$1:$C$40,$C13,헤몬팜일일!S$1:S$40) -> 0 | M13: =SUMIF(헤몬팜일일!$C$1:$C$40,$C13,헤몬팜일일!T$1:T$40) -> 0 | N13: =SUMIF(헤몬팜일일!$C$1:$C$40,$C13,헤몬팜일일!U$1:U$40) -> 0 | O13: =SUMIF(헤몬팜일일!$C$1:$C$40,$C13,헤몬팜일일!V$1:V$40) -> 0 | P13: =O13/J13 -> #DIV/0! | Q13: =SUMIF(헤몬팜일일!$C$1:$C$40,$C13,헤몬팜일일!X$1:X$40) -> 24339.865 | R13: =SUMIF(헤몬팜일일!$C$1:$C$40,$C13,헤몬팜일일!Y$1:Y$40) -> #REF! | S13: =SUMIF(헤몬팜일일!$C$1:$C$40,$C13,헤몬팜일일!Z$1:Z$40) -> 69991.9 | T13: =SUMIF(헤몬팜일일!$C$1:$C$40,$C13,헤몬팜일일!AA$1:AA$40) -> 63629 | U13: =SUMIF(헤몬팜일일!$C$1:$C$40,$C13,헤몬팜일일!AB$1:AB$40) -> 0 | V13: =SUMIF(헤몬팜일일!$C$1:$C$40,$C13,헤몬팜일일!AC$1:AC$40) -> 2310 | W13: 0.1 | X13: =SUMIF(헤몬팜일일!$C$1:$C$40,$C13,헤몬팜일일!AE$1:AE$40) -> 0 | Y13: =W13+(X13/O13) -> #DIV/0! | Z13: =SUMIF(헤몬팜일일!$C$1:$C$40,$C13,헤몬팜일일!AG$1:AG$40) -> 0 | AA13: =SUMIF(헤몬팜일일!$C$1:$C$40,$C13,헤몬팜일일!AH$1:AH$40) -> #REF! | AB13: =SUMIF(헤몬팜일일!$C$1:$C$40,$C13,헤몬팜일일!AJ$1:AK$40) -> #REF! | AC13: =SUMIF(헤몬팜일일!$C$1:$C$40,$C13,헤몬팜일일!AK$1:AK$40) -> #REF! | AD13: =SUMIF(헤몬팜일일!$C$1:$C$40,$C13,헤몬팜일일!AK$1:AK$40) -> #REF! | AE13: =SUMIF(헤몬팜일일!$C$1:$C$40,$C13,헤몬팜일일!AL$1:AL$40) -> 362.88
C14: 컷소 배터리 2개 | D14: =AC14/O14 -> #REF! | E14: =AB14/O14 -> #REF! | F14: =(S14+U14)/O14 -> 0.21803949 | G14: =H14/AG14 -> #DIV/0! | H14: =SUMIF(헤몬팜일일!$C$1:$C$40,$C14,헤몬팜일일!O$1:O$40) -> 6 | I14: =H14/7 -> 0.85714286 | J14: =SUMIF(헤몬팜일일!$C$1:$C$40,$C14,헤몬팜일일!P$1:P$40) -> 6 | K14: =SUMIF(헤몬팜일일!$C$1:$C$40,$C14,헤몬팜일일!Q$1:Q$40) -> 2 | L14: =SUMIF(헤몬팜일일!$C$1:$C$40,$C14,헤몬팜일일!S$1:S$40) -> 0 | M14: =SUMIF(헤몬팜일일!$C$1:$C$40,$C14,헤몬팜일일!T$1:T$40) -> 379290 | N14: =SUMIF(헤몬팜일일!$C$1:$C$40,$C14,헤몬팜일일!U$1:U$40) -> 0 | O14: =SUMIF(헤몬팜일일!$C$1:$C$40,$C14,헤몬팜일일!V$1:V$40) -> 379290 | P14: =O14/J14 -> 63215 | Q14: =SUMIF(헤몬팜일일!$C$1:$C$40,$C14,헤몬팜일일!X$1:X$40) -> 24339.865 | R14: =SUMIF(헤몬팜일일!$C$1:$C$40,$C14,헤몬팜일일!Y$1:Y$40) -> #REF! | S14: =SUMIF(헤몬팜일일!$C$1:$C$40,$C14,헤몬팜일일!Z$1:Z$40) -> 82700.2 | T14: =SUMIF(헤몬팜일일!$C$1:$C$40,$C14,헤몬팜일일!AA$1:AA$40) -> 75182 | U14: =SUMIF(헤몬팜일일!$C$1:$C$40,$C14,헤몬팜일일!AB$1:AB$40) -> 0 | V14: =SUMIF(헤몬팜일일!$C$1:$C$40,$C14,헤몬팜일일!AC$1:AC$40) -> 4620 | W14: 0.1 | X14: =SUMIF(헤몬팜일일!$C$1:$C$40,$C14,헤몬팜일일!AE$1:AE$40) -> 28950 | Y14: =W14+(X14/O14) -> 0.17632682 | Z14: =SUMIF(헤몬팜일일!$C$1:$C$40,$C14,헤몬팜일일!AG$1:AG$40) -> 58534.68 | AA14: =SUMIF(헤몬팜일일!$C$1:$C$40,$C14,헤몬팜일일!AH$1:AH$40) -> #REF! | AB14: =SUMIF(헤몬팜일일!$C$1:$C$40,$C14,헤몬팜일일!AJ$1:AK$40) -> #REF! | AC14: =SUMIF(헤몬팜일일!$C$1:$C$40,$C14,헤몬팜일일!AK$1:AK$40) -> #REF! | AD14: =SUMIF(헤몬팜일일!$C$1:$C$40,$C14,헤몬팜일일!AK$1:AK$40) -> #REF! | AE14: =SUMIF(헤몬팜일일!$C$1:$C$40,$C14,헤몬팜일일!AL$1:AL$40) -> 362.88
... C19: 강아지바리깡 2개 | D19: =AC19/O19 -> 2.204507 | E19: =AB19/O19 -> 0.4135393 | F19: =(S19+U19)/O19 -> -1.7909677 | G19: =H19/AG19 -> #DIV/0! | H19: =SUMIF(헤몬팜일일!$C$1:$C$40,$C19,헤몬팜일일!O$1:O$40) -> -1 | I19: =H19/7 -> -0.14285714 | J19: =SUMIF(헤몬팜일일!$C$1:$C$40,$C19,헤몬팜일일!P$1:P$40) -> -1 | K19: =SUMIF(헤몬팜일일!$C$1:$C$40,$C19,헤몬팜일일!Q$1:Q$40) -> 1 | L19: =SUMIF(헤몬팜일일!$C$1:$C$40,$C19,헤몬팜일일!S$1:S$40) -> 0 | M19: =SUMIF(헤몬팜일일!$C$1:$C$40,$C19,헤몬팜일일!T$1:T$40) -> -39890 | N19: =SUMIF(헤몬팜일일!$C$1:$C$40,$C19,헤몬팜일일!U$1:U$40) -> 0 | O19: =SUMIF(헤몬팜일일!$C$1:$C$40,$C19,헤몬팜일일!V$1:V$40) -> -39890 | P19: =O19/J19 -> 39890 | Q19: =SUMIF(헤몬팜일일!$C$1:$C$40,$C19,헤몬팜일일!X$1:X$40) -> 27437.666 | R19: =SUMIF(헤몬팜일일!$C$1:$C$40,$C19,헤몬팜일일!Y$1:Y$40) -> -14113.035 | S19: =SUMIF(헤몬팜일일!$C$1:$C$40,$C19,헤몬팜일일!Z$1:Z$40) -> 71441.7 | T19: =SUMIF(헤몬팜일일!$C$1:$C$40,$C19,헤몬팜일일!AA$1:AA$40) -> 64947 | U19: =SUMIF(헤몬팜일일!$C$1:$C$40,$C19,헤몬팜일일!AB$1:AB$40) -> 0 | V19: =SUMIF(헤몬팜일일!$C$1:$C$40,$C19,헤몬팜일일!AC$1:AC$40) -> 2310 | W19: 0.1 | X19: =SUMIF(헤몬팜일일!$C$1:$C$40,$C19,헤몬팜일일!AE$1:AE$40) -> -3550 | Y19: =W19+(X19/O19) -> 0.18899474 | Z19: =SUMIF(헤몬팜일일!$C$1:$C$40,$C19,헤몬팜일일!AG$1:AG$40) -> -7858.09 | AA19: =SUMIF(헤몬팜일일!$C$1:$C$40,$C19,헤몬팜일일!AH$1:AH$40) -> -1422.7928 | AB19: =SUMIF(헤몬팜일일!$C$1:$C$40,$C19,헤몬팜일일!AJ$1:AK$40) -> -16496.083 | AC19: =SUMIF(헤몬팜일일!$C$1:$C$40,$C19,헤몬팜일일!AK$1:AK$40) -> -87937.783 | AD19: =SUMIF(헤몬팜일일!$C$1:$C$40,$C19,헤몬팜일일!AK$1:AK$40) -> -87937.783 | AE19: =SUMIF(헤몬팜일일!$C$1:$C$40,$C19,헤몬팜일일!AL$1:AL$40) -> 129.168
D20: =AC20/P20 -> #REF! | E20: =AB20/P20 -> #REF! | F20: =T20/P20 -> #DIV/0! | H20: =SUM(H3:H19) -> 456 | I20: =SUM(I3:I19) -> 65.142857 | J20: =SUM(J3:J19) -> 436 | K20: =SUM(K3:K19) -> 53 | L20: =SUM(L3:L19) -> 20 | M20: =SUM(M3:M19) -> 13138690 | N20: =SUM(N3:N19) -> 379100 | O20: 12759590 | Q20: =SUM(Q3:Q19) -> 307169.1 | R20: =SUM(R3:R19) -> #REF! | S20: =SUM(S3:S19) -> 3230157.7 | T20: =SUM(T3:T19) -> 2936507 | U20: =SUM(U3:U19) -> 224486.5 | V20: =SUM(V3:V19) -> 118704 | W20: 0.09 | X20: =SUM(X3:X19) -> 1361500 | Z20: =SUM(Z3:Z19) -> 2613808.9 | AA20: =SUM(AA3:AA19) -> #REF! | AB20: =SUM(AB3:AB19) -> #REF! | AC20: =SUM(AC3:AC19) -> #REF!
X21: 552344 | Y21: 926423 | Z21: =X21+Y21 -> 1478767
C22: 9/29~10/5 | D22: 이윤율 | E22: 마진율 | F22: 광고비율 | G22: 전환율 | H22: 판매수 | I22: 일판매 | J22: 순판매개수 | K22: 취소개수 | L22: 가구매 | M22: 매출 | N22: 가구매금액 | O22: 순매출 | P22: 판매가 | Q22: 입고가 | R22: 입고판매가 | S22: 광고비1.1 | T22: 광고비 | U22: 가구매비용 | V22: 반품회수비 | W22: 수수료 | X22: 택배비 | Y22: 판매수수료 | Z22: 수수료 | AA22: 부가세 | AB22: 판매마진 | AC22: 순이익 | AD22: 노출수 | AE22: 클릭수
C23: 쉐이버 | D23: =AC23/O23 -> 0.1684566 | E23: =AB23/O23 -> 0.42290675 | F23: =(S23+U23)/O23 -> 0.25445014 | G23: =H23/AG23 -> #DIV/0! | H23: =SUMIF(헤몬팜일일!$C$1:$C$140,$C23,헤몬팜일일!O$1:O$140) -> 1012 | I23: =H23/7 -> 144.57143 | J23: =SUMIF(헤몬팜일일!$C$1:$C$140,$C23,헤몬팜일일!P$1:P$140) -> 1012 | K23: =SUMIF(헤몬팜일일!$C$1:$C$140,$C23,헤몬팜일일!Q$1:Q$140) -> 85 | L23: =SUMIF(헤몬팜일일!$C$1:$C$140,$C23,헤몬팜일일!S$1:S$140) -> 0 | M23: =SUMIF(헤몬팜일일!$C$1:$C$140,$C23,헤몬팜일일!T$1:T$140) -> 28249000 | N23: =SUMIF(헤몬팜일일!$C$1:$C$140,$C23,헤몬팜일일!U$1:U$140) -> 0 | O23: =SUMIF(헤몬팜일일!$C$1:$C$140,$C23,헤몬팜일일!V$1:V$140) -> 28249000 | P23: =O23/J23 -> 27914.032 | Q23: =R23/J23 -> 9245.0616 | R23: =SUMIF(헤몬팜일일!$C$1:$C$140,$C23,헤몬팜일일!Y$1:Y$140) -> 9356002.3 | S23: =SUMIF(헤몬팜일일!$C$1:$C$140,$C23,헤몬팜일일!Z$1:Z$140) -> 7187962.1 | T23: =SUMIF(헤몬팜일일!$C$1:$C$140,$C23,헤몬팜일일!AA$1:AA$140) -> 6534511 | U23: =SUMIF(헤몬팜일일!$C$1:$C$140,$C23,헤몬팜일일!AB$1:AB$140) -> 0 | V23: =SUMIF(헤몬팜일일!$C$1:$C$140,$C23,헤몬팜일일!AC$1:AC$140) -> 184620 | W23: 0.1 | X23: =SUMIF(헤몬팜일일!$C$1:$C$140,$C23,헤몬팜일일!AE$1:AE$140) -> 3086600 | Y23: =W23+(X23/O23) -> 0.20926404 | Z23: =SUMIF(헤몬팜일일!$C$1:$C$140,$C23,헤몬팜일일!AG$1:AG$140) -> 5911500.2 | AA23: =SUMIF(헤몬팜일일!$C$1:$C$140,$C23,헤몬팜일일!AH$1:AH$140) -> 1034804.8 | AB23: =SUMIF(헤몬팜일일!$C$1:$C$140,$C23,헤몬팜일일!AJ$1:AJ$140) -> 11946693 | AC23: =SUMIF(헤몬팜일일!$C$1:$C$140,$C23,헤몬팜일일!AK$1:AK$140) -> 4758730.6 | AD23: =SUMIF(헤몬팜일일!$C$1:$C$140,$C23,헤몬팜일일!AK$1:AK$140) -> 4758730.6 | AE23: =SUMIF(헤몬팜일일!$C$1:$C$140,$C23,헤몬팜일일!AL$1:AL$140) -> 452.088
C24: 일자면도기 | D24: =AC24/O24 -> 0.12485845 | E24: =AB24/O24 -> 0.40985052 | F24: =(S24+U24)/O24 -> 0.28499207 | G24: =H24/AG24 -> #DIV/0! | H24: =SUMIF(헤몬팜일일!$C$1:$C$140,$C24,헤몬팜일일!O$1:O$140) -> 5 | I24: =H24/7 -> 0.71428571 | J24: =SUMIF(헤몬팜일일!$C$1:$C$140,$C24,헤몬팜일일!P$1:P$140) -> 5 | K24: =SUMIF(헤몬팜일일!$C$1:$C$140,$C24,헤몬팜일일!Q$1:Q$140) -> 0 | L24: =SUMIF(헤몬팜일일!$C$1:$C$140,$C24,헤몬팜일일!S$1:S$140) -> 0 | M24: =SUMIF(헤몬팜일일!$C$1:$C$140,$C24,헤몬팜일일!T$1:T$140) -> 113500 | N24: =SUMIF(헤몬팜일일!$C$1:$C$140,$C24,헤몬팜일일!U$1:U$140) -> 0 | O24: =SUMIF(헤몬팜일일!$C$1:$C$140,$C24,헤몬팜일일!V$1:V$140) -> 113500 | P24: =O24/J24 -> 22700 | Q24: =R24/J24 -> 7377.328 | R24: =SUMIF(헤몬팜일일!$C$1:$C$140,$C24,헤몬팜일일!Y$1:Y$140) -> 36886.64 | S24: =SUMIF(헤몬팜일일!$C$1:$C$140,$C24,헤몬팜일일!Z$1:Z$140) -> 32346.6 | T24: =SUMIF(헤몬팜일일!$C$1:$C$140,$C24,헤몬팜일일!AA$1:AA$140) -> 29406 | U24: =SUMIF(헤몬팜일일!$C$1:$C$140,$C24,헤몬팜일일!AB$1:AB$140) -> 0 | V24: =SUMIF(헤몬팜일일!$C$1:$C$140,$C24,헤몬팜일일!AC$1:AC$140) -> 0 | W24: 0.1 | X24: =SUMIF(헤몬팜일일!$C$1:$C$140,$C24,헤몬팜일일!AE$1:AE$140) -> 14750 | Y24: =W24+(X24/O24) -> 0.22995595 | Z24: =SUMIF(헤몬팜일일!$C$1:$C$140,$C24,헤몬팜일일!AG$1:AG$140) -> 26100.12 | AA24: =SUMIF(헤몬팜일일!$C$1:$C$140,$C24,헤몬팜일일!AH$1:AH$140) -> 3995.2058 | AB24: =SUMIF(헤몬팜일일!$C$1:$C$140,$C24,헤몬팜일일!AJ$1:AJ$140) -> 46518.034 | AC24: =SUMIF(헤몬팜일일!$C$1:$C$140,$C24,헤몬팜일일!AK$1:AK$140) -> 14171.434 | AD24: =SUMIF(헤몬팜일일!$C$1:$C$140,$C24,헤몬팜일일!AK$1:AK$140) -> 14171.434 | AE24: =SUMIF(헤몬팜일일!$C$1:$C$140,$C24,헤몬팜일일!AL$1:AL$140) -> 340.2
C25: 프라임 1개 | D25: =AC25/O25 -> #REF! | E25: =AB25/O25 -> #REF! | F25: =(S25+U25)/O25 -> 0.36720573 | G25: =H25/AG25 -> #DIV/0! | H25: =SUMIF(헤몬팜일일!$C$1:$C$140,$C25,헤몬팜일일!O$1:O$140) -> 9 | I25: =H25/7 -> 1.2857143 | J25: =SUMIF(헤몬팜일일!$C$1:$C$140,$C25,헤몬팜일일!P$1:P$140) -> 9 | K25: =SUMIF(헤몬팜일일!$C$1:$C$140,$C25,헤몬팜일일!Q$1:Q$140) -> 1 | L25: =SUMIF(헤몬팜일일!$C$1:$C$140,$C25,헤몬팜일일!S$1:S$140) -> 0 | M25: =SUMIF(헤몬팜일일!$C$1:$C$140,$C25,헤몬팜일일!T$1:T$140) -> 412200 | N25: =SUMIF(헤몬팜일일!$C$1:$C$140,$C25,헤몬팜일일!U$1:U$140) -> 0 | O25: =SUMIF(헤몬팜일일!$C$1:$C$140,$C25,헤몬팜일일!V$1:V$140) -> 412200 | P25: =O25/J25 -> 45800 | Q25: =R25/J25 -> #REF! | R25: =SUMIF(헤몬팜일일!$C$1:$C$140,$C25,헤몬팜일일!Y$1:Y$140) -> #REF! | S25: =SUMIF(헤몬팜일일!$C$1:$C$140,$C25,헤몬팜일일!Z$1:Z$140) -> 151362.2 | T25: =SUMIF(헤몬팜일일!$C$1:$C$140,$C25,헤몬팜일일!AA$1:AA$140) -> 137602 | U25: =SUMIF(헤몬팜일일!$C$1:$C$140,$C25,헤몬팜일일!AB$1:AB$140) -> 0 | V25: =SUMIF(헤몬팜일일!$C$1:$C$140,$C25,헤몬팜일일!AC$1:AC$140) -> 2310 | W25: 0.1 | X25: =SUMIF(헤몬팜일일!$C$1:$C$140,$C25,헤몬팜일일!AE$1:AE$140) -> 37350 | Y25: =W25+(X25/O25) -> 0.19061135 | Z25: =SUMIF(헤몬팜일일!$C$1:$C$140,$C25,헤몬팜일일!AG$1:AG$140) -> 82692.18 | AA25: =SUMIF(헤몬팜일일!$C$1:$C$140,$C25,헤몬팜일일!AH$1:AH$140) -> #REF! | AB25: =SUMIF(헤몬팜일일!$C$1:$C$140,$C25,헤몬팜일일!AJ$1:AJ$140) -> #REF! | AC25: =SUMIF(헤몬팜일일!$C$1:$C$140,$C25,헤몬팜일일!AK$1:AK$140) -> #REF! | AD25: =SUMIF(헤몬팜일일!$C$1:$C$140,$C25,헤몬팜일일!AK$1:AK$140) -> #REF! | AE25: =SUMIF(헤몬팜일일!$C$1:$C$140,$C25,헤몬팜일일!AL$1:AL$140) -> 1134
C26: 프라임 2개 | D26: =AC26/O26 -> #REF! | E26: =AB26/O26 -> #REF! | F26: =(S26+U26)/O26 -> 0.41999038 | G26: =H26/AG26 -> #DIV/0! | H26: =SUMIF(헤몬팜일일!$C$1:$C$140,$C26,헤몬팜일일!O$1:O$140) -> 22 | I26: =H26/7 -> 3.1428571 | J26: =SUMIF(헤몬팜일일!$C$1:$C$140,$C26,헤몬팜일일!P$1:P$140) -> 22 | K26: =SUMIF(헤몬팜일일!$C$1:$C$140,$C26,헤몬팜일일!Q$1:Q$140) -> 8 | L26: =SUMIF(헤몬팜일일!$C$1:$C$140,$C26,헤몬팜일일!S$1:S$140) -> 0 | M26: =SUMIF(헤몬팜일일!$C$1:$C$140,$C26,헤몬팜일일!T$1:T$140) -> 1029600 | N26: =SUMIF(헤몬팜일일!$C$1:$C$140,$C26,헤몬팜일일!U$1:U$140) -> 0 | O26: =SUMIF(헤몬팜일일!$C$1:$C$140,$C26,헤몬팜일일!V$1:V$140) -> 1029600 | P26: =O26/J26 -> 46800 | Q26: =R26/J26 -> #REF! | R26: =SUMIF(헤몬팜일일!$C$1:$C$140,$C26,헤몬팜일일!Y$1:Y$140) -> #REF! | S26: =SUMIF(헤몬팜일일!$C$1:$C$140,$C26,헤몬팜일일!Z$1:Z$140) -> 432422.1 | T26: =SUMIF(헤몬팜일일!$C$1:$C$140,$C26,헤몬팜일일!AA$1:AA$140) -> 393111 | U26: =SUMIF(헤몬팜일일!$C$1:$C$140,$C26,헤몬팜일일!AB$1:AB$140) -> 0 | V26: =SUMIF(헤몬팜일일!$C$1:$C$140,$C26,헤몬팜일일!AC$1:AC$140) -> 18480 | W26: 0.1 | X26: =SUMIF(헤몬팜일일!$C$1:$C$140,$C26,헤몬팜일일!AE$1:AE$140) -> 91300 | Y26: =W26+(X26/O26) -> 0.18867521 | Z26: =SUMIF(헤몬팜일일!$C$1:$C$140,$C26,헤몬팜일일!AG$1:AG$140) -> 204556.18 | AA26: =SUMIF(헤몬팜일일!$C$1:$C$140,$C26,헤몬팜일일!AH$1:AH$140) -> #REF! | AB26: =SUMIF(헤몬팜일일!$C$1:$C$140,$C26,헤몬팜일일!AJ$1:AJ$140) -> #REF! | AC26: =SUMIF(헤몬팜일일!$C$1:$C$140,$C26,헤몬팜일일!AK$1:AK$140) -> #REF! | AD26: =SUMIF(헤몬팜일일!$C$1:$C$140,$C26,헤몬팜일일!AK$1:AK$140) -> #REF! | AE26: =SUMIF(헤몬팜일일!$C$1:$C$140,$C26,헤몬팜일일!AL$1:AL$140) -> 1134
C27: 다밴다 1개 | D27: =AC27/O27 -> #REF! | E27: =AB27/O27 -> #REF! | F27: =(S27+U27)/O27 -> 0.42336204 | G27: =H27/AG27 -> #DIV/0! | H27: =SUMIF(헤몬팜일일!$C$1:$C$140,$C27,헤몬팜일일!O$1:O$140) -> 6 | I27: =H27/7 -> 0.85714286 | J27: =SUMIF(헤몬팜일일!$C$1:$C$140,$C27,헤몬팜일일!P$1:P$140) -> 6 | K27: =SUMIF(헤몬팜일일!$C$1:$C$140,$C27,헤몬팜일일!Q$1:Q$140) -> 1 | L27: =SUMIF(헤몬팜일일!$C$1:$C$140,$C27,헤몬팜일일!S$1:S$140) -> 0 | M27: =SUMIF(헤몬팜일일!$C$1:$C$140,$C27,헤몬팜일일!T$1:T$140) -> 358800 | N27: =SUMIF(헤몬팜일일!$C$1:$C$140,$C27,헤몬팜일일!U$1:U$140) -> 0 | O27: =SUMIF(헤몬팜일일!$C$1:$C$140,$C27,헤몬팜일일!V$1:V$140) -> 358800 | P27: =O27/J27 -> 59800 | Q27: =R27/J27 -> #REF! | R27: =SUMIF(헤몬팜일일!$C$1:$C$140,$C27,헤몬팜일일!Y$1:Y$140) -> #REF! | S27: =SUMIF(헤몬팜일일!$C$1:$C$140,$C27,헤몬팜일일!Z$1:Z$140) -> 151902.3 | T27: =SUMIF(헤몬팜일일!$C$1:$C$140,$C27,헤몬팜일일!AA$1:AA$140) -> 138093 | U27: =SUMIF(헤몬팜일일!$C$1:$C$140,$C27,헤몬팜일일!AB$1:AB$140) -> 0 | V27: =SUMIF(헤몬팜일일!$C$1:$C$140,$C27,헤몬팜일일!AC$1:AC$140) -> 2310 | W27: 0.1 | X27: =SUMIF(헤몬팜일일!$C$1:$C$140,$C27,헤몬팜일일!AE$1:AE$140) -> 28950 | Y27: =W27+(X27/O27) -> 0.18068562 | Z27: =SUMIF(헤몬팜일일!$C$1:$C$140,$C27,헤몬팜일일!AG$1:AG$140) -> 67700.49 | AA27: =SUMIF(헤몬팜일일!$C$1:$C$140,$C27,헤몬팜일일!AH$1:AH$140) -> #REF! | AB27: =SUMIF(헤몬팜일일!$C$1:$C$140,$C27,헤몬팜일일!AJ$1:AJ$140) -> #REF! | AC27: =SUMIF(헤몬팜일일!$C$1:$C$140,$C27,헤몬팜일일!AK$1:AK$140) -> #REF! | AD27: =SUMIF(헤몬팜일일!$C$1:$C$140,$C27,헤몬팜일일!AK$1:AK$140) -> #REF! | AE27: =SUMIF(헤몬팜일일!$C$1:$C$140,$C27,헤몬팜일일!AL$1:AL$140) -> 2600.64
C28: 다벤다 2개 | D28: =AC28/O28 -> #REF! | E28: =AB28/O28 -> #REF! | F28: =(S28+U28)/O28 -> 0.3514595 | G28: =H28/AG28 -> #DIV/0! | H28: =SUMIF(헤몬팜일일!$C$1:$C$140,$C28,헤몬팜일일!O$1:O$140) -> 16 | I28: =H28/7 -> 2.2857143 | J28: =SUMIF(헤몬팜일일!$C$1:$C$140,$C28,헤몬팜일일!P$1:P$140) -> 16 | K28: =SUMIF(헤몬팜일일!$C$1:$C$140,$C28,헤몬팜일일!Q$1:Q$140) -> 4 | L28: =SUMIF(헤몬팜일일!$C$1:$C$140,$C28,헤몬팜일일!S$1:S$140) -> 0 | M28: =SUMIF(헤몬팜일일!$C$1:$C$140,$C28,헤몬팜일일!T$1:T$140) -> 1116480 | N28: =SUMIF(헤몬팜일일!$C$1:$C$140,$C28,헤몬팜일일!U$1:U$140) -> 0 | O28: =SUMIF(헤몬팜일일!$C$1:$C$140,$C28,헤몬팜일일!V$1:V$140) -> 1116480 | P28: =O28/J28 -> 69780 | Q28: =R28/J28 -> #REF! | R28: =SUMIF(헤몬팜일일!$C$1:$C$140,$C28,헤몬팜일일!Y$1:Y$140) -> #REF! | S28: =SUMIF(헤몬팜일일!$C$1:$C$140,$C28,헤몬팜일일!Z$1:Z$140) -> 392397.5 | T28: =SUMIF(헤몬팜일일!$C$1:$C$140,$C28,헤몬팜일일!AA$1:AA$140) -> 356725 | U28: =SUMIF(헤몬팜일일!$C$1:$C$140,$C28,헤몬팜일일!AB$1:AB$140) -> 0 | V28: =SUMIF(헤몬팜일일!$C$1:$C$140,$C28,헤몬팜일일!AC$1:AC$140) -> 9240 | W28: 0.1 | X28: =SUMIF(헤몬팜일일!$C$1:$C$140,$C28,헤몬팜일일!AE$1:AE$140) -> 77200 | Y28: =W28+(X28/O28) -> 0.16914589 | Z28: =SUMIF(헤몬팜일일!$C$1:$C$140,$C28,헤몬팜일일!AG$1:AG$140) -> 197780.02 | AA28: =SUMIF(헤몬팜일일!$C$1:$C$140,$C28,헤몬팜일일!AH$1:AH$140) -> #REF! | AB28: =SUMIF(헤몬팜일일!$C$1:$C$140,$C28,헤몬팜일일!AJ$1:AJ$140) -> #REF! | AC28: =SUMIF(헤몬팜일일!$C$1:$C$140,$C28,헤몬팜일일!AK$1:AK$140) -> #REF! | AD28: =SUMIF(헤몬팜일일!$C$1:$C$140,$C28,헤몬팜일일!AK$1:AK$140) -> #REF! | AE28: =SUMIF(헤몬팜일일!$C$1:$C$140,$C28,헤몬팜일일!AL$1:AL$140) -> 2600.64
C29: 시거잭 | D29: =AC29/O29 -> -0.43335976 | E29: =AB29/O29 -> 0.39776706 | F29: =(S29+U29)/O29 -> 0.83112682 | G29: =H29/AG29 -> #DIV/0! | H29: =SUMIF(헤몬팜일일!$C$1:$C$140,$C29,헤몬팜일일!O$1:O$140) -> 91 | I29: =H29/7 -> 13 | J29: =SUMIF(헤몬팜일일!$C$1:$C$140,$C29,헤몬팜일일!P$1:P$140) -> 56 | K29: =SUMIF(헤몬팜일일!$C$1:$C$140,$C29,헤몬팜일일!Q$1:Q$140) -> 6 | L29: =SUMIF(헤몬팜일일!$C$1:$C$140,$C29,헤몬팜일일!S$1:S$140) -> 35 | M29: =SUMIF(헤몬팜일일!$C$1:$C$140,$C29,헤몬팜일일!T$1:T$140) -> 1490060 | N29: =SUMIF(헤몬팜일일!$C$1:$C$140,$C29,헤몬팜일일!U$1:U$140) -> 573100 | O29: =SUMIF(헤몬팜일일!$C$1:$C$140,$C29,헤몬팜일일!V$1:V$140) -> 916960 | P29: =O29/J29 -> 16374.286 | Q29: =R29/J29 -> 5126.3245 | R29: =SUMIF(헤몬팜일일!$C$1:$C$140,$C29,헤몬팜일일!Y$1:Y$140) -> 287074.17 | S29: =SUMIF(헤몬팜일일!$C$1:$C$140,$C29,헤몬팜일일!Z$1:Z$140) -> 416749.3 | T29: =SUMIF(헤몬팜일일!$C$1:$C$140,$C29,헤몬팜일일!AA$1:AA$140) -> 378863 | U29: =SUMIF(헤몬팜일일!$C$1:$C$140,$C29,헤몬팜일일!AB$1:AB$140) -> 345360.75 | V29: =SUMIF(헤몬팜일일!$C$1:$C$140,$C29,헤몬팜일일!AC$1:AC$140) -> 13860 | W29: 0.1 | X29: =SUMIF(헤몬팜일일!$C$1:$C$140,$C29,헤몬팜일일!AE$1:AE$140) -> 162400 | Y29: =W29+(X29/O29) -> 0.27710696 | Z29: =SUMIF(헤몬팜일일!$C$1:$C$140,$C29,헤몬팜일일!AG$1:AG$140) -> 233923.09 | AA29: =SUMIF(헤몬팜일일!$C$1:$C$140,$C29,헤몬팜일일!AH$1:AH$140) -> 31226.254 | AB29: =SUMIF(헤몬팜일일!$C$1:$C$140,$C29,헤몬팜일일!AJ$1:AJ$140) -> 364736.48 | AC29: =SUMIF(헤몬팜일일!$C$1:$C$140,$C29,헤몬팜일일!AK$1:AK$140) -> -397373.57 | AD29: =SUMIF(헤몬팜일일!$C$1:$C$140,$C29,헤몬팜일일!AK$1:AK$140) -> -397373.57 | AE29: =SUMIF(헤몬팜일일!$C$1:$C$140,$C29,헤몬팜일일!AL$1:AL$140) -> 42.525
C30: 뉴 고압세척기 배터리 1개 | D30: =AC30/O30 -> #REF! | E30: =AB30/O30 -> #REF! | F30: =(S30+U30)/O30 -> 0.25633333 | G30: =H30/AG30 -> #DIV/0! | H30: =SUMIF(헤몬팜일일!$C$1:$C$140,$C30,헤몬팜일일!O$1:O$140) -> 33 | I30: =H30/7 -> 4.7142857 | J30: =SUMIF(헤몬팜일일!$C$1:$C$140,$C30,헤몬팜일일!P$1:P$140) -> 33 | K30: =SUMIF(헤몬팜일일!$C$1:$C$140,$C30,헤몬팜일일!Q$1:Q$140) -> 3 | L30: =SUMIF(헤몬팜일일!$C$1:$C$140,$C30,헤몬팜일일!S$1:S$140) -> 0 | M30: =SUMIF(헤몬팜일일!$C$1:$C$140,$C30,헤몬팜일일!T$1:T$140) -> 1313400 | N30: =SUMIF(헤몬팜일일!$C$1:$C$140,$C30,헤몬팜일일!U$1:U$140) -> 0 | O30: =SUMIF(헤몬팜일일!$C$1:$C$140,$C30,헤몬팜일일!V$1:V$140) -> 1313400 | P30: =O30/J30 -> 39800 | Q30: =R30/J30 -> #REF! | R30: =SUMIF(헤몬팜일일!$C$1:$C$140,$C30,헤몬팜일일!Y$1:Y$140) -> #REF! | S30: =SUMIF(헤몬팜일일!$C$1:$C$140,$C30,헤몬팜일일!Z$1:Z$140) -> 336668.2 | T30: =SUMIF(헤몬팜일일!$C$1:$C$140,$C30,헤몬팜일일!AA$1:AA$140) -> 306062 | U30: =SUMIF(헤몬팜일일!$C$1:$C$140,$C30,헤몬팜일일!AB$1:AB$140) -> 0 | V30: =SUMIF(헤몬팜일일!$C$1:$C$140,$C30,헤몬팜일일!AC$1:AC$140) -> 6930 | W30: 0.1 | X30: =SUMIF(헤몬팜일일!$C$1:$C$140,$C30,헤몬팜일일!AE$1:AE$140) -> 136950 | Y30: =W30+(X30/O30) -> 0.20427136 | Z30: =SUMIF(헤몬팜일일!$C$1:$C$140,$C30,헤몬팜일일!AG$1:AG$140) -> 242022.21 | AA30: =SUMIF(헤몬팜일일!$C$1:$C$140,$C30,헤몬팜일일!AH$1:AH$140) -> #REF! | AB30: =SUMIF(헤몬팜일일!$C$1:$C$140,$C30,헤몬팜일일!AJ$1:AJ$140) -> #REF! | AC30: =SUMIF(헤몬팜일일!$C$1:$C$140,$C30,헤몬팜일일!AK$1:AK$140) -> #REF! | AD30: =SUMIF(헤몬팜일일!$C$1:$C$140,$C30,헤몬팜일일!AK$1:AK$140) -> #REF! | AE30: =SUMIF(헤몬팜일일!$C$1:$C$140,$C30,헤몬팜일일!AL$1:AL$140) -> 1234.926
C31: 뉴 고압세척기 | D31: =AC31/O31 -> #REF! | E31: =AB31/O31 -> #REF! | F31: =(S31+U31)/O31 -> 0.33643956 | G31: =H31/AG31 -> #DIV/0! | H31: =SUMIF(헤몬팜일일!$C$1:$C$140,$C31,헤몬팜일일!O$1:O$140) -> 7 | I31: =H31/7 -> 1 | J31: =SUMIF(헤몬팜일일!$C$1:$C$140,$C31,헤몬팜일일!P$1:P$140) -> 7 | K31: =SUMIF(헤몬팜일일!$C$1:$C$140,$C31,헤몬팜일일!Q$1:Q$140) -> 2 | L31: =SUMIF(헤몬팜일일!$C$1:$C$140,$C31,헤몬팜일일!S$1:S$140) -> 0 | M31: =SUMIF(헤몬팜일일!$C$1:$C$140,$C31,헤몬팜일일!T$1:T$140) -> 300300 | N31: =SUMIF(헤몬팜일일!$C$1:$C$140,$C31,헤몬팜일일!U$1:U$140) -> 0 | O31: =SUMIF(헤몬팜일일!$C$1:$C$140,$C31,헤몬팜일일!V$1:V$140) -> 300300 | P31: =O31/J31 -> 42900 | Q31: =R31/J31 -> #REF! | R31: =SUMIF(헤몬팜일일!$C$1:$C$140,$C31,헤몬팜일일!Y$1:Y$140) -> #REF! | S31: =SUMIF(헤몬팜일일!$C$1:$C$140,$C31,헤몬팜일일!Z$1:Z$140) -> 101032.8 | T31: =SUMIF(헤몬팜일일!$C$1:$C$140,$C31,헤몬팜일일!AA$1:AA$140) -> 91848 | U31: =SUMIF(헤몬팜일일!$C$1:$C$140,$C31,헤몬팜일일!AB$1:AB$140) -> 0 | V31: =SUMIF(헤몬팜일일!$C$1:$C$140,$C31,헤몬팜일일!AC$1:AC$140) -> 4620 | W31: 0.1 | X31: =SUMIF(헤몬팜일일!$C$1:$C$140,$C31,헤몬팜일일!AE$1:AE$140) -> 13300 | Y31: =W31+(X31/O31) -> 0.14428904 | Z31: =SUMIF(헤몬팜일일!$C$1:$C$140,$C31,헤몬팜일일!AG$1:AG$140) -> 36723.49 | AA31: =SUMIF(헤몬팜일일!$C$1:$C$140,$C31,헤몬팜일일!AH$1:AH$140) -> #REF! | AB31: =SUMIF(헤몬팜일일!$C$1:$C$140,$C31,헤몬팜일일!AJ$1:AJ$140) -> #REF! | AC31: =SUMIF(헤몬팜일일!$C$1:$C$140,$C31,헤몬팜일일!AK$1:AK$140) -> #REF! | AD31: =SUMIF(헤몬팜일일!$C$1:$C$140,$C31,헤몬팜일일!AK$1:AK$140) -> #REF! | AE31: =SUMIF(헤몬팜일일!$C$1:$C$140,$C31,헤몬팜일일!AL$1:AL$140) -> 1234.926
C32: 모기지옥 | D32: =AC32/O32 -> 0.32140589 | E32: =AB32/O32 -> 0.36298878 | F32: =(S32+U32)/O32 -> 0.041582884 | G32: =H32/AG32 -> #DIV/0! | H32: =SUMIF(헤몬팜일일!$C$1:$C$140,$C32,헤몬팜일일!O$1:O$140) -> 58 | I32: =H32/7 -> 8.2857143 | J32: =SUMIF(헤몬팜일일!$C$1:$C$140,$C32,헤몬팜일일!P$1:P$140) -> 58 | K32: =SUMIF(헤몬팜일일!$C$1:$C$140,$C32,헤몬팜일일!Q$1:Q$140) -> 5 | L32: =SUMIF(헤몬팜일일!$C$1:$C$140,$C32,헤몬팜일일!S$1:S$140) -> 0 | M32: =SUMIF(헤몬팜일일!$C$1:$C$140,$C32,헤몬팜일일!T$1:T$140) -> 1113600 | N32: =SUMIF(헤몬팜일일!$C$1:$C$140,$C32,헤몬팜일일!U$1:U$140) -> 0 | O32: =SUMIF(헤몬팜일일!$C$1:$C$140,$C32,헤몬팜일일!V$1:V$140) -> 1113600 | P32: =O32/J32 -> 19200 | Q32: =R32/J32 -> 6771.4352 | R32: =SUMIF(헤몬팜일일!$C$1:$C$140,$C32,헤몬팜일일!Y$1:Y$140) -> 392743.24 | S32: =SUMIF(헤몬팜일일!$C$1:$C$140,$C32,헤몬팜일일!Z$1:Z$140) -> 46306.7 | T32: =SUMIF(헤몬팜일일!$C$1:$C$140,$C32,헤몬팜일일!AA$1:AA$140) -> 42097 | U32: =SUMIF(헤몬팜일일!$C$1:$C$140,$C32,헤몬팜일일!AB$1:AB$140) -> 0 | V32: =SUMIF(헤몬팜일일!$C$1:$C$140,$C32,헤몬팜일일!AC$1:AC$140) -> 11550 | W32: 0.1 | X32: =SUMIF(헤몬팜일일!$C$1:$C$140,$C32,헤몬팜일일!AE$1:AE$140) -> 194300 | Y32: =W32+(X32/O32) -> 0.27447917 | Z32: =SUMIF(헤몬팜일일!$C$1:$C$140,$C32,헤몬팜일일!AG$1:AG$140) -> 283388.21 | AA32: =SUMIF(헤몬팜일일!$C$1:$C$140,$C32,헤몬팜일일!AH$1:AH$140) -> 33244.246 | AB32: =SUMIF(헤몬팜일일!$C$1:$C$140,$C32,헤몬팜일일!AJ$1:AJ$140) -> 404224.3 | AC32: =SUMIF(헤몬팜일일!$C$1:$C$140,$C32,헤몬팜일일!AK$1:AK$140) -> 357917.6 | AD32: =SUMIF(헤몬팜일일!$C$1:$C$140,$C32,헤몬팜일일!AK$1:AK$140) -> 357917.6 | AE32: =SUMIF(헤몬팜일일!$C$1:$C$140,$C32,헤몬팜일일!AL$1:AL$140) -> 457.38
C33: 컷소 배터리 1개 | D33: =AC33/O33 -> #REF! | E33: =AB33/O33 -> #REF! | F33: =(S33+U33)/O33 -> 0.46436694 | G33: =H33/AG33 -> #DIV/0! | H33: =SUMIF(헤몬팜일일!$C$1:$C$140,$C33,헤몬팜일일!O$1:O$140) -> 12 | I33: =H33/7 -> 1.7142857 | J33: =SUMIF(헤몬팜일일!$C$1:$C$140,$C33,헤몬팜일일!P$1:P$140) -> 12 | K33: =SUMIF(헤몬팜일일!$C$1:$C$140,$C33,헤몬팜일일!Q$1:Q$140) -> 4 | L33: =SUMIF(헤몬팜일일!$C$1:$C$140,$C33,헤몬팜일일!S$1:S$140) -> 0 | M33: =SUMIF(헤몬팜일일!$C$1:$C$140,$C33,헤몬팜일일!T$1:T$140) -> 657600 | N33: =SUMIF(헤몬팜일일!$C$1:$C$140,$C33,헤몬팜일일!U$1:U$140) -> 0 | O33: =SUMIF(헤몬팜일일!$C$1:$C$140,$C33,헤몬팜일일!V$1:V$140) -> 657600 | P33: =O33/J33 -> 54800 | Q33: =R33/J33 -> #REF! | R33: =SUMIF(헤몬팜일일!$C$1:$C$140,$C33,헤몬팜일일!Y$1:Y$140) -> #REF! | S33: =SUMIF(헤몬팜일일!$C$1:$C$140,$C33,헤몬팜일일!Z$1:Z$140) -> 305367.7 | T33: =SUMIF(헤몬팜일일!$C$1:$C$140,$C33,헤몬팜일일!AA$1:AA$140) -> 277607 | U33: =SUMIF(헤몬팜일일!$C$1:$C$140,$C33,헤몬팜일일!AB$1:AB$140) -> 0 | V33: =SUMIF(헤몬팜일일!$C$1:$C$140,$C33,헤몬팜일일!AC$1:AC$140) -> 9240 | W33: 0.1 | X33: =SUMIF(헤몬팜일일!$C$1:$C$140,$C33,헤몬팜일일!AE$1:AE$140) -> 57900 | Y33: =W33+(X33/O33) -> 0.18804745 | Z33: =SUMIF(헤몬팜일일!$C$1:$C$140,$C33,헤몬팜일일!AG$1:AG$140) -> 109192.92 | AA33: =SUMIF(헤몬팜일일!$C$1:$C$140,$C33,헤몬팜일일!AH$1:AH$140) -> #REF! | AB33: =SUMIF(헤몬팜일일!$C$1:$C$140,$C33,헤몬팜일일!AJ$1:AJ$140) -> #REF! | AC33: =SUMIF(헤몬팜일일!$C$1:$C$140,$C33,헤몬팜일일!AK$1:AK$140) -> #REF! | AD33: =SUMIF(헤몬팜일일!$C$1:$C$140,$C33,헤몬팜일일!AK$1:AK$140) -> #REF! | AE33: =SUMIF(헤몬팜일일!$C$1:$C$140,$C33,헤몬팜일일!AL$1:AL$140) -> 1270.08
C34: 컷소 배터리 2개 | D34: =AC34/O34 -> #REF! | E34: =AB34/O34 -> #REF! | F34: =(S34+U34)/O34 -> 0.20648078 | G34: =H34/AG34 -> #DIV/0! | H34: =SUMIF(헤몬팜일일!$C$1:$C$140,$C34,헤몬팜일일!O$1:O$140) -> 28 | I34: =H34/7 -> 4 | J34: =SUMIF(헤몬팜일일!$C$1:$C$140,$C34,헤몬팜일일!P$1:P$140) -> 28 | K34: =SUMIF(헤몬팜일일!$C$1:$C$140,$C34,헤몬팜일일!Q$1:Q$140) -> 3 | L34: =SUMIF(헤몬팜일일!$C$1:$C$140,$C34,헤몬팜일일!S$1:S$140) -> 0 | M34: =SUMIF(헤몬팜일일!$C$1:$C$140,$C34,헤몬팜일일!T$1:T$140) -> 1733170 | N34: =SUMIF(헤몬팜일일!$C$1:$C$140,$C34,헤몬팜일일!U$1:U$140) -> 0 | O34: =SUMIF(헤몬팜일일!$C$1:$C$140,$C34,헤몬팜일일!V$1:V$140) -> 1733170 | P34: =O34/J34 -> 61898.929 | Q34: =R34/J34 -> #REF! | R34: =SUMIF(헤몬팜일일!$C$1:$C$140,$C34,헤몬팜일일!Y$1:Y$140) -> #REF! | S34: =SUMIF(헤몬팜일일!$C$1:$C$140,$C34,헤몬팜일일!Z$1:Z$140) -> 357866.3 | T34: =SUMIF(헤몬팜일일!$C$1:$C$140,$C34,헤몬팜일일!AA$1:AA$140) -> 325333 | U34: =SUMIF(헤몬팜일일!$C$1:$C$140,$C34,헤몬팜일일!AB$1:AB$140) -> 0 | V34: =SUMIF(헤몬팜일일!$C$1:$C$140,$C34,헤몬팜일일!AC$1:AC$140) -> 6930 | W34: 0.1 | X34: =SUMIF(헤몬팜일일!$C$1:$C$140,$C34,헤몬팜일일!AE$1:AE$140) -> 135100 | Y34: =W34+(X34/O34) -> 0.17794965 | Z34: =SUMIF(헤몬팜일일!$C$1:$C$140,$C34,헤몬팜일일!AG$1:AG$140) -> 270287.44 | AA34: =SUMIF(헤몬팜일일!$C$1:$C$140,$C34,헤몬팜일일!AH$1:AH$140) -> #REF! | AB34: =SUMIF(헤몬팜일일!$C$1:$C$140,$C34,헤몬팜일일!AJ$1:AJ$140) -> #REF! | AC34: =SUMIF(헤몬팜일일!$C$1:$C$140,$C34,헤몬팜일일!AK$1:AK$140) -> #REF! | AD34: =SUMIF(헤몬팜일일!$C$1:$C$140,$C34,헤몬팜일일!AK$1:AK$140) -> #REF! | AE34: =SUMIF(헤몬팜일일!$C$1:$C$140,$C34,헤몬팜일일!AL$1:AL$140) -> 1270.08
... C39: 강아지바리깡 2개 | D39: =AC39/O39 -> -3.6761922 | E39: =AB39/O39 -> 0.41173023 | F39: =(S39+U39)/O39 -> 4.0879224 | G39: =H39/AG39 -> #DIV/0! | H39: =SUMIF(헤몬팜일일!$C$1:$C$140,$C39,헤몬팜일일!O$1:O$140) -> 1 | I39: =H39/7 -> 0.14285714 | J39: =SUMIF(헤몬팜일일!$C$1:$C$140,$C39,헤몬팜일일!P$1:P$140) -> 1 | K39: =SUMIF(헤몬팜일일!$C$1:$C$140,$C39,헤몬팜일일!Q$1:Q$140) -> 4 | L39: =SUMIF(헤몬팜일일!$C$1:$C$140,$C39,헤몬팜일일!S$1:S$140) -> 0 | M39: =SUMIF(헤몬팜일일!$C$1:$C$140,$C39,헤몬팜일일!T$1:T$140) -> 39710 | N39: =SUMIF(헤몬팜일일!$C$1:$C$140,$C39,헤몬팜일일!U$1:U$140) -> 0 | O39: =SUMIF(헤몬팜일일!$C$1:$C$140,$C39,헤몬팜일일!V$1:V$140) -> 39710 | P39: =O39/J39 -> 39710 | Q39: =R39/J39 -> 14113.035 | R39: =SUMIF(헤몬팜일일!$C$1:$C$140,$C39,헤몬팜일일!Y$1:Y$140) -> 14113.035 | S39: =SUMIF(헤몬팜일일!$C$1:$C$140,$C39,헤몬팜일일!Z$1:Z$140) -> 162331.4 | T39: =SUMIF(헤몬팜일일!$C$1:$C$140,$C39,헤몬팜일일!AA$1:AA$140) -> 147574 | U39: =SUMIF(헤몬팜일일!$C$1:$C$140,$C39,헤몬팜일일!AB$1:AB$140) -> 0 | V39: =SUMIF(헤몬팜일일!$C$1:$C$140,$C39,헤몬팜일일!AC$1:AC$140) -> 9240 | W39: 0.1 | X39: =SUMIF(헤몬팜일일!$C$1:$C$140,$C39,헤몬팜일일!AE$1:AE$140) -> 3550 | Y39: =W39+(X39/O39) -> 0.18939814 | Z39: =SUMIF(헤몬팜일일!$C$1:$C$140,$C39,헤몬팜일일!AG$1:AG$140) -> 7838.8 | AA39: =SUMIF(헤몬팜일일!$C$1:$C$140,$C39,헤몬팜일일!AH$1:AH$140) -> 1408.3581 | AB39: =SUMIF(헤몬팜일일!$C$1:$C$140,$C39,헤몬팜일일!AJ$1:AJ$140) -> 16349.807 | AC39: =SUMIF(헤몬팜일일!$C$1:$C$140,$C39,헤몬팜일일!AK$1:AK$140) -> -145981.59 | AD39: =SUMIF(헤몬팜일일!$C$1:$C$140,$C39,헤몬팜일일!AK$1:AK$140) -> -145981.59 | AE39: =SUMIF(헤몬팜일일!$C$1:$C$140,$C39,헤몬팜일일!AL$1:AL$140) -> 452.088
D40: =AC40/P40 -> #REF! | E40: =AB40/P40 -> #REF! | F40: =T40/P40 -> #DIV/0! | H40: =SUM(H23:H39) -> 1770 | I40: =SUM(I23:I39) -> 252.85714 | J40: =SUM(J23:J39) -> 1723 | K40: =SUM(K23:K39) -> 189 | L40: =SUM(L23:L39) -> 47 | M40: =SUM(M23:M39) -> 47945280 | N40: =SUM(N23:N39) -> 823900 | O40: =SUM(O23:O39) -> 47121380 | Q40: =SUM(Q23:Q39) -> #REF! | R40: =SUM(R23:R39) -> #REF! | S40: =SUM(S23:S39) -> 11994522 | T40: =SUM(T23:T39) -> 10904111 | U40: =SUM(U23:U39) -> 555048.75 | V40: =SUM(V23:V39) -> 424860 | W40: 0.09 | X40: =SUM(X23:X39) -> 5220350 | Z40: =SUM(Z23:Z39) -> 9762589.9 | AA40: =SUM(AA23:AA39) -> #REF! | AB40: =SUM(AB23:AB39) -> #REF! | AC40: =SUM(AC23:AC39) -> #REF!
C42: 10/6~10/12 | D42: 이윤율 | E42: 마진율 | F42: 광고비율 | G42: 전환율 | H42: 판매수 | I42: 일판매 | J42: 순판매개수 | K42: 취소개수 | L42: 가구매 | M42: 매출 | N42: 가구매금액 | O42: 순매출 | P42: 판매가 | Q42: 입고가 | R42: 입고판매가 | S42: 광고비1.1 | T42: 광고비 | U42: 가구매비용 | V42: 반품회수비 | W42: 수수료 | X42: 택배비 | Y42: 판매수수료 | Z42: 수수료 | AA42: 부가세 | AB42: 판매마진 | AC42: 순이익 | AD42: 노출수 | AE42: 클릭수
C43: 쉐이버 | D43: =AC43/O43 -> 0.2213428 | E43: =AB43/O43 -> 0.4227075 | F43: =(S43+U43)/O43 -> 0.2013647 | G43: =H43/AG43 -> #DIV/0! | H43: =SUMIF(헤몬팜일일!$C$142:$C$240,$C43,헤몬팜일일!O$142:O$240) -> 1311 | I43: =H43/7 -> 187.28571 | J43: =SUMIF(헤몬팜일일!$C$142:$C$240,$C43,헤몬팜일일!P$142:P$240) -> 1311 | K43: =SUMIF(헤몬팜일일!$C$142:$C$240,$C43,헤몬팜일일!Q$142:Q$240) -> 107 | L43: =SUMIF(헤몬팜일일!$C$142:$C$240,$C43,헤몬팜일일!S$142:S$240) -> 0 | M43: =SUMIF(헤몬팜일일!$C$142:$C$240,$C43,헤몬팜일일!T$142:T$240) -> 36576900 | N43: =SUMIF(헤몬팜일일!$C$142:$C$240,$C43,헤몬팜일일!U$142:U$240) -> 0 | O43: =SUMIF(헤몬팜일일!$C$142:$C$240,$C43,헤몬팜일일!V$142:V$240) -> 36576900 | P43: =O43/J43 -> 27900 | Q43: =R43/J43 -> 9245.0616 | R43: =SUMIF(헤몬팜일일!$C$142:$C$240,$C43,헤몬팜일일!Y$142:Y$240) -> 12120276 | S43: =SUMIF(헤몬팜일일!$C$142:$C$240,$C43,헤몬팜일일!Z$142:Z$240) -> 7365296.4 | T43: =SUMIF(헤몬팜일일!$C$142:$C$240,$C43,헤몬팜일일!AA$142:AA$240) -> 6695724 | U43: =SUMIF(헤몬팜일일!$C$142:$C$240,$C43,헤몬팜일일!AB$142:AB$240) -> 0 | V43: =SUMIF(헤몬팜일일!$C$142:$C$240,$C43,헤몬팜일일!AC$142:AC$240) -> 232404 | W43: 0.1 | X43: =SUMIF(헤몬팜일일!$C$142:$C$240,$C43,헤몬팜일일!AE$142:AE$240) -> 3998550 | Y43: =W43+(X43/O43) -> 0.209319 | Z43: =SUMIF(헤몬팜일일!$C$142:$C$240,$C43,헤몬팜일일!AG$142:AG$240) -> 7656240.2 | AA43: =SUMIF(헤몬팜일일!$C$142:$C$240,$C43,헤몬팜일일!AH$142:AH$240) -> 1339054.2 | AB43: =SUMIF(헤몬팜일일!$C$142:$C$240,$C43,헤몬팜일일!AJ$142:AJ$240) -> 15461330 | AC43: =SUMIF(헤몬팜일일!$C$142:$C$240,$C43,헤몬팜일일!AK$142:AK$240) -> 8096033.5 | AD43: =SUMIF(헤몬팜일일!$C$1:$C$140,$C43,헤몬팜일일!AK$1:AK$140) -> 4758730.6 | AE43: =SUMIF(헤몬팜일일!$C$1:$C$140,$C43,헤몬팜일일!AL$1:AL$140) -> 452.088
C44: 일자면도기 | D44: =AC44/O44 -> 0.22436758 | E44: =AB44/O44 -> 0.40985112 | F44: =(S44+U44)/O44 -> 0.18548354 | G44: =H44/AG44 -> #DIV/0! | H44: =SUMIF(헤몬팜일일!$C$142:$C$240,$C44,헤몬팜일일!O$142:O$240) -> 17 | I44: =H44/7 -> 2.4285714 | J44: =SUMIF(헤몬팜일일!$C$142:$C$240,$C44,헤몬팜일일!P$142:P$240) -> 17 | K44: =SUMIF(헤몬팜일일!$C$142:$C$240,$C44,헤몬팜일일!Q$142:Q$240) -> 1 | L44: =SUMIF(헤몬팜일일!$C$142:$C$240,$C44,헤몬팜일일!S$142:S$240) -> 0 | M44: =SUMIF(헤몬팜일일!$C$142:$C$240,$C44,헤몬팜일일!T$142:T$240) -> 385900 | N44: =SUMIF(헤몬팜일일!$C$142:$C$240,$C44,헤몬팜일일!U$142:U$240) -> 0 | O44: =SUMIF(헤몬팜일일!$C$142:$C$240,$C44,헤몬팜일일!V$142:V$240) -> 385900 | P44: =O44/J44 -> 22700 | Q44: =R44/J44 -> 7377.328 | R44: =SUMIF(헤몬팜일일!$C$142:$C$240,$C44,헤몬팜일일!Y$142:Y$240) -> 125414.58 | S44: =SUMIF(헤몬팜일일!$C$142:$C$240,$C44,헤몬팜일일!Z$142:Z$240) -> 71578.1 | T44: =SUMIF(헤몬팜일일!$C$142:$C$240,$C44,헤몬팜일일!AA$142:AA$240) -> 65071 | U44: =SUMIF(헤몬팜일일!$C$142:$C$240,$C44,헤몬팜일일!AB$142:AB$240) -> 0 | V44: =SUMIF(헤몬팜일일!$C$142:$C$240,$C44,헤몬팜일일!AC$142:AC$240) -> 2172 | W44: 0.1 | X44: =SUMIF(헤몬팜일일!$C$142:$C$240,$C44,헤몬팜일일!AE$142:AE$240) -> 50150 | Y44: =W44+(X44/O44) -> 0.22995595 | Z44: =SUMIF(헤몬팜일일!$C$142:$C$240,$C44,헤몬팜일일!AG$142:AG$240) -> 88740.15 | AA44: =SUMIF(헤몬팜일일!$C$142:$C$240,$C44,헤몬팜일일!AH$142:AH$240) -> 13583.726 | AB44: =SUMIF(헤몬팜일일!$C$142:$C$240,$C44,헤몬팜일일!AJ$142:AJ$240) -> 158161.55 | AC44: =SUMIF(헤몬팜일일!$C$142:$C$240,$C44,헤몬팜일일!AK$142:AK$240) -> 86583.448 | AD44: =SUMIF(헤몬팜일일!$C$1:$C$140,$C44,헤몬팜일일!AK$1:AK$140) -> 14171.434 | AE44: =SUMIF(헤몬팜일일!$C$1:$C$140,$C44,헤몬팜일일!AL$1:AL$140) -> 340.2
C45: 프라임 1개 | D45: =AC45/O45 -> #REF! | E45: =AB45/O45 -> #REF! | F45: =(S45+U45)/O45 -> 0.32792896 | G45: =H45/AG45 -> #DIV/0! | H45: =SUMIF(헤몬팜일일!$C$142:$C$240,$C45,헤몬팜일일!O$142:O$240) -> 26 | I45: =H45/7 -> 3.7142857 | J45: =SUMIF(헤몬팜일일!$C$142:$C$240,$C45,헤몬팜일일!P$142:P$240) -> 26 | K45: =SUMIF(헤몬팜일일!$C$142:$C$240,$C45,헤몬팜일일!Q$142:Q$240) -> 3 | L45: =SUMIF(헤몬팜일일!$C$142:$C$240,$C45,헤몬팜일일!S$142:S$240) -> 0 | M45: =SUMIF(헤몬팜일일!$C$142:$C$240,$C45,헤몬팜일일!T$142:T$240) -> 1190800 | N45: =SUMIF(헤몬팜일일!$C$142:$C$240,$C45,헤몬팜일일!U$142:U$240) -> 0 | O45: =SUMIF(헤몬팜일일!$C$142:$C$240,$C45,헤몬팜일일!V$142:V$240) -> 1190800 | P45: =O45/J45 -> 45800 | Q45: =R45/J45 -> #REF! | R45: =SUMIF(헤몬팜일일!$C$142:$C$240,$C45,헤몬팜일일!Y$142:Y$240) -> #REF! | S45: =SUMIF(헤몬팜일일!$C$142:$C$240,$C45,헤몬팜일일!Z$142:Z$240) -> 390497.8 | T45: =SUMIF(헤몬팜일일!$C$142:$C$240,$C45,헤몬팜일일!AA$142:AA$240) -> 354998 | U45: =SUMIF(헤몬팜일일!$C$142:$C$240,$C45,헤몬팜일일!AB$142:AB$240) -> 0 | V45: =SUMIF(헤몬팜일일!$C$142:$C$240,$C45,헤몬팜일일!AC$142:AC$240) -> 6930 | W45: 0.1 | X45: =SUMIF(헤몬팜일일!$C$142:$C$240,$C45,헤몬팜일일!AE$142:AE$240) -> 107900 | Y45: =W45+(X45/O45) -> 0.19061135 | Z45: =SUMIF(헤몬팜일일!$C$142:$C$240,$C45,헤몬팜일일!AG$142:AG$240) -> 238888.15 | AA45: =SUMIF(헤몬팜일일!$C$142:$C$240,$C45,헤몬팜일일!AH$142:AH$240) -> #REF! | AB45: =SUMIF(헤몬팜일일!$C$142:$C$240,$C45,헤몬팜일일!AJ$142:AJ$240) -> #REF! | AC45: =SUMIF(헤몬팜일일!$C$142:$C$240,$C45,헤몬팜일일!AK$142:AK$240) -> #REF! | AD45: =SUMIF(헤몬팜일일!$C$1:$C$140,$C45,헤몬팜일일!AK$1:AK$140) -> #REF! | AE45: =SUMIF(헤몬팜일일!$C$1:$C$140,$C45,헤몬팜일일!AL$1:AL$140) -> 1134
C46: 프라임 2개 | D46: =AC46/O46 -> #REF! | E46: =AB46/O46 -> #REF! | F46: =(S46+U46)/O46 -> 0.25075198 | G46: =H46/AG46 -> #DIV/0! | H46: =SUMIF(헤몬팜일일!$C$142:$C$240,$C46,헤몬팜일일!O$142:O$240) -> 14 | I46: =H46/7 -> 2 | J46: =SUMIF(헤몬팜일일!$C$142:$C$240,$C46,헤몬팜일일!P$142:P$240) -> 14 | K46: =SUMIF(헤몬팜일일!$C$142:$C$240,$C46,헤몬팜일일!Q$142:Q$240) -> 3 | L46: =SUMIF(헤몬팜일일!$C$142:$C$240,$C46,헤몬팜일일!S$142:S$240) -> 0 | M46: =SUMIF(헤몬팜일일!$C$142:$C$240,$C46,헤몬팜일일!T$142:T$240) -> 655200 | N46: =SUMIF(헤몬팜일일!$C$142:$C$240,$C46,헤몬팜일일!U$142:U$240) -> 0 | O46: =SUMIF(헤몬팜일일!$C$142:$C$240,$C46,헤몬팜일일!V$142:V$240) -> 655200 | P46: =O46/J46 -> 46800 | Q46: =R46/J46 -> #REF! | R46: =SUMIF(헤몬팜일일!$C$142:$C$240,$C46,헤몬팜일일!Y$142:Y$240) -> #REF! | S46: =SUMIF(헤몬팜일일!$C$142:$C$240,$C46,헤몬팜일일!Z$142:Z$240) -> 164292.7 | T46: =SUMIF(헤몬팜일일!$C$142:$C$240,$C46,헤몬팜일일!AA$142:AA$240) -> 149357 | U46: =SUMIF(헤몬팜일일!$C$142:$C$240,$C46,헤몬팜일일!AB$142:AB$240) -> 0 | V46: =SUMIF(헤몬팜일일!$C$142:$C$240,$C46,헤몬팜일일!AC$142:AC$240) -> 6930 | W46: 0.1 | X46: =SUMIF(헤몬팜일일!$C$142:$C$240,$C46,헤몬팜일일!AE$142:AE$240) -> 58100 | Y46: =W46+(X46/O46) -> 0.18867521 | Z46: =SUMIF(헤몬팜일일!$C$142:$C$240,$C46,헤몬팜일일!AG$142:AG$240) -> 130172.15 | AA46: =SUMIF(헤몬팜일일!$C$142:$C$240,$C46,헤몬팜일일!AH$142:AH$240) -> #REF! | AB46: =SUMIF(헤몬팜일일!$C$142:$C$240,$C46,헤몬팜일일!AJ$142:AJ$240) -> #REF! | AC46: =SUMIF(헤몬팜일일!$C$142:$C$240,$C46,헤몬팜일일!AK$142:AK$240) -> #REF! | AD46: =SUMIF(헤몬팜일일!$C$1:$C$140,$C46,헤몬팜일일!AK$1:AK$140) -> #REF! | AE46: =SUMIF(헤몬팜일일!$C$1:$C$140,$C46,헤몬팜일일!AL$1:AL$140) -> 1134
C47: 다밴다 1개 | D47: =AC47/O47 -> #REF! | E47: =AB47/O47 -> #REF! | F47: =(S47+U47)/O47 -> #DIV/0! | G47: =H47/AG47 -> #DIV/0! | H47: =SUMIF(헤몬팜일일!$C$142:$C$240,$C47,헤몬팜일일!O$142:O$240) -> 0 | I47: =H47/7 -> 0 | J47: =SUMIF(헤몬팜일일!$C$142:$C$240,$C47,헤몬팜일일!P$142:P$240) -> 0 | K47: =SUMIF(헤몬팜일일!$C$142:$C$240,$C47,헤몬팜일일!Q$142:Q$240) -> 0 | L47: =SUMIF(헤몬팜일일!$C$142:$C$240,$C47,헤몬팜일일!S$142:S$240) -> 0 | M47: =SUMIF(헤몬팜일일!$C$142:$C$240,$C47,헤몬팜일일!T$142:T$240) -> 0 | N47: =SUMIF(헤몬팜일일!$C$142:$C$240,$C47,헤몬팜일일!U$142:U$240) -> 0 | O47: =SUMIF(헤몬팜일일!$C$142:$C$240,$C47,헤몬팜일일!V$142:V$240) -> 0 | P47: =O47/J47 -> #DIV/0! | Q47: =R47/J47 -> #REF! | R47: =SUMIF(헤몬팜일일!$C$142:$C$240,$C47,헤몬팜일일!Y$142:Y$240) -> #REF! | S47: =SUMIF(헤몬팜일일!$C$142:$C$240,$C47,헤몬팜일일!Z$142:Z$240) -> 123216.5 | T47: =SUMIF(헤몬팜일일!$C$142:$C$240,$C47,헤몬팜일일!AA$142:AA$240) -> 112015 | U47: =SUMIF(헤몬팜일일!$C$142:$C$240,$C47,헤몬팜일일!AB$142:AB$240) -> 0 | V47: =SUMIF(헤몬팜일일!$C$142:$C$240,$C47,헤몬팜일일!AC$142:AC$240) -> 0 | W47: 0.1 | X47: =SUMIF(헤몬팜일일!$C$142:$C$240,$C47,헤몬팜일일!AE$142:AE$240) -> 0 | Y47: =W47+(X47/O47) -> #DIV/0! | Z47: =SUMIF(헤몬팜일일!$C$142:$C$240,$C47,헤몬팜일일!AG$142:AG$240) -> 0.06 | AA47: =SUMIF(헤몬팜일일!$C$142:$C$240,$C47,헤몬팜일일!AH$142:AH$240) -> #REF! | AB47: =SUMIF(헤몬팜일일!$C$142:$C$240,$C47,헤몬팜일일!AJ$142:AJ$240) -> #REF! | AC47: =SUMIF(헤몬팜일일!$C$142:$C$240,$C47,헤몬팜일일!AK$142:AK$240) -> #REF! | AD47: =SUMIF(헤몬팜일일!$C$1:$C$140,$C47,헤몬팜일일!AK$1:AK$140) -> #REF! | AE47: =SUMIF(헤몬팜일일!$C$1:$C$140,$C47,헤몬팜일일!AL$1:AL$140) -> 2600.64
C48: 다벤다 2개 | D48: =AC48/O48 -> #REF! | E48: =AB48/O48 -> #REF! | F48: =(S48+U48)/O48 -> 0.62449285 | G48: =H48/AG48 -> #DIV/0! | H48: =SUMIF(헤몬팜일일!$C$142:$C$240,$C48,헤몬팜일일!O$142:O$240) -> 9 | I48: =H48/7 -> 1.2857143 | J48: =SUMIF(헤몬팜일일!$C$142:$C$240,$C48,헤몬팜일일!P$142:P$240) -> 9 | K48: =SUMIF(헤몬팜일일!$C$142:$C$240,$C48,헤몬팜일일!Q$142:Q$240) -> 3 | L48: =SUMIF(헤몬팜일일!$C$142:$C$240,$C48,헤몬팜일일!S$142:S$240) -> 0 | M48: =SUMIF(헤몬팜일일!$C$142:$C$240,$C48,헤몬팜일일!T$142:T$240) -> 628020 | N48: =SUMIF(헤몬팜일일!$C$142:$C$240,$C48,헤몬팜일일!U$142:U$240) -> 0 | O48: =SUMIF(헤몬팜일일!$C$142:$C$240,$C48,헤몬팜일일!V$142:V$240) -> 628020 | P48: =O48/J48 -> 69780 | Q48: =R48/J48 -> #REF! | R48: =SUMIF(헤몬팜일일!$C$142:$C$240,$C48,헤몬팜일일!Y$142:Y$240) -> #REF! | S48: =SUMIF(헤몬팜일일!$C$142:$C$240,$C48,헤몬팜일일!Z$142:Z$240) -> 392194 | T48: =SUMIF(헤몬팜일일!$C$142:$C$240,$C48,헤몬팜일일!AA$142:AA$240) -> 356540 | U48: =SUMIF(헤몬팜일일!$C$142:$C$240,$C48,헤몬팜일일!AB$142:AB$240) -> 0 | V48: =SUMIF(헤몬팜일일!$C$142:$C$240,$C48,헤몬팜일일!AC$142:AC$240) -> 6930 | W48: 0.1 | X48: =SUMIF(헤몬팜일일!$C$142:$C$240,$C48,헤몬팜일일!AE$142:AE$240) -> 43425 | Y48: =W48+(X48/O48) -> 0.16914589 | Z48: =SUMIF(헤몬팜일일!$C$142:$C$240,$C48,헤몬팜일일!AG$142:AG$240) -> 111251.25 | AA48: =SUMIF(헤몬팜일일!$C$142:$C$240,$C48,헤몬팜일일!AH$142:AH$240) -> #REF! | AB48: =SUMIF(헤몬팜일일!$C$142:$C$240,$C48,헤몬팜일일!AJ$142:AJ$240) -> #REF! | AC48: =SUMIF(헤몬팜일일!$C$142:$C$240,$C48,헤몬팜일일!AK$142:AK$240) -> #REF! | AD48: =SUMIF(헤몬팜일일!$C$1:$C$140,$C48,헤몬팜일일!AK$1:AK$140) -> #REF! | AE48: =SUMIF(헤몬팜일일!$C$1:$C$140,$C48,헤몬팜일일!AL$1:AL$140) -> 2600.64
C49: 시거잭 | D49: =AC49/O49 -> -0.99445323 | E49: =AB49/O49 -> 0.3908083 | F49: =(S49+U49)/O49 -> 1.3852615 | G49: =H49/AG49 -> #DIV/0! | H49: =SUMIF(헤몬팜일일!$C$142:$C$240,$C49,헤몬팜일일!O$142:O$240) -> 39 | I49: =H49/7 -> 5.5714286 | J49: =SUMIF(헤몬팜일일!$C$142:$C$240,$C49,헤몬팜일일!P$142:P$240) -> 19 | K49: =SUMIF(헤몬팜일일!$C$142:$C$240,$C49,헤몬팜일일!Q$142:Q$240) -> 3 | L49: =SUMIF(헤몬팜일일!$C$142:$C$240,$C49,헤몬팜일일!S$142:S$240) -> 20 | M49: =SUMIF(헤몬팜일일!$C$142:$C$240,$C49,헤몬팜일일!T$142:T$240) -> 628680 | N49: =SUMIF(헤몬팜일일!$C$142:$C$240,$C49,헤몬팜일일!U$142:U$240) -> 322400 | O49: =SUMIF(헤몬팜일일!$C$142:$C$240,$C49,헤몬팜일일!V$142:V$240) -> 306280 | P49: =O49/J49 -> 16120 | Q49: =R49/J49 -> 5126.3245 | R49: =SUMIF(헤몬팜일일!$C$142:$C$240,$C49,헤몬팜일일!Y$142:Y$240) -> 97400.166 | S49: =SUMIF(헤몬팜일일!$C$142:$C$240,$C49,헤몬팜일일!Z$142:Z$240) -> 226928.9 | T49: =SUMIF(헤몬팜일일!$C$142:$C$240,$C49,헤몬팜일일!AA$142:AA$240) -> 206299 | U49: =SUMIF(헤몬팜일일!$C$142:$C$240,$C49,헤몬팜일일!AB$142:AB$240) -> 197349 | V49: =SUMIF(헤몬팜일일!$C$142:$C$240,$C49,헤몬팜일일!AC$142:AC$240) -> 6930 | W49: 0.1 | X49: =SUMIF(헤몬팜일일!$C$142:$C$240,$C49,헤몬팜일일!AE$142:AE$240) -> 55100 | Y49: =W49+(X49/O49) -> 0.27990074 | Z49: =SUMIF(헤몬팜일일!$C$142:$C$240,$C49,헤몬팜일일!AG$142:AG$240) -> 78989.99 | AA49: =SUMIF(헤몬팜일일!$C$142:$C$240,$C49,헤몬팜일일!AH$142:AH$240) -> 10193.078 | AB49: =SUMIF(헤몬팜일일!$C$142:$C$240,$C49,헤몬팜일일!AJ$142:AJ$240) -> 119696.77 | AC49: =SUMIF(헤몬팜일일!$C$142:$C$240,$C49,헤몬팜일일!AK$142:AK$240) -> -304581.13 | AD49: =SUMIF(헤몬팜일일!$C$1:$C$140,$C49,헤몬팜일일!AK$1:AK$140) -> -397373.57 | AE49: =SUMIF(헤몬팜일일!$C$1:$C$140,$C49,헤몬팜일일!AL$1:AL$140) -> 42.525
C50: 뉴 고압세척기 배터리 1개 | D50: =AC50/O50 -> #REF! | E50: =AB50/O50 -> #REF! | F50: =(S50+U50)/O50 -> 0.34080909 | G50: =H50/AG50 -> #DIV/0! | H50: =SUMIF(헤몬팜일일!$C$142:$C$240,$C50,헤몬팜일일!O$142:O$240) -> 54 | I50: =H50/7 -> 7.7142857 | J50: =SUMIF(헤몬팜일일!$C$142:$C$240,$C50,헤몬팜일일!P$142:P$240) -> 54 | K50: =SUMIF(헤몬팜일일!$C$142:$C$240,$C50,헤몬팜일일!Q$142:Q$240) -> 9 | L50: =SUMIF(헤몬팜일일!$C$142:$C$240,$C50,헤몬팜일일!S$142:S$240) -> 0 | M50: =SUMIF(헤몬팜일일!$C$142:$C$240,$C50,헤몬팜일일!T$142:T$240) -> 2149200 | N50: =SUMIF(헤몬팜일일!$C$142:$C$240,$C50,헤몬팜일일!U$142:U$240) -> 0 | O50: =SUMIF(헤몬팜일일!$C$142:$C$240,$C50,헤몬팜일일!V$142:V$240) -> 2149200 | P50: =O50/J50 -> 39800 | Q50: =R50/J50 -> #REF! | R50: =SUMIF(헤몬팜일일!$C$142:$C$240,$C50,헤몬팜일일!Y$142:Y$240) -> #REF! | S50: =SUMIF(헤몬팜일일!$C$142:$C$240,$C50,헤몬팜일일!Z$142:Z$240) -> 732466.9 | T50: =SUMIF(헤몬팜일일!$C$142:$C$240,$C50,헤몬팜일일!AA$142:AA$240) -> 665879 | U50: =SUMIF(헤몬팜일일!$C$142:$C$240,$C50,헤몬팜일일!AB$142:AB$240) -> 0 | V50: =SUMIF(헤몬팜일일!$C$142:$C$240,$C50,헤몬팜일일!AC$142:AC$240) -> 20790 | W50: 0.1 | X50: =SUMIF(헤몬팜일일!$C$142:$C$240,$C50,헤몬팜일일!AE$142:AE$240) -> 224100 | Y50: =W50+(X50/O50) -> 0.20427136 | Z50: =SUMIF(헤몬팜일일!$C$142:$C$240,$C50,헤몬팜일일!AG$142:AG$240) -> 396036.15 | AA50: =SUMIF(헤몬팜일일!$C$142:$C$240,$C50,헤몬팜일일!AH$142:AH$240) -> #REF! | AB50: =SUMIF(헤몬팜일일!$C$142:$C$240,$C50,헤몬팜일일!AJ$142:AJ$240) -> #REF! | AC50: =SUMIF(헤몬팜일일!$C$142:$C$240,$C50,헤몬팜일일!AK$142:AK$240) -> #REF! | AD50: =SUMIF(헤몬팜일일!$C$1:$C$140,$C50,헤몬팜일일!AK$1:AK$140) -> #REF! | AE50: =SUMIF(헤몬팜일일!$C$1:$C$140,$C50,헤몬팜일일!AL$1:AL$140) -> 1234.926
C51: 뉴 고압세척기 | D51: =AC51/O51 -> #REF! | E51: =AB51/O51 -> #REF! | F51: =(S51+U51)/O51 -> 0.22839174 | G51: =H51/AG51 -> #DIV/0! | H51: =SUMIF(헤몬팜일일!$C$142:$C$240,$C51,헤몬팜일일!O$142:O$240) -> 18 | I51: =H51/7 -> 2.5714286 | J51: =SUMIF(헤몬팜일일!$C$142:$C$240,$C51,헤몬팜일일!P$142:P$240) -> 18 | K51: =SUMIF(헤몬팜일일!$C$142:$C$240,$C51,헤몬팜일일!Q$142:Q$240) -> 3 | L51: =SUMIF(헤몬팜일일!$C$142:$C$240,$C51,헤몬팜일일!S$142:S$240) -> 0 | M51: =SUMIF(헤몬팜일일!$C$142:$C$240,$C51,헤몬팜일일!T$142:T$240) -> 772200 | N51: =SUMIF(헤몬팜일일!$C$142:$C$240,$C51,헤몬팜일일!U$142:U$240) -> 0 | O51: =SUMIF(헤몬팜일일!$C$142:$C$240,$C51,헤몬팜일일!V$142:V$240) -> 772200 | P51: =O51/J51 -> 42900 | Q51: =R51/J51 -> #REF! | R51: =SUMIF(헤몬팜일일!$C$142:$C$240,$C51,헤몬팜일일!Y$142:Y$240) -> #REF! | S51: =SUMIF(헤몬팜일일!$C$142:$C$240,$C51,헤몬팜일일!Z$142:Z$240) -> 176364.1 | T51: =SUMIF(헤몬팜일일!$C$142:$C$240,$C51,헤몬팜일일!AA$142:AA$240) -> 160331 | U51: =SUMIF(헤몬팜일일!$C$142:$C$240,$C51,헤몬팜일일!AB$142:AB$240) -> 0 | V51: =SUMIF(헤몬팜일일!$C$142:$C$240,$C51,헤몬팜일일!AC$142:AC$240) -> 6930 | W51: 0.1 | X51: =SUMIF(헤몬팜일일!$C$142:$C$240,$C51,헤몬팜일일!AE$142:AE$240) -> 34200 | Y51: =W51+(X51/O51) -> 0.14428904 | Z51: =SUMIF(헤몬팜일일!$C$142:$C$240,$C51,헤몬팜일일!AG$142:AG$240) -> 94431.75 | AA51: =SUMIF(헤몬팜일일!$C$142:$C$240,$C51,헤몬팜일일!AH$142:AH$240) -> #REF! | AB51: =SUMIF(헤몬팜일일!$C$142:$C$240,$C51,헤몬팜일일!AJ$142:AJ$240) -> #REF! | AC51: =SUMIF(헤몬팜일일!$C$142:$C$240,$C51,헤몬팜일일!AK$142:AK$240) -> #REF! | AD51: =SUMIF(헤몬팜일일!$C$1:$C$140,$C51,헤몬팜일일!AK$1:AK$140) -> #REF! | AE51: =SUMIF(헤몬팜일일!$C$1:$C$140,$C51,헤몬팜일일!AL$1:AL$140) -> 1234.926
C52: 모기지옥 | D52: =AC52/O52 -> 0.30837636 | E52: =AB52/O52 -> 0.36298888 | F52: =(S52+U52)/O52 -> 0.054612527 | G52: =H52/AG52 -> #DIV/0! | H52: =SUMIF(헤몬팜일일!$C$142:$C$240,$C52,헤몬팜일일!O$142:O$240) -> 114 | I52: =H52/7 -> 16.285714 | J52: =SUMIF(헤몬팜일일!$C$142:$C$240,$C52,헤몬팜일일!P$142:P$240) -> 114 | K52: =SUMIF(헤몬팜일일!$C$142:$C$240,$C52,헤몬팜일일!Q$142:Q$240) -> 11 | L52: =SUMIF(헤몬팜일일!$C$142:$C$240,$C52,헤몬팜일일!S$142:S$240) -> 0 | M52: =SUMIF(헤몬팜일일!$C$142:$C$240,$C52,헤몬팜일일!T$142:T$240) -> 2188800 | N52: =SUMIF(헤몬팜일일!$C$142:$C$240,$C52,헤몬팜일일!U$142:U$240) -> 0 | O52: =SUMIF(헤몬팜일일!$C$142:$C$240,$C52,헤몬팜일일!V$142:V$240) -> 2188800 | P52: =O52/J52 -> 19200 | Q52: =R52/J52 -> 6771.4352 | R52: =SUMIF(헤몬팜일일!$C$142:$C$240,$C52,헤몬팜일일!Y$142:Y$240) -> 771943.61 | S52: =SUMIF(헤몬팜일일!$C$142:$C$240,$C52,헤몬팜일일!Z$142:Z$240) -> 119535.9 | T52: =SUMIF(헤몬팜일일!$C$142:$C$240,$C52,헤몬팜일일!AA$142:AA$240) -> 108669 | U52: =SUMIF(헤몬팜일일!$C$142:$C$240,$C52,헤몬팜일일!AB$142:AB$240) -> 0 | V52: =SUMIF(헤몬팜일일!$C$142:$C$240,$C52,헤몬팜일일!AC$142:AC$240) -> 25410 | W52: 0.1 | X52: =SUMIF(헤몬팜일일!$C$142:$C$240,$C52,헤몬팜일일!AE$142:AE$240) -> 381900 | Y52: =W52+(X52/O52) -> 0.27447917 | Z52: =SUMIF(헤몬팜일일!$C$142:$C$240,$C52,헤몬팜일일!AG$142:AG$240) -> 557004.15 | AA52: =SUMIF(헤몬팜일일!$C$142:$C$240,$C52,헤몬팜일일!AH$142:AH$240) -> 65342.166 | AB52: =SUMIF(헤몬팜일일!$C$142:$C$240,$C52,헤몬팜일일!AJ$142:AJ$240) -> 794510.07 | AC52: =SUMIF(헤몬팜일일!$C$142:$C$240,$C52,헤몬팜일일!AK$142:AK$240) -> 674974.17 | AD52: =SUMIF(헤몬팜일일!$C$1:$C$140,$C52,헤몬팜일일!AK$1:AK$140) -> 357917.6 | AE52: =SUMIF(헤몬팜일일!$C$1:$C$140,$C52,헤몬팜일일!AL$1:AL$140) -> 457.38
C53: 컷소 배터리 1개 | D53: =AC53/O53 -> #REF! | E53: =AB53/O53 -> #REF! | F53: =(S53+U53)/O53 -> 0.2878417 | G53: =H53/AG53 -> #DIV/0! | H53: =SUMIF(헤몬팜일일!$C$142:$C$240,$C53,헤몬팜일일!O$142:O$240) -> 28 | I53: =H53/7 -> 4 | J53: =SUMIF(헤몬팜일일!$C$142:$C$240,$C53,헤몬팜일일!P$142:P$240) -> 28 | K53: =SUMIF(헤몬팜일일!$C$142:$C$240,$C53,헤몬팜일일!Q$142:Q$240) -> 5 | L53: =SUMIF(헤몬팜일일!$C$142:$C$240,$C53,헤몬팜일일!S$142:S$240) -> 0 | M53: =SUMIF(헤몬팜일일!$C$142:$C$240,$C53,헤몬팜일일!T$142:T$240) -> 1534400 | N53: =SUMIF(헤몬팜일일!$C$142:$C$240,$C53,헤몬팜일일!U$142:U$240) -> 0 | O53: =SUMIF(헤몬팜일일!$C$142:$C$240,$C53,헤몬팜일일!V$142:V$240) -> 1534400 | P53: =O53/J53 -> 54800 | Q53: =R53/J53 -> #REF! | R53: =SUMIF(헤몬팜일일!$C$142:$C$240,$C53,헤몬팜일일!Y$142:Y$240) -> #REF! | S53: =SUMIF(헤몬팜일일!$C$142:$C$240,$C53,헤몬팜일일!Z$142:Z$240) -> 441664.3 | T53: =SUMIF(헤몬팜일일!$C$142:$C$240,$C53,헤몬팜일일!AA$142:AA$240) -> 401513 | U53: =SUMIF(헤몬팜일일!$C$142:$C$240,$C53,헤몬팜일일!AB$142:AB$240) -> 0 | V53: =SUMIF(헤몬팜일일!$C$142:$C$240,$C53,헤몬팜일일!AC$142:AC$240) -> 11550 | W53: 0.1 | X53: =SUMIF(헤몬팜일일!$C$142:$C$240,$C53,헤몬팜일일!AE$142:AE$240) -> 135100 | Y53: =W53+(X53/O53) -> 0.18804745 | Z53: =SUMIF(헤몬팜일일!$C$142:$C$240,$C53,헤몬팜일일!AG$142:AG$240) -> 254783.35 | AA53: =SUMIF(헤몬팜일일!$C$142:$C$240,$C53,헤몬팜일일!AH$142:AH$240) -> #REF! | AB53: =SUMIF(헤몬팜일일!$C$142:$C$240,$C53,헤몬팜일일!AJ$142:AJ$240) -> #REF! | AC53: =SUMIF(헤몬팜일일!$C$142:$C$240,$C53,헤몬팜일일!AK$142:AK$240) -> #REF! | AD53: =SUMIF(헤몬팜일일!$C$1:$C$140,$C53,헤몬팜일일!AK$1:AK$140) -> #REF! | AE53: =SUMIF(헤몬팜일일!$C$1:$C$140,$C53,헤몬팜일일!AL$1:AL$140) -> 1270.08
C54: 컷소 배터리 2개 | D54: =AC54/O54 -> #REF! | E54: =AB54/O54 -> #REF! | F54: =(S54+U54)/O54 -> 0.21204757 | G54: =H54/AG54 -> #DIV/0! | H54: =SUMIF(헤몬팜일일!$C$142:$C$240,$C54,헤몬팜일일!O$142:O$240) -> 41 | I54: =H54/7 -> 5.8571429 | J54: =SUMIF(헤몬팜일일!$C$142:$C$240,$C54,헤몬팜일일!P$142:P$240) -> 41 | K54: =SUMIF(헤몬팜일일!$C$142:$C$240,$C54,헤몬팜일일!Q$142:Q$240) -> 4 | L54: =SUMIF(헤몬팜일일!$C$142:$C$240,$C54,헤몬팜일일!S$142:S$240) -> 0 | M54: =SUMIF(헤몬팜일일!$C$142:$C$240,$C54,헤몬팜일일!T$142:T$240) -> 2523140 | N54: =SUMIF(헤몬팜일일!$C$142:$C$240,$C54,헤몬팜일일!U$142:U$240) -> 0 | O54: =SUMIF(헤몬팜일일!$C$142:$C$240,$C54,헤몬팜일일!V$142:V$240) -> 2523140 | P54: =O54/J54 -> 61540 | Q54: =R54/J54 -> #REF! | R54: =SUMIF(헤몬팜일일!$C$142:$C$240,$C54,헤몬팜일일!Y$142:Y$240) -> #REF! | S54: =SUMIF(헤몬팜일일!$C$142:$C$240,$C54,헤몬팜일일!Z$142:Z$240) -> 535025.7 | T54: =SUMIF(헤몬팜일일!$C$142:$C$240,$C54,헤몬팜일일!AA$142:AA$240) -> 486387 | U54: =SUMIF(헤몬팜일일!$C$142:$C$240,$C54,헤몬팜일일!AB$142:AB$240) -> 0 | V54: =SUMIF(헤몬팜일일!$C$142:$C$240,$C54,헤몬팜일일!AC$142:AC$240) -> 9240 | W54: 0.1 | X54: =SUMIF(헤몬팜일일!$C$142:$C$240,$C54,헤몬팜일일!AE$142:AE$240) -> 197825 | Y54: =W54+(X54/O54) -> 0.17840429 | Z54: =SUMIF(헤몬팜일일!$C$142:$C$240,$C54,헤몬팜일일!AG$142:AG$240) -> 394630.07 | AA54: =SUMIF(헤몬팜일일!$C$142:$C$240,$C54,헤몬팜일일!AH$142:AH$240) -> #REF! | AB54: =SUMIF(헤몬팜일일!$C$142:$C$240,$C54,헤몬팜일일!AJ$142:AJ$240) -> #REF! | AC54: =SUMIF(헤몬팜일일!$C$142:$C$240,$C54,헤몬팜일일!AK$142:AK$240) -> #REF! | AD54: =SUMIF(헤몬팜일일!$C$1:$C$140,$C54,헤몬팜일일!AK$1:AK$140) -> #REF! | AE54: =SUMIF(헤몬팜일일!$C$1:$C$140,$C54,헤몬팜일일!AL$1:AL$140) -> 1270.08
C55: 믹서기 | D55: =AC55/O55 -> 0.34798417 | E55: =AB55/O55 -> 0.49826628 | F55: =(S55+U55)/O55 -> 0.15028211 | G55: =H55/AG55 -> #DIV/0! | H55: =SUMIF(헤몬팜일일!$C$142:$C$240,$C55,헤몬팜일일!O$142:O$240) -> 126 | I55: =H55/7 -> 18 | J55: =SUMIF(헤몬팜일일!$C$142:$C$240,$C55,헤몬팜일일!P$142:P$240) -> 126 | K55: =SUMIF(헤몬팜일일!$C$142:$C$240,$C55,헤몬팜일일!Q$142:Q$240) -> 16 | L55: =SUMIF(헤몬팜일일!$C$142:$C$240,$C55,헤몬팜일일!S$142:S$240) -> 0 | M55: =SUMIF(헤몬팜일일!$C$142:$C$240,$C55,헤몬팜일일!T$142:T$240) -> 2237760 | N55: =SUMIF(헤몬팜일일!$C$142:$C$240,$C55,헤몬팜일일!U$142:U$240) -> 0 | O55: =SUMIF(헤몬팜일일!$C$142:$C$240,$C55,헤몬팜일일!V$142:V$240) -> 2237760 | P55: =O55/J55 -> 17760 | Q55: =R55/J55 -> 4837.2102 | R55: =SUMIF(헤몬팜일일!$C$142:$C$240,$C55,헤몬팜일일!Y$142:Y$240) -> 609488.49 | S55: =SUMIF(헤몬팜일일!$C$142:$C$240,$C55,헤몬팜일일!Z$142:Z$240) -> 336295.3 | T55: =SUMIF(헤몬팜일일!$C$142:$C$240,$C55,헤몬팜일일!AA$142:AA$240) -> 305723 | U55: =SUMIF(헤몬팜일일!$C$142:$C$240,$C55,헤몬팜일일!AB$142:AB$240) -> 0 | V55: =SUMIF(헤몬팜일일!$C$142:$C$240,$C55,헤몬팜일일!AC$142:AC$240) -> 36960 | W55: 0.1 | X55: =SUMIF(헤몬팜일일!$C$142:$C$240,$C55,헤몬팜일일!AE$142:AE$240) -> 239400 | Y55: =W55+(X55/O55) -> 0.20698198 | Z55: =SUMIF(헤몬팜일일!$C$142:$C$240,$C55,헤몬팜일일!AG$142:AG$240) -> 413945.43 | AA55: =SUMIF(헤몬팜일일!$C$142:$C$240,$C55,헤몬팜일일!AH$142:AH$240) -> 99325.739 | AB55: =SUMIF(헤몬팜일일!$C$142:$C$240,$C55,헤몬팜일일!AJ$142:AJ$240) -> 1115000.3 | AC55: =SUMIF(헤몬팜일일!$C$142:$C$240,$C55,헤몬팜일일!AK$142:AK$240) -> 778705.05 | AD55: =SUMIF(헤몬팜일일!$C$1:$C$140,$C55,헤몬팜일일!AK$1:AK$140) -> 1254401.5 | AE55: =SUMIF(헤몬팜일일!$C$1:$C$140,$C55,헤몬팜일일!AL$1:AL$140) -> 979.776
C56: 골전도이어폰 | D56: =AC56/O56 -> -0.0091164425 | E56: =AB56/O56 -> 0.39226507 | F56: =(S56+U56)/O56 -> 0.40138151 | G56: =H56/AG56 -> #DIV/0! | H56: =SUMIF(헤몬팜일일!$C$142:$C$240,$C56,헤몬팜일일!O$142:O$240) -> 137 | I56: =J56/7 -> 17.428571 | J56: =SUMIF(헤몬팜일일!$C$142:$C$240,$C56,헤몬팜일일!P$142:P$240) -> 122 | K56: =SUMIF(헤몬팜일일!$C$142:$C$240,$C56,헤몬팜일일!Q$142:Q$240) -> 15 | L56: =SUMIF(헤몬팜일일!$C$142:$C$240,$C56,헤몬팜일일!S$142:S$240) -> 15 | M56: =SUMIF(헤몬팜일일!$C$142:$C$240,$C56,헤몬팜일일!T$142:T$240) -> 2786300 | N56: =SUMIF(헤몬팜일일!$C$142:$C$240,$C56,헤몬팜일일!U$142:U$240) -> 297000 | O56: =SUMIF(헤몬팜일일!$C$142:$C$240,$C56,헤몬팜일일!V$142:V$240) -> 2489300 | P56: =O56/J56 -> 20404.098 | Q56: =R56/J56 -> 6685.6074 | R56: =SUMIF(헤몬팜일일!$C$142:$C$240,$C56,헤몬팜일일!Y$142:Y$240) -> 815644.1 | S56: =SUMIF(헤몬팜일일!$C$142:$C$240,$C56,헤몬팜일일!Z$142:Z$240) -> 758015.5 | T56: =SUMIF(헤몬팜일일!$C$142:$C$240,$C56,헤몬팜일일!AA$142:AA$240) -> 689105 | U56: =SUMIF(헤몬팜일일!$C$142:$C$240,$C56,헤몬팜일일!AB$142:AB$240) -> 241143.5 | V56: =SUMIF(헤몬팜일일!$C$142:$C$240,$C56,헤몬팜일일!AC$142:AC$240) -> 34650 | W56: 0.1 | X56: =SUMIF(헤몬팜일일!$C$142:$C$240,$C56,헤몬팜일일!AE$142:AE$240) -> 414800 | Y56: =W56+(X56/O56) -> 0.26663319 | Z56: =SUMIF(헤몬팜일일!$C$142:$C$240,$C56,헤몬팜일일!AG$142:AG$240) -> 613944.15 | AA56: =SUMIF(헤몬팜일일!$C$142:$C$240,$C56,헤몬팜일일!AH$142:AH$240) -> 83246.308 | AB56: =SUMIF(헤몬팜일일!$C$142:$C$240,$C56,헤몬팜일일!AJ$142:AJ$240) -> 976465.44 | AC56: =SUMIF(헤몬팜일일!$C$142:$C$240,$C56,헤몬팜일일!AK$142:AK$240) -> -22693.56 | AD56: =SUMIF(헤몬팜일일!$C$1:$C$140,$C56,헤몬팜일일!AK$1:AK$140) -> -73645.189 | AE56: =SUMIF(헤몬팜일일!$C$1:$C$140,$C56,헤몬팜일일!AL$1:AL$140) -> 54.432
C57: 공기압 주입기 | D57: =AC57/O57 -> 0.060529426 | E57: =AB57/O57 -> 0.43889194 | F57: =(S57+U57)/O57 -> 0.37836251 | G57: =H57/AG57 -> #DIV/0! | H57: =SUMIF(헤몬팜일일!$C$142:$C$240,$C57,헤몬팜일일!O$142:O$240) -> 31 | I57: =H57/7 -> 4.4285714 | J57: =SUMIF(헤몬팜일일!$C$142:$C$240,$C57,헤몬팜일일!P$142:P$240) -> 31 | K57: =SUMIF(헤몬팜일일!$C$142:$C$240,$C57,헤몬팜일일!Q$142:Q$240) -> 3 | L57: =SUMIF(헤몬팜일일!$C$142:$C$240,$C57,헤몬팜일일!S$142:S$240) -> 0 | M57: =SUMIF(헤몬팜일일!$C$142:$C$240,$C57,헤몬팜일일!T$142:T$240) -> 768800 | N57: =SUMIF(헤몬팜일일!$C$142:$C$240,$C57,헤몬팜일일!U$142:U$240) -> 0 | O57: =SUMIF(헤몬팜일일!$C$142:$C$240,$C57,헤몬팜일일!V$142:V$240) -> 768800 | P57: =O57/J57 -> 24800 | Q57: =R57/J57 -> 8579.709 | R57: =SUMIF(헤몬팜일일!$C$142:$C$240,$C57,헤몬팜일일!Y$142:Y$240) -> 265970.98 | S57: =SUMIF(헤몬팜일일!$C$142:$C$240,$C57,헤몬팜일일!Z$142:Z$240) -> 290885.1 | T57: =SUMIF(헤몬팜일일!$C$142:$C$240,$C57,헤몬팜일일!AA$142:AA$240) -> 264441 | U57: =SUMIF(헤몬팜일일!$C$142:$C$240,$C57,헤몬팜일일!AB$142:AB$240) -> 0 | V57: =SUMIF(헤몬팜일일!$C$142:$C$240,$C57,헤몬팜일일!AC$142:AC$240) -> 6930 | W57: 0.1 | X57: =SUMIF(헤몬팜일일!$C$142:$C$240,$C57,헤몬팜일일!AE$142:AE$240) -> 58900 | Y57: =W57+(X57/O57) -> 0.1766129 | Z57: =SUMIF(헤몬팜일일!$C$142:$C$240,$C57,헤몬팜일일!AG$142:AG$240) -> 135780.15 | AA57: =SUMIF(헤몬팜일일!$C$142:$C$240,$C57,헤몬팜일일!AH$142:AH$240) -> 29628.748 | AB57: =SUMIF(헤몬팜일일!$C$142:$C$240,$C57,헤몬팜일일!AJ$142:AJ$240) -> 337420.12 | AC57: =SUMIF(헤몬팜일일!$C$142:$C$240,$C57,헤몬팜일일!AK$142:AK$240) -> 46535.023 | AD57: =SUMIF(헤몬팜일일!$C$1:$C$140,$C57,헤몬팜일일!AK$1:AK$140) -> 104620.81 | AE57: =SUMIF(헤몬팜일일!$C$1:$C$140,$C57,헤몬팜일일!AL$1:AL$140) -> 196.56
C58: 강아지바리깡 | D58: =AC58/O58 -> 0.25719828 | E58: =AB58/O58 -> 0.43444845 | F58: =(S58+U58)/O58 -> 0.17725017 | G58: =H58/AG58 -> #DIV/0! | H58: =SUMIF(헤몬팜일일!$C$142:$C$240,$C58,헤몬팜일일!O$142:O$240) -> 195 | I58: =H58/7 -> 27.857143 | J58: =SUMIF(헤몬팜일일!$C$142:$C$240,$C58,헤몬팜일일!P$142:P$240) -> 195 | K58: =SUMIF(헤몬팜일일!$C$142:$C$240,$C58,헤몬팜일일!Q$142:Q$240) -> 25 | L58: =SUMIF(헤몬팜일일!$C$142:$C$240,$C58,헤몬팜일일!S$142:S$240) -> 0 | M58: =SUMIF(헤몬팜일일!$C$142:$C$240,$C58,헤몬팜일일!T$142:T$240) -> 4834050 | N58: =SUMIF(헤몬팜일일!$C$142:$C$240,$C58,헤몬팜일일!U$142:U$240) -> 0 | O58: =SUMIF(헤몬팜일일!$C$142:$C$240,$C58,헤몬팜일일!V$142:V$240) -> 4834050 | P58: =O58/J58 -> 24790 | Q58: =R58/J58 -> 7253.6181 | R58: =SUMIF(헤몬팜일일!$C$142:$C$240,$C58,헤몬팜일일!Y$142:Y$240) -> 1414455.5 | S58: =SUMIF(헤몬팜일일!$C$142:$C$240,$C58,헤몬팜일일!Z$142:Z$240) -> 856836.2 | T58: =SUMIF(헤몬팜일일!$C$142:$C$240,$C58,헤몬팜일일!AA$142:AA$240) -> 778942 | U58: =SUMIF(헤몬팜일일!$C$142:$C$240,$C58,헤몬팜일일!AB$142:AB$240) -> 0 | V58: =SUMIF(헤몬팜일일!$C$142:$C$240,$C58,헤몬팜일일!AC$142:AC$240) -> 57750 | W58: 0.1 | X58: =SUMIF(헤몬팜일일!$C$142:$C$240,$C58,헤몬팜일일!AE$142:AE$240) -> 614250 | Y58: =W58+(X58/O58) -> 0.22706737 | Z58: =SUMIF(헤몬팜일일!$C$142:$C$240,$C58,헤몬팜일일!AG$142:AG$240) -> 1136327.6 | AA58: =SUMIF(헤몬팜일일!$C$142:$C$240,$C58,헤몬팜일일!AH$142:AH$240) -> 183121.39 | AB58: =SUMIF(헤몬팜일일!$C$142:$C$240,$C58,헤몬팜일일!AJ$142:AJ$240) -> 2100145.5 | AC58: =SUMIF(헤몬팜일일!$C$142:$C$240,$C58,헤몬팜일일!AK$142:AK$240) -> 1243309.3 | AD58: =SUMIF(헤몬팜일일!$C$1:$C$140,$C58,헤몬팜일일!AK$1:AK$140) -> 1002917.6 | AE58: =SUMIF(헤몬팜일일!$C$1:$C$140,$C58,헤몬팜일일!AL$1:AL$140) -> 452.088
C59: 강아지바리깡 2개 | D59: =AC59/O59 -> -1.4964016 | E59: =AB59/O59 -> 0.41263732 | F59: =(S59+U59)/O59 -> 1.9090389 | G59: =H59/AG59 -> #DIV/0! | H59: =SUMIF(헤몬팜일일!$C$142:$C$240,$C59,헤몬팜일일!O$142:O$240) -> 4 | I59: =H59/7 -> 0.57142857 | J59: =SUMIF(헤몬팜일일!$C$142:$C$240,$C59,헤몬팜일일!P$142:P$240) -> 4 | K59: =SUMIF(헤몬팜일일!$C$142:$C$240,$C59,헤몬팜일일!Q$142:Q$240) -> 1 | L59: =SUMIF(헤몬팜일일!$C$142:$C$240,$C59,헤몬팜일일!S$142:S$240) -> 0 | M59: =SUMIF(헤몬팜일일!$C$142:$C$240,$C59,헤몬팜일일!T$142:T$240) -> 159200 | N59: =SUMIF(헤몬팜일일!$C$142:$C$240,$C59,헤몬팜일일!U$142:U$240) -> 0 | O59: =SUMIF(헤몬팜일일!$C$142:$C$240,$C59,헤몬팜일일!V$142:V$240) -> 159200 | P59: =O59/J59 -> 39800 | Q59: =R59/J59 -> 14113.035 | R59: =SUMIF(헤몬팜일일!$C$142:$C$240,$C59,헤몬팜일일!Y$142:Y$240) -> 56452.138 | S59: =SUMIF(헤몬팜일일!$C$142:$C$240,$C59,헤몬팜일일!Z$142:Z$240) -> 303919 | T59: =SUMIF(헤몬팜일일!$C$142:$C$240,$C59,헤몬팜일일!AA$142:AA$240) -> 276290 | U59: =SUMIF(헤몬팜일일!$C$142:$C$240,$C59,헤몬팜일일!AB$142:AB$240) -> 0 | V59: =SUMIF(헤몬팜일일!$C$142:$C$240,$C59,헤몬팜일일!AC$142:AC$240) -> 2310 | W59: 0.1 | X59: =SUMIF(헤몬팜일일!$C$142:$C$240,$C59,헤몬팜일일!AE$142:AE$240) -> 14200 | Y59: =W59+(X59/O59) -> 0.18919598 | Z59: =SUMIF(헤몬팜일일!$C$142:$C$240,$C59,헤몬팜일일!AG$142:AG$240) -> 31393.69 | AA59: =SUMIF(헤몬팜일일!$C$142:$C$240,$C59,헤몬팜일일!AH$142:AH$240) -> 5662.3108 | AB59: =SUMIF(헤몬팜일일!$C$142:$C$240,$C59,헤몬팜일일!AJ$142:AJ$240) -> 65691.861 | AC59: =SUMIF(헤몬팜일일!$C$142:$C$240,$C59,헤몬팜일일!AK$142:AK$240) -> -238227.14 | AD59: =SUMIF(헤몬팜일일!$C$1:$C$140,$C59,헤몬팜일일!AK$1:AK$140) -> -145981.59 | AE59: =SUMIF(헤몬팜일일!$C$1:$C$140,$C59,헤몬팜일일!AL$1:AL$140) -> 452.088
D60: =AC60/P60 -> #REF! | E60: =AB60/P60 -> #REF! | F60: =T60/P60 -> #DIV/0! | H60: =SUM(H43:H59) -> 2164 | I60: =SUM(I43:I59) -> 307 | J60: =SUM(J43:J59) -> 2129 | K60: =SUM(K43:K59) -> 212 | L60: =SUM(L43:L59) -> 35 | M60: =SUM(M43:M59) -> 60019350 | N60: =SUM(N43:N59) -> 619400 | O60: =SUM(O43:O59) -> 59399950 | Q60: =SUM(Q43:Q59) -> #REF! | R60: =SUM(R43:R59) -> #REF! | S60: =SUM(S43:S59) -> 13285012 | T60: =SUM(T43:T59) -> 12077284 | U60: =SUM(U43:U59) -> 438492.5 | V60: =SUM(V43:V59) -> 474816 | W60: 0.09 | X60: =SUM(X43:X59) -> 6627900 | Z60: =SUM(Z43:Z59) -> 12332558 | AA60: =SUM(AA43:AA59) -> #REF! | AB60: =SUM(AB43:AB59) -> #REF! | AC60: =SUM(AC43:AC59) -> #REF!
C62: 10/13~10/19 | D62: 이윤율 | E62: 마진율 | F62: 광고비율 | G62: 전환율 | H62: 판매수 | I62: 일판매 | J62: 순판매개수 | K62: 취소개수 | L62: 가구매 | M62: 매출 | N62: 가구매금액 | O62: 순매출 | P62: 판매가 | Q62: 입고가 | R62: 입고판매가 | S62: 광고비1.1 | T62: 광고비 | U62: 가구매비용 | V62: 반품회수비 | W62: 수수료 | X62: 택배비 | Y62: 판매수수료 | Z62: 수수료 | AA62: 부가세 | AB62: 판매마진 | AC62: 순이익 | AD62: 노출수 | AE62: 클릭수
C63: 쉐이버 | D63: =AC63/O63 -> 0.1811129 | E63: =AB63/O63 -> 0.4227075 | F63: =(S63+U63)/O63 -> 0.2415946 | G63: =H63/AG63 -> #DIV/0! | H63: =SUMIF(헤몬팜일일!$C$242:$C$380,$C63,헤몬팜일일!O$242:O$380) -> 1420 | I63: =H63/7 -> 202.85714 | J63: =SUMIF(헤몬팜일일!$C$242:$C$380,$C63,헤몬팜일일!P$242:P$380) -> 1420 | K63: =SUMIF(헤몬팜일일!$C$242:$C$380,$C63,헤몬팜일일!Q$242:Q$380) -> 102 | L63: =SUMIF(헤몬팜일일!$C$242:$C$380,$C63,헤몬팜일일!S$242:S$380) -> 0 | M63: =SUMIF(헤몬팜일일!$C$242:$C$380,$C63,헤몬팜일일!T$242:T$380) -> 39618000 | N63: =SUMIF(헤몬팜일일!$C$242:$C$380,$C63,헤몬팜일일!U$242:U$380) -> 0 | O63: =SUMIF(헤몬팜일일!$C$242:$C$380,$C63,헤몬팜일일!V$242:V$380) -> 39618000 | P63: =O63/J63 -> 27900 | Q63: =R63/J63 -> 9245.0616 | R63: =SUMIF(헤몬팜일일!$C$242:$C$380,$C63,헤몬팜일일!Y$242:Y$380) -> 13127987 | S63: =SUMIF(헤몬팜일일!$C$242:$C$380,$C63,헤몬팜일일!Z$242:Z$380) -> 9571494.9 | T63: =SUMIF(헤몬팜일일!$C$242:$C$380,$C63,헤몬팜일일!AA$242:AA$380) -> 8701359 | U63: =SUMIF(헤몬팜일일!$C$242:$C$380,$C63,헤몬팜일일!AB$242:AB$380) -> 0 | V63: =SUMIF(헤몬팜일일!$C$242:$C$380,$C63,헤몬팜일일!AC$242:AC$380) -> 221544 | W63: 0.1 | X63: =SUMIF(헤몬팜일일!$C$242:$C$380,$C63,헤몬팜일일!AE$242:AE$380) -> 4331000 | Y63: =W63+(X63/O63) -> 0.209319 | Z63: =SUMIF(헤몬팜일일!$C$242:$C$380,$C63,헤몬팜일일!AG$242:AG$380) -> 8292800.2 | AA63: =SUMIF(헤몬팜일일!$C$242:$C$380,$C63,헤몬팜일일!AH$242:AH$380) -> 1450386.7 | AB63: =SUMIF(헤몬팜일일!$C$242:$C$380,$C63,헤몬팜일일!AJ$242:AJ$380) -> 16746826 | AC63: =SUMIF(헤몬팜일일!$C$242:$C$380,$C63,헤몬팜일일!AK$242:AK$380) -> 7175330.8 | AD63: =SUMIF(헤몬팜일일!$C$242:$C$380,$C63,헤몬팜일일!AK$242:AK$380) -> 7175330.8 | AE63: =SUMIF(헤몬팜일일!$C$242:$C$380,$C63,헤몬팜일일!AL$242:AL$380) -> 452.088
C64: 일자면도기 | D64: =AC64/O64 -> 0.15082572 | E64: =AB64/O64 -> 0.40985068 | F64: =(S64+U64)/O64 -> 0.25902496 | G64: =H64/AG64 -> #DIV/0! | H64: =SUMIF(헤몬팜일일!$C$242:$C$380,$C64,헤몬팜일일!O$242:O$380) -> 3 | I64: =H64/7 -> 0.42857143 | J64: =SUMIF(헤몬팜일일!$C$242:$C$380,$C64,헤몬팜일일!P$242:P$380) -> 3 | K64: =SUMIF(헤몬팜일일!$C$242:$C$380,$C64,헤몬팜일일!Q$242:Q$380) -> 0 | L64: =SUMIF(헤몬팜일일!$C$242:$C$380,$C64,헤몬팜일일!S$242:S$380) -> 0 | M64: =SUMIF(헤몬팜일일!$C$242:$C$380,$C64,헤몬팜일일!T$242:T$380) -> 68100 | N64: =SUMIF(헤몬팜일일!$C$242:$C$380,$C64,헤몬팜일일!U$242:U$380) -> 0 | O64: =SUMIF(헤몬팜일일!$C$242:$C$380,$C64,헤몬팜일일!V$242:V$380) -> 68100 | P64: =O64/J64 -> 22700 | Q64: =R64/J64 -> 7377.328 | R64: =SUMIF(헤몬팜일일!$C$242:$C$380,$C64,헤몬팜일일!Y$242:Y$380) -> 22131.984 | S64: =SUMIF(헤몬팜일일!$C$242:$C$380,$C64,헤몬팜일일!Z$242:Z$380) -> 17639.6 | T64: =SUMIF(헤몬팜일일!$C$242:$C$380,$C64,헤몬팜일일!AA$242:AA$380) -> 16036 | U64: =SUMIF(헤몬팜일일!$C$242:$C$380,$C64,헤몬팜일일!AB$242:AB$380) -> 0 | V64: =SUMIF(헤몬팜일일!$C$242:$C$380,$C64,헤몬팜일일!AC$242:AC$380) -> 0 | W64: 0.1 | X64: =SUMIF(헤몬팜일일!$C$242:$C$380,$C64,헤몬팜일일!AE$242:AE$380) -> 8850 | Y64: =W64+(X64/O64) -> 0.22995595 | Z64: =SUMIF(헤몬팜일일!$C$242:$C$380,$C64,헤몬팜일일!AG$242:AG$380) -> 15660.06 | AA64: =SUMIF(헤몬팜일일!$C$242:$C$380,$C64,헤몬팜일일!AH$242:AH$380) -> 2397.1247 | AB64: =SUMIF(헤몬팜일일!$C$242:$C$380,$C64,헤몬팜일일!AJ$242:AJ$380) -> 27910.831 | AC64: =SUMIF(헤몬팜일일!$C$242:$C$380,$C64,헤몬팜일일!AK$242:AK$380) -> 10271.231 | AD64: =SUMIF(헤몬팜일일!$C$242:$C$380,$C64,헤몬팜일일!AK$242:AK$380) -> 10271.231 | AE64: =SUMIF(헤몬팜일일!$C$242:$C$380,$C64,헤몬팜일일!AL$242:AL$380) -> 340.2
C65: 프라임 1개 | D65: =AC65/O65 -> #REF! | E65: =AB65/O65 -> #REF! | F65: =(S65+U65)/O65 -> 0.19586965 | G65: =H65/AG65 -> #DIV/0! | H65: =SUMIF(헤몬팜일일!$C$242:$C$380,$C65,헤몬팜일일!O$242:O$380) -> 20 | I65: =H65/7 -> 2.8571429 | J65: =SUMIF(헤몬팜일일!$C$242:$C$380,$C65,헤몬팜일일!P$242:P$380) -> 20 | K65: =SUMIF(헤몬팜일일!$C$242:$C$380,$C65,헤몬팜일일!Q$242:Q$380) -> 2 | L65: =SUMIF(헤몬팜일일!$C$242:$C$380,$C65,헤몬팜일일!S$242:S$380) -> 0 | M65: =SUMIF(헤몬팜일일!$C$242:$C$380,$C65,헤몬팜일일!T$242:T$380) -> 916000 | N65: =SUMIF(헤몬팜일일!$C$242:$C$380,$C65,헤몬팜일일!U$242:U$380) -> 0 | O65: =SUMIF(헤몬팜일일!$C$242:$C$380,$C65,헤몬팜일일!V$242:V$380) -> 916000 | P65: =O65/J65 -> 45800 | Q65: =R65/J65 -> #REF! | R65: =SUMIF(헤몬팜일일!$C$242:$C$380,$C65,헤몬팜일일!Y$242:Y$380) -> #REF! | S65: =SUMIF(헤몬팜일일!$C$242:$C$380,$C65,헤몬팜일일!Z$242:Z$380) -> 179416.6 | T65: =SUMIF(헤몬팜일일!$C$242:$C$380,$C65,헤몬팜일일!AA$242:AA$380) -> 163106 | U65: =SUMIF(헤몬팜일일!$C$242:$C$380,$C65,헤몬팜일일!AB$242:AB$380) -> 0 | V65: =SUMIF(헤몬팜일일!$C$242:$C$380,$C65,헤몬팜일일!AC$242:AC$380) -> 4620 | W65: 0.1 | X65: =SUMIF(헤몬팜일일!$C$242:$C$380,$C65,헤몬팜일일!AE$242:AE$380) -> 83000 | Y65: =W65+(X65/O65) -> 0.19061135 | Z65: =SUMIF(헤몬팜일일!$C$242:$C$380,$C65,헤몬팜일일!AG$242:AG$380) -> 183760.18 | AA65: =SUMIF(헤몬팜일일!$C$242:$C$380,$C65,헤몬팜일일!AH$242:AH$380) -> #REF! | AB65: =SUMIF(헤몬팜일일!$C$242:$C$380,$C65,헤몬팜일일!AJ$242:AJ$380) -> #REF! | AC65: =SUMIF(헤몬팜일일!$C$242:$C$380,$C65,헤몬팜일일!AK$242:AK$380) -> #REF! | AD65: =SUMIF(헤몬팜일일!$C$242:$C$380,$C65,헤몬팜일일!AK$242:AK$380) -> #REF! | AE65: =SUMIF(헤몬팜일일!$C$242:$C$380,$C65,헤몬팜일일!AL$242:AL$380) -> 1134
C66: 프라임 2개 | D66: =AC66/O66 -> #REF! | E66: =AB66/O66 -> #REF! | F66: =(S66+U66)/O66 -> 0.299664 | G66: =H66/AG66 -> #DIV/0! | H66: =SUMIF(헤몬팜일일!$C$242:$C$380,$C66,헤몬팜일일!O$242:O$380) -> 44 | I66: =H66/7 -> 6.2857143 | J66: =SUMIF(헤몬팜일일!$C$242:$C$380,$C66,헤몬팜일일!P$242:P$380) -> 44 | K66: =SUMIF(헤몬팜일일!$C$242:$C$380,$C66,헤몬팜일일!Q$242:Q$380) -> 6 | L66: =SUMIF(헤몬팜일일!$C$242:$C$380,$C66,헤몬팜일일!S$242:S$380) -> 0 | M66: =SUMIF(헤몬팜일일!$C$242:$C$380,$C66,헤몬팜일일!T$242:T$380) -> 2059200 | N66: =SUMIF(헤몬팜일일!$C$242:$C$380,$C66,헤몬팜일일!U$242:U$380) -> 0 | O66: =SUMIF(헤몬팜일일!$C$242:$C$380,$C66,헤몬팜일일!V$242:V$380) -> 2059200 | P66: =O66/J66 -> 46800 | Q66: =R66/J66 -> #REF! | R66: =SUMIF(헤몬팜일일!$C$242:$C$380,$C66,헤몬팜일일!Y$242:Y$380) -> #REF! | S66: =SUMIF(헤몬팜일일!$C$242:$C$380,$C66,헤몬팜일일!Z$242:Z$380) -> 617068.1 | T66: =SUMIF(헤몬팜일일!$C$242:$C$380,$C66,헤몬팜일일!AA$242:AA$380) -> 560971 | U66: =SUMIF(헤몬팜일일!$C$242:$C$380,$C66,헤몬팜일일!AB$242:AB$380) -> 0 | V66: =SUMIF(헤몬팜일일!$C$242:$C$380,$C66,헤몬팜일일!AC$242:AC$380) -> 13860 | W66: 0.1 | X66: =SUMIF(헤몬팜일일!$C$242:$C$380,$C66,헤몬팜일일!AE$242:AE$380) -> 182600 | Y66: =W66+(X66/O66) -> 0.18867521 | Z66: =SUMIF(헤몬팜일일!$C$242:$C$380,$C66,헤몬팜일일!AG$242:AG$380) -> 409112.21 | AA66: =SUMIF(헤몬팜일일!$C$242:$C$380,$C66,헤몬팜일일!AH$242:AH$380) -> #REF! | AB66: =SUMIF(헤몬팜일일!$C$242:$C$380,$C66,헤몬팜일일!AJ$242:AJ$380) -> #REF! | AC66: =SUMIF(헤몬팜일일!$C$242:$C$380,$C66,헤몬팜일일!AK$242:AK$380) -> #REF! | AD66: =SUMIF(헤몬팜일일!$C$242:$C$380,$C66,헤몬팜일일!AK$242:AK$380) -> #REF! | AE66: =SUMIF(헤몬팜일일!$C$242:$C$380,$C66,헤몬팜일일!AL$242:AL$380) -> 1134
C67: 다밴다 1개 | D67: =AC67/O67 -> #REF! | E67: =AB67/O67 -> #REF! | F67: =(S67+U67)/O67 -> 0.25517057 | G67: =H67/AG67 -> #DIV/0! | H67: =SUMIF(헤몬팜일일!$C$242:$C$380,$C67,헤몬팜일일!O$242:O$380) -> 3 | I67: =H67/7 -> 0.42857143 | J67: =SUMIF(헤몬팜일일!$C$242:$C$380,$C67,헤몬팜일일!P$242:P$380) -> 3 | K67: =SUMIF(헤몬팜일일!$C$242:$C$380,$C67,헤몬팜일일!Q$242:Q$380) -> 0 | L67: =SUMIF(헤몬팜일일!$C$242:$C$380,$C67,헤몬팜일일!S$242:S$380) -> 0 | M67: =SUMIF(헤몬팜일일!$C$242:$C$380,$C67,헤몬팜일일!T$242:T$380) -> 179400 | N67: =SUMIF(헤몬팜일일!$C$242:$C$380,$C67,헤몬팜일일!U$242:U$380) -> 0 | O67: =SUMIF(헤몬팜일일!$C$242:$C$380,$C67,헤몬팜일일!V$242:V$380) -> 179400 | P67: =O67/J67 -> 59800 | Q67: =R67/J67 -> #REF! | R67: =SUMIF(헤몬팜일일!$C$242:$C$380,$C67,헤몬팜일일!Y$242:Y$380) -> #REF! | S67: =SUMIF(헤몬팜일일!$C$242:$C$380,$C67,헤몬팜일일!Z$242:Z$380) -> 45777.6 | T67: =SUMIF(헤몬팜일일!$C$242:$C$380,$C67,헤몬팜일일!AA$242:AA$380) -> 41616 | U67: =SUMIF(헤몬팜일일!$C$242:$C$380,$C67,헤몬팜일일!AB$242:AB$380) -> 0 | V67: =SUMIF(헤몬팜일일!$C$242:$C$380,$C67,헤몬팜일일!AC$242:AC$380) -> 0 | W67: 0.1 | X67: =SUMIF(헤몬팜일일!$C$242:$C$380,$C67,헤몬팜일일!AE$242:AE$380) -> 14475 | Y67: =W67+(X67/O67) -> 0.18068562 | Z67: =SUMIF(헤몬팜일일!$C$242:$C$380,$C67,헤몬팜일일!AG$242:AG$380) -> 33850.26 | AA67: =SUMIF(헤몬팜일일!$C$242:$C$380,$C67,헤몬팜일일!AH$242:AH$380) -> #REF! | AB67: =SUMIF(헤몬팜일일!$C$242:$C$380,$C67,헤몬팜일일!AJ$242:AJ$380) -> #REF! | AC67: =SUMIF(헤몬팜일일!$C$242:$C$380,$C67,헤몬팜일일!AK$242:AK$380) -> #REF! | AD67: =SUMIF(헤몬팜일일!$C$242:$C$380,$C67,헤몬팜일일!AK$242:AK$380) -> #REF! | AE67: =SUMIF(헤몬팜일일!$C$242:$C$380,$C67,헤몬팜일일!AL$242:AL$380) -> 2600.64
C68: 다벤다 2개 | D68: =AC68/O68 -> #REF! | E68: =AB68/O68 -> #REF! | F68: =(S68+U68)/O68 -> 0.50868038 | G68: =H68/AG68 -> #DIV/0! | H68: =SUMIF(헤몬팜일일!$C$242:$C$380,$C68,헤몬팜일일!O$242:O$380) -> 6 | I68: =H68/7 -> 0.85714286 | J68: =SUMIF(헤몬팜일일!$C$242:$C$380,$C68,헤몬팜일일!P$242:P$380) -> 6 | K68: =SUMIF(헤몬팜일일!$C$242:$C$380,$C68,헤몬팜일일!Q$242:Q$380) -> 1 | L68: =SUMIF(헤몬팜일일!$C$242:$C$380,$C68,헤몬팜일일!S$242:S$380) -> 0 | M68: =SUMIF(헤몬팜일일!$C$242:$C$380,$C68,헤몬팜일일!T$242:T$380) -> 418680 | N68: =SUMIF(헤몬팜일일!$C$242:$C$380,$C68,헤몬팜일일!U$242:U$380) -> 0 | O68: =SUMIF(헤몬팜일일!$C$242:$C$380,$C68,헤몬팜일일!V$242:V$380) -> 418680 | P68: =O68/J68 -> 69780 | Q68: =R68/J68 -> #REF! | R68: =SUMIF(헤몬팜일일!$C$242:$C$380,$C68,헤몬팜일일!Y$242:Y$380) -> #REF! | S68: =SUMIF(헤몬팜일일!$C$242:$C$380,$C68,헤몬팜일일!Z$242:Z$380) -> 212974.3 | T68: =SUMIF(헤몬팜일일!$C$242:$C$380,$C68,헤몬팜일일!AA$242:AA$380) -> 193613 | U68: =SUMIF(헤몬팜일일!$C$242:$C$380,$C68,헤몬팜일일!AB$242:AB$380) -> 0 | V68: =SUMIF(헤몬팜일일!$C$242:$C$380,$C68,헤몬팜일일!AC$242:AC$380) -> 2310 | W68: 0.1 | X68: =SUMIF(헤몬팜일일!$C$242:$C$380,$C68,헤몬팜일일!AE$242:AE$380) -> 28950 | Y68: =W68+(X68/O68) -> 0.16914589 | Z68: =SUMIF(헤몬팜일일!$C$242:$C$380,$C68,헤몬팜일일!AG$242:AG$380) -> 74167.62 | AA68: =SUMIF(헤몬팜일일!$C$242:$C$380,$C68,헤몬팜일일!AH$242:AH$380) -> #REF! | AB68: =SUMIF(헤몬팜일일!$C$242:$C$380,$C68,헤몬팜일일!AJ$242:AJ$380) -> #REF! | AC68: =SUMIF(헤몬팜일일!$C$242:$C$380,$C68,헤몬팜일일!AK$242:AK$380) -> #REF! | AD68: =SUMIF(헤몬팜일일!$C$242:$C$380,$C68,헤몬팜일일!AK$242:AK$380) -> #REF! | AE68: =SUMIF(헤몬팜일일!$C$242:$C$380,$C68,헤몬팜일일!AL$242:AL$380) -> 2600.64
C69: 시거잭 | D69: =AC69/O69 -> -0.17429857 | E69: =AB69/O69 -> 0.39080854 | F69: =(S69+U69)/O69 -> 0.5651071 | G69: =H69/AG69 -> #DIV/0! | H69: =SUMIF(헤몬팜일일!$C$242:$C$380,$C69,헤몬팜일일!O$242:O$380) -> 49 | I69: =H69/7 -> 7 | J69: =SUMIF(헤몬팜일일!$C$242:$C$380,$C69,헤몬팜일일!P$242:P$380) -> 49 | K69: =SUMIF(헤몬팜일일!$C$242:$C$380,$C69,헤몬팜일일!Q$242:Q$380) -> 5 | L69: =SUMIF(헤몬팜일일!$C$242:$C$380,$C69,헤몬팜일일!S$242:S$380) -> 0 | M69: =SUMIF(헤몬팜일일!$C$242:$C$380,$C69,헤몬팜일일!T$242:T$380) -> 789880 | N69: =SUMIF(헤몬팜일일!$C$242:$C$380,$C69,헤몬팜일일!U$242:U$380) -> 0 | O69: =SUMIF(헤몬팜일일!$C$242:$C$380,$C69,헤몬팜일일!V$242:V$380) -> 789880 | P69: =O69/J69 -> 16120 | Q69: =R69/J69 -> 5126.3245 | R69: =SUMIF(헤몬팜일일!$C$242:$C$380,$C69,헤몬팜일일!Y$242:Y$380) -> 251189.9 | S69: =SUMIF(헤몬팜일일!$C$242:$C$380,$C69,헤몬팜일일!Z$242:Z$380) -> 446366.8 | T69: =SUMIF(헤몬팜일일!$C$242:$C$380,$C69,헤몬팜일일!AA$242:AA$380) -> 405788 | U69: =SUMIF(헤몬팜일일!$C$242:$C$380,$C69,헤몬팜일일!AB$242:AB$380) -> 0 | V69: =SUMIF(헤몬팜일일!$C$242:$C$380,$C69,헤몬팜일일!AC$242:AC$380) -> 11550 | W69: 0.1 | X69: =SUMIF(헤몬팜일일!$C$242:$C$380,$C69,헤몬팜일일!AE$242:AE$380) -> 142100 | Y69: =W69+(X69/O69) -> 0.27990074 | Z69: =SUMIF(헤몬팜일일!$C$242:$C$380,$C69,헤몬팜일일!AG$242:AG$380) -> 203710.82 | AA69: =SUMIF(헤몬팜일일!$C$242:$C$380,$C69,헤몬팜일일!AH$242:AH$380) -> 26287.433 | AB69: =SUMIF(헤몬팜일일!$C$242:$C$380,$C69,헤몬팜일일!AJ$242:AJ$380) -> 308691.85 | AC69: =SUMIF(헤몬팜일일!$C$242:$C$380,$C69,헤몬팜일일!AK$242:AK$380) -> -137674.95 | AD69: =SUMIF(헤몬팜일일!$C$242:$C$380,$C69,헤몬팜일일!AK$242:AK$380) -> -137674.95 | AE69: =SUMIF(헤몬팜일일!$C$242:$C$380,$C69,헤몬팜일일!AL$242:AL$380) -> 42.525
C70: 뉴 고압세척기 배터리 1개 | D70: =AC70/O70 -> #REF! | E70: =AB70/O70 -> #REF! | F70: =(S70+U70)/O70 -> 0.30877445 | G70: =H70/AG70 -> #DIV/0! | H70: =SUMIF(헤몬팜일일!$C$242:$C$380,$C70,헤몬팜일일!O$242:O$380) -> 48 | I70: =H70/7 -> 6.8571429 | J70: =SUMIF(헤몬팜일일!$C$242:$C$380,$C70,헤몬팜일일!P$242:P$380) -> 48 | K70: =SUMIF(헤몬팜일일!$C$242:$C$380,$C70,헤몬팜일일!Q$242:Q$380) -> 3 | L70: =SUMIF(헤몬팜일일!$C$242:$C$380,$C70,헤몬팜일일!S$242:S$380) -> 0 | M70: =SUMIF(헤몬팜일일!$C$242:$C$380,$C70,헤몬팜일일!T$242:T$380) -> 1910400 | N70: =SUMIF(헤몬팜일일!$C$242:$C$380,$C70,헤몬팜일일!U$242:U$380) -> 0 | O70: =SUMIF(헤몬팜일일!$C$242:$C$380,$C70,헤몬팜일일!V$242:V$380) -> 1910400 | P70: =O70/J70 -> 39800 | Q70: =R70/J70 -> #REF! | R70: =SUMIF(헤몬팜일일!$C$242:$C$380,$C70,헤몬팜일일!Y$242:Y$380) -> #REF! | S70: =SUMIF(헤몬팜일일!$C$242:$C$380,$C70,헤몬팜일일!Z$242:Z$380) -> 589882.7 | T70: =SUMIF(헤몬팜일일!$C$242:$C$380,$C70,헤몬팜일일!AA$242:AA$380) -> 536257 | U70: =SUMIF(헤몬팜일일!$C$242:$C$380,$C70,헤몬팜일일!AB$242:AB$380) -> 0 | V70: =SUMIF(헤몬팜일일!$C$242:$C$380,$C70,헤몬팜일일!AC$242:AC$380) -> 6930 | W70: 0.1 | X70: =SUMIF(헤몬팜일일!$C$242:$C$380,$C70,헤몬팜일일!AE$242:AE$380) -> 199200 | Y70: =W70+(X70/O70) -> 0.20427136 | Z70: =SUMIF(헤몬팜일일!$C$242:$C$380,$C70,헤몬팜일일!AG$242:AG$380) -> 352032.21 | AA70: =SUMIF(헤몬팜일일!$C$242:$C$380,$C70,헤몬팜일일!AH$242:AH$380) -> #REF! | AB70: =SUMIF(헤몬팜일일!$C$242:$C$380,$C70,헤몬팜일일!AJ$242:AJ$380) -> #REF! | AC70: =SUMIF(헤몬팜일일!$C$242:$C$380,$C70,헤몬팜일일!AK$242:AK$380) -> #REF! | AD70: =SUMIF(헤몬팜일일!$C$242:$C$380,$C70,헤몬팜일일!AK$242:AK$380) -> #REF! | AE70: =SUMIF(헤몬팜일일!$C$242:$C$380,$C70,헤몬팜일일!AL$242:AL$380) -> 1234.926
C71: 뉴 고압세척기 | D71: =AC71/O71 -> #REF! | E71: =AB71/O71 -> #REF! | F71: =(S71+U71)/O71 -> 0.33656561 | G71: =H71/AG71 -> #DIV/0! | H71: =SUMIF(헤몬팜일일!$C$242:$C$380,$C71,헤몬팜일일!O$242:O$380) -> 17 | I71: =H71/7 -> 2.4285714 | J71: =SUMIF(헤몬팜일일!$C$242:$C$380,$C71,헤몬팜일일!P$242:P$380) -> 17 | K71: =SUMIF(헤몬팜일일!$C$242:$C$380,$C71,헤몬팜일일!Q$242:Q$380) -> 3 | L71: =SUMIF(헤몬팜일일!$C$242:$C$380,$C71,헤몬팜일일!S$242:S$380) -> 0 | M71: =SUMIF(헤몬팜일일!$C$242:$C$380,$C71,헤몬팜일일!T$242:T$380) -> 729300 | N71: =SUMIF(헤몬팜일일!$C$242:$C$380,$C71,헤몬팜일일!U$242:U$380) -> 0 | O71: =SUMIF(헤몬팜일일!$C$242:$C$380,$C71,헤몬팜일일!V$242:V$380) -> 729300 | P71: =O71/J71 -> 42900 | Q71: =R71/J71 -> #REF! | R71: =SUMIF(헤몬팜일일!$C$242:$C$380,$C71,헤몬팜일일!Y$242:Y$380) -> #REF! | S71: =SUMIF(헤몬팜일일!$C$242:$C$380,$C71,헤몬팜일일!Z$242:Z$380) -> 245457.3 | T71: =SUMIF(헤몬팜일일!$C$242:$C$380,$C71,헤몬팜일일!AA$242:AA$380) -> 223143 | U71: =SUMIF(헤몬팜일일!$C$242:$C$380,$C71,헤몬팜일일!AB$242:AB$380) -> 0 | V71: =SUMIF(헤몬팜일일!$C$242:$C$380,$C71,헤몬팜일일!AC$242:AC$380) -> 6930 | W71: 0.1 | X71: =SUMIF(헤몬팜일일!$C$242:$C$380,$C71,헤몬팜일일!AE$242:AE$380) -> 32300 | Y71: =W71+(X71/O71) -> 0.14428904 | Z71: =SUMIF(헤몬팜일일!$C$242:$C$380,$C71,헤몬팜일일!AG$242:AG$380) -> 89185.58 | AA71: =SUMIF(헤몬팜일일!$C$242:$C$380,$C71,헤몬팜일일!AH$242:AH$380) -> #REF! | AB71: =SUMIF(헤몬팜일일!$C$242:$C$380,$C71,헤몬팜일일!AJ$242:AJ$380) -> #REF! | AC71: =SUMIF(헤몬팜일일!$C$242:$C$380,$C71,헤몬팜일일!AK$242:AK$380) -> #REF! | AD71: =SUMIF(헤몬팜일일!$C$242:$C$380,$C71,헤몬팜일일!AK$242:AK$380) -> #REF! | AE71: =SUMIF(헤몬팜일일!$C$242:$C$380,$C71,헤몬팜일일!AL$242:AL$380) -> 1234.926
C72: 모기지옥 | D72: =AC72/O72 -> 0.12094232 | E72: =AB72/O72 -> 0.36298887 | F72: =(S72+U72)/O72 -> 0.24204655 | G72: =H72/AG72 -> #DIV/0! | H72: =SUMIF(헤몬팜일일!$C$242:$C$380,$C72,헤몬팜일일!O$242:O$380) -> 128 | I72: =H72/7 -> 18.285714 | J72: =SUMIF(헤몬팜일일!$C$242:$C$380,$C72,헤몬팜일일!P$242:P$380) -> 128 | K72: =SUMIF(헤몬팜일일!$C$242:$C$380,$C72,헤몬팜일일!Q$242:Q$380) -> 19 | L72: =SUMIF(헤몬팜일일!$C$242:$C$380,$C72,헤몬팜일일!S$242:S$380) -> 0 | M72: =SUMIF(헤몬팜일일!$C$242:$C$380,$C72,헤몬팜일일!T$242:T$380) -> 2457600 | N72: =SUMIF(헤몬팜일일!$C$242:$C$380,$C72,헤몬팜일일!U$242:U$380) -> 0 | O72: =SUMIF(헤몬팜일일!$C$242:$C$380,$C72,헤몬팜일일!V$242:V$380) -> 2457600 | P72: =O72/J72 -> 19200 | Q72: =R72/J72 -> 6771.4352 | R72: =SUMIF(헤몬팜일일!$C$242:$C$380,$C72,헤몬팜일일!Y$242:Y$380) -> 866743.71 | S72: =SUMIF(헤몬팜일일!$C$242:$C$380,$C72,헤몬팜일일!Z$242:Z$380) -> 594853.6 | T72: =SUMIF(헤몬팜일일!$C$242:$C$380,$C72,헤몬팜일일!AA$242:AA$380) -> 540776 | U72: =SUMIF(헤몬팜일일!$C$242:$C$380,$C72,헤몬팜일일!AB$242:AB$380) -> 0 | V72: =SUMIF(헤몬팜일일!$C$242:$C$380,$C72,헤몬팜일일!AC$242:AC$380) -> 43890 | W72: 0.1 | X72: =SUMIF(헤몬팜일일!$C$242:$C$380,$C72,헤몬팜일일!AE$242:AE$380) -> 428800 | Y72: =W72+(X72/O72) -> 0.27447917 | Z72: =SUMIF(헤몬팜일일!$C$242:$C$380,$C72,헤몬팜일일!AG$242:AG$380) -> 625408.21 | AA72: =SUMIF(헤몬팜일일!$C$242:$C$380,$C72,헤몬팜일일!AH$242:AH$380) -> 73366.638 | AB72: =SUMIF(헤몬팜일일!$C$242:$C$380,$C72,헤몬팜일일!AJ$242:AJ$380) -> 892081.45 | AC72: =SUMIF(헤몬팜일일!$C$242:$C$380,$C72,헤몬팜일일!AK$242:AK$380) -> 297227.85 | AD72: =SUMIF(헤몬팜일일!$C$242:$C$380,$C72,헤몬팜일일!AK$242:AK$380) -> 297227.85 | AE72: =SUMIF(헤몬팜일일!$C$242:$C$380,$C72,헤몬팜일일!AL$242:AL$380) -> 457.38
C73: 컷소 배터리 1개 | D73: =AC73/O73 -> #REF! | E73: =AB73/O73 -> #REF! | F73: =(S73+U73)/O73 -> 0.52553694 | G73: =H73/AG73 -> #DIV/0! | H73: =SUMIF(헤몬팜일일!$C$242:$C$380,$C73,헤몬팜일일!O$242:O$380) -> 29 | I73: =H73/7 -> 4.1428571 | J73: =SUMIF(헤몬팜일일!$C$242:$C$380,$C73,헤몬팜일일!P$242:P$380) -> 29 | K73: =SUMIF(헤몬팜일일!$C$242:$C$380,$C73,헤몬팜일일!Q$242:Q$380) -> 8 | L73: =SUMIF(헤몬팜일일!$C$242:$C$380,$C73,헤몬팜일일!S$242:S$380) -> 0 | M73: =SUMIF(헤몬팜일일!$C$242:$C$380,$C73,헤몬팜일일!T$242:T$380) -> 1444210 | N73: =SUMIF(헤몬팜일일!$C$242:$C$380,$C73,헤몬팜일일!U$242:U$380) -> 0 | O73: =SUMIF(헤몬팜일일!$C$242:$C$380,$C73,헤몬팜일일!V$242:V$380) -> 1444210 | P73: =O73/J73 -> 49800.345 | Q73: =R73/J73 -> #REF! | R73: =SUMIF(헤몬팜일일!$C$242:$C$380,$C73,헤몬팜일일!Y$242:Y$380) -> #REF! | S73: =SUMIF(헤몬팜일일!$C$242:$C$380,$C73,헤몬팜일일!Z$242:Z$380) -> 758985.7 | T73: =SUMIF(헤몬팜일일!$C$242:$C$380,$C73,헤몬팜일일!AA$242:AA$380) -> 689987 | U73: =SUMIF(헤몬팜일일!$C$242:$C$380,$C73,헤몬팜일일!AB$242:AB$380) -> 0 | V73: =SUMIF(헤몬팜일일!$C$242:$C$380,$C73,헤몬팜일일!AC$242:AC$380) -> 18480 | W73: 0.1 | X73: =SUMIF(헤몬팜일일!$C$242:$C$380,$C73,헤몬팜일일!AE$242:AE$380) -> 139925 | Y73: =W73+(X73/O73) -> 0.19688688 | Z73: =SUMIF(헤몬팜일일!$C$242:$C$380,$C73,헤몬팜일일!AG$242:AG$380) -> 252573.59 | AA73: =SUMIF(헤몬팜일일!$C$242:$C$380,$C73,헤몬팜일일!AH$242:AH$380) -> #REF! | AB73: =SUMIF(헤몬팜일일!$C$242:$C$380,$C73,헤몬팜일일!AJ$242:AJ$380) -> #REF! | AC73: =SUMIF(헤몬팜일일!$C$242:$C$380,$C73,헤몬팜일일!AK$242:AK$380) -> #REF! | AD73: =SUMIF(헤몬팜일일!$C$242:$C$380,$C73,헤몬팜일일!AK$242:AK$380) -> #REF! | AE73: =SUMIF(헤몬팜일일!$C$242:$C$380,$C73,헤몬팜일일!AL$242:AL$380) -> 1270.08
C74: 컷소 배터리 2개 | D74: =AC74/O74 -> #REF! | E74: =AB74/O74 -> #REF! | F74: =(S74+U74)/O74 -> 0.19900138 | G74: =H74/AG74 -> #DIV/0! | H74: =SUMIF(헤몬팜일일!$C$242:$C$380,$C74,헤몬팜일일!O$242:O$380) -> 52 | I74: =H74/7 -> 7.4285714 | J74: =SUMIF(헤몬팜일일!$C$242:$C$380,$C74,헤몬팜일일!P$242:P$380) -> 52 | K74: =SUMIF(헤몬팜일일!$C$242:$C$380,$C74,헤몬팜일일!Q$242:Q$380) -> 7 | L74: =SUMIF(헤몬팜일일!$C$242:$C$380,$C74,헤몬팜일일!S$242:S$380) -> 0 | M74: =SUMIF(헤몬팜일일!$C$242:$C$380,$C74,헤몬팜일일!T$242:T$380) -> 3010060 | N74: =SUMIF(헤몬팜일일!$C$242:$C$380,$C74,헤몬팜일일!U$242:U$380) -> 0 | O74: =SUMIF(헤몬팜일일!$C$242:$C$380,$C74,헤몬팜일일!V$242:V$380) -> 3010060 | P74: =O74/J74 -> 57885.769 | Q74: =R74/J74 -> #REF! | R74: =SUMIF(헤몬팜일일!$C$242:$C$380,$C74,헤몬팜일일!Y$242:Y$380) -> #REF! | S74: =SUMIF(헤몬팜일일!$C$242:$C$380,$C74,헤몬팜일일!Z$242:Z$380) -> 599006.1 | T74: =SUMIF(헤몬팜일일!$C$242:$C$380,$C74,헤몬팜일일!AA$242:AA$380) -> 544551 | U74: =SUMIF(헤몬팜일일!$C$242:$C$380,$C74,헤몬팜일일!AB$242:AB$380) -> 0 | V74: =SUMIF(헤몬팜일일!$C$242:$C$380,$C74,헤몬팜일일!AC$242:AC$380) -> 16170 | W74: 0.1 | X74: =SUMIF(헤몬팜일일!$C$242:$C$380,$C74,헤몬팜일일!AE$242:AE$380) -> 250900 | Y74: =W74+(X74/O74) -> 0.18335382 | Z74: =SUMIF(헤몬팜일일!$C$242:$C$380,$C74,헤몬팜일일!AG$242:AG$380) -> 485684.89 | AA74: =SUMIF(헤몬팜일일!$C$242:$C$380,$C74,헤몬팜일일!AH$242:AH$380) -> #REF! | AB74: =SUMIF(헤몬팜일일!$C$242:$C$380,$C74,헤몬팜일일!AJ$242:AJ$380) -> #REF! | AC74: =SUMIF(헤몬팜일일!$C$242:$C$380,$C74,헤몬팜일일!AK$242:AK$380) -> #REF! | AD74: =SUMIF(헤몬팜일일!$C$242:$C$380,$C74,헤몬팜일일!AK$242:AK$380) -> #REF! | AE74: =SUMIF(헤몬팜일일!$C$242:$C$380,$C74,헤몬팜일일!AL$242:AL$380) -> 1270.08
C75: 믹서기 | D75: =AC75/O75 -> 0.35179946 | E75: =AB75/O75 -> 0.49826626 | F75: =(S75+U75)/O75 -> 0.1464668 | G75: =H75/AG75 -> #DIV/0! | H75: =SUMIF(헤몬팜일일!$C$242:$C$380,$C75,헤몬팜일일!O$242:O$380) -> 141 | I75: =H75/7 -> 20.142857 | J75: =SUMIF(헤몬팜일일!$C$242:$C$380,$C75,헤몬팜일일!P$242:P$380) -> 141 | K75: =SUMIF(헤몬팜일일!$C$242:$C$380,$C75,헤몬팜일일!Q$242:Q$380) -> 27 | L75: =SUMIF(헤몬팜일일!$C$242:$C$380,$C75,헤몬팜일일!S$242:S$380) -> 0 | M75: =SUMIF(헤몬팜일일!$C$242:$C$380,$C75,헤몬팜일일!T$242:T$380) -> 2504160 | N75: =SUMIF(헤몬팜일일!$C$242:$C$380,$C75,헤몬팜일일!U$242:U$380) -> 0 | O75: =SUMIF(헤몬팜일일!$C$242:$C$380,$C75,헤몬팜일일!V$242:V$380) -> 2504160 | P75: =O75/J75 -> 17760 | Q75: =R75/J75 -> 4837.2102 | R75: =SUMIF(헤몬팜일일!$C$242:$C$380,$C75,헤몬팜일일!Y$242:Y$380) -> 682046.64 | S75: =SUMIF(헤몬팜일일!$C$242:$C$380,$C75,헤몬팜일일!Z$242:Z$380) -> 366776.3 | T75: =SUMIF(헤몬팜일일!$C$242:$C$380,$C75,헤몬팜일일!AA$242:AA$380) -> 333433 | U75: =SUMIF(헤몬팜일일!$C$242:$C$380,$C75,헤몬팜일일!AB$242:AB$380) -> 0 | V75: =SUMIF(헤몬팜일일!$C$242:$C$380,$C75,헤몬팜일일!AC$242:AC$380) -> 62370 | W75: 0.1 | X75: =SUMIF(헤몬팜일일!$C$242:$C$380,$C75,헤몬팜일일!AE$242:AE$380) -> 267900 | Y75: =W75+(X75/O75) -> 0.20698198 | Z75: =SUMIF(헤몬팜일일!$C$242:$C$380,$C75,헤몬팜일일!AG$242:AG$380) -> 463224.69 | AA75: =SUMIF(헤몬팜일일!$C$242:$C$380,$C75,헤몬팜일일!AH$242:AH$380) -> 111150.23 | AB75: =SUMIF(헤몬팜일일!$C$242:$C$380,$C75,헤몬팜일일!AJ$242:AJ$380) -> 1247738.4 | AC75: =SUMIF(헤몬팜일일!$C$242:$C$380,$C75,헤몬팜일일!AK$242:AK$380) -> 880962.14 | AD75: =SUMIF(헤몬팜일일!$C$242:$C$380,$C75,헤몬팜일일!AK$242:AK$380) -> 880962.14 | AE75: =SUMIF(헤몬팜일일!$C$242:$C$380,$C75,헤몬팜일일!AL$242:AL$380) -> 979.776
C76: 골전도이어폰 | D76: =AC76/O76 -> -0.077041694 | E76: =AB76/O76 -> 0.37869342 | F76: =(S76+U76)/O76 -> 0.45573512 | G76: =H76/AG76 -> #DIV/0! | H76: =SUMIF(헤몬팜일일!$C$242:$C$380,$C76,헤몬팜일일!O$242:O$380) -> 212 | I76: =J76/7 -> 24 | J76: =SUMIF(헤몬팜일일!$C$242:$C$380,$C76,헤몬팜일일!P$242:P$380) -> 168 | K76: =SUMIF(헤몬팜일일!$C$242:$C$380,$C76,헤몬팜일일!Q$242:Q$380) -> 16 | L76: =SUMIF(헤몬팜일일!$C$242:$C$380,$C76,헤몬팜일일!S$242:S$380) -> 44 | M76: =SUMIF(헤몬팜일일!$C$242:$C$380,$C76,헤몬팜일일!T$242:T$380) -> 4197600 | N76: =SUMIF(헤몬팜일일!$C$242:$C$380,$C76,헤몬팜일일!U$242:U$380) -> 871200 | O76: =SUMIF(헤몬팜일일!$C$242:$C$380,$C76,헤몬팜일일!V$242:V$380) -> 3326400 | P76: =O76/J76 -> 19800 | Q76: =R76/J76 -> 6685.6074 | R76: =SUMIF(헤몬팜일일!$C$242:$C$380,$C76,헤몬팜일일!Y$242:Y$380) -> 1123182 | S76: =SUMIF(헤몬팜일일!$C$242:$C$380,$C76,헤몬팜일일!Z$242:Z$380) -> 1054639.3 | T76: =SUMIF(헤몬팜일일!$C$242:$C$380,$C76,헤몬팜일일!AA$242:AA$380) -> 958763 | U76: =SUMIF(헤몬팜일일!$C$242:$C$380,$C76,헤몬팜일일!AB$242:AB$380) -> 461318 | V76: =SUMIF(헤몬팜일일!$C$242:$C$380,$C76,헤몬팜일일!AC$242:AC$380) -> 36960 | W76: 0.1 | X76: =SUMIF(헤몬팜일일!$C$242:$C$380,$C76,헤몬팜일일!AE$242:AE$380) -> 571200 | Y76: =W76+(X76/O76) -> 0.27171717 | Z76: =SUMIF(헤몬팜일일!$C$242:$C$380,$C76,헤몬팜일일!AG$242:AG$380) -> 837312.21 | AA76: =SUMIF(헤몬팜일일!$C$242:$C$380,$C76,헤몬팜일일!AH$242:AH$380) -> 106219.94 | AB76: =SUMIF(헤몬팜일일!$C$242:$C$380,$C76,헤몬팜일일!AJ$242:AJ$380) -> 1259685.8 | AC76: =SUMIF(헤몬팜일일!$C$242:$C$380,$C76,헤몬팜일일!AK$242:AK$380) -> -256271.49 | AD76: =SUMIF(헤몬팜일일!$C$242:$C$380,$C76,헤몬팜일일!AK$242:AK$380) -> -256271.49 | AE76: =SUMIF(헤몬팜일일!$C$242:$C$380,$C76,헤몬팜일일!AL$242:AL$380) -> 54.432
C77: 공기압 주입기 | D77: =AC77/O77 -> #DIV/0! | E77: =AB77/O77 -> #DIV/0! | F77: =(S77+U77)/O77 -> #DIV/0! | G77: =H77/AG77 -> #DIV/0! | H77: =SUMIF(헤몬팜일일!$C$242:$C$380,$C77,헤몬팜일일!O$242:O$380) -> 0 | I77: =H77/7 -> 0 | J77: =SUMIF(헤몬팜일일!$C$242:$C$380,$C77,헤몬팜일일!P$242:P$380) -> 0 | K77: =SUMIF(헤몬팜일일!$C$242:$C$380,$C77,헤몬팜일일!Q$242:Q$380) -> 9 | L77: =SUMIF(헤몬팜일일!$C$242:$C$380,$C77,헤몬팜일일!S$242:S$380) -> 0 | M77: =SUMIF(헤몬팜일일!$C$242:$C$380,$C77,헤몬팜일일!T$242:T$380) -> 0 | N77: =SUMIF(헤몬팜일일!$C$242:$C$380,$C77,헤몬팜일일!U$242:U$380) -> 0 | O77: =SUMIF(헤몬팜일일!$C$242:$C$380,$C77,헤몬팜일일!V$242:V$380) -> 0 | P77: =O77/J77 -> #DIV/0! | Q77: =R77/J77 -> #DIV/0! | R77: =SUMIF(헤몬팜일일!$C$242:$C$380,$C77,헤몬팜일일!Y$242:Y$380) -> 0 | S77: =SUMIF(헤몬팜일일!$C$242:$C$380,$C77,헤몬팜일일!Z$242:Z$380) -> 88629.2 | T77: =SUMIF(헤몬팜일일!$C$242:$C$380,$C77,헤몬팜일일!AA$242:AA$380) -> 80572 | U77: =SUMIF(헤몬팜일일!$C$242:$C$380,$C77,헤몬팜일일!AB$242:AB$380) -> 0 | V77: =SUMIF(헤몬팜일일!$C$242:$C$380,$C77,헤몬팜일일!AC$242:AC$380) -> 20790 | W77: 0.1 | X77: =SUMIF(헤몬팜일일!$C$242:$C$380,$C77,헤몬팜일일!AE$242:AE$380) -> 0 | Y77: =W77+(X77/O77) -> #DIV/0! | Z77: =SUMIF(헤몬팜일일!$C$242:$C$380,$C77,헤몬팜일일!AG$242:AG$380) -> 0.18 | AA77: =SUMIF(헤몬팜일일!$C$242:$C$380,$C77,헤몬팜일일!AH$242:AH$380) -> -0.018 | AB77: =SUMIF(헤몬팜일일!$C$242:$C$380,$C77,헤몬팜일일!AJ$242:AJ$380) -> -0.162 | AC77: =SUMIF(헤몬팜일일!$C$242:$C$380,$C77,헤몬팜일일!AK$242:AK$380) -> -88629.362 | AD77: =SUMIF(헤몬팜일일!$C$242:$C$380,$C77,헤몬팜일일!AK$242:AK$380) -> -88629.362 | AE77: =SUMIF(헤몬팜일일!$C$242:$C$380,$C77,헤몬팜일일!AL$242:AL$380) -> 196.56
C78: 강아지바리깡 | D78: =AC78/O78 -> 0.24162897 | E78: =AB78/O78 -> 0.43444843 | F78: =(S78+U78)/O78 -> 0.19281946 | G78: =H78/AG78 -> #DIV/0! | H78: =SUMIF(헤몬팜일일!$C$242:$C$380,$C78,헤몬팜일일!O$242:O$380) -> 158 | I78: =H78/7 -> 22.571429 | J78: =SUMIF(헤몬팜일일!$C$242:$C$380,$C78,헤몬팜일일!P$242:P$380) -> 158 | K78: =SUMIF(헤몬팜일일!$C$242:$C$380,$C78,헤몬팜일일!Q$242:Q$380) -> 39 | L78: =SUMIF(헤몬팜일일!$C$242:$C$380,$C78,헤몬팜일일!S$242:S$380) -> 0 | M78: =SUMIF(헤몬팜일일!$C$242:$C$380,$C78,헤몬팜일일!T$242:T$380) -> 3916820 | N78: =SUMIF(헤몬팜일일!$C$242:$C$380,$C78,헤몬팜일일!U$242:U$380) -> 0 | O78: =SUMIF(헤몬팜일일!$C$242:$C$380,$C78,헤몬팜일일!V$242:V$380) -> 3916820 | P78: =O78/J78 -> 24790 | Q78: =R78/J78 -> 7253.6181 | R78: =SUMIF(헤몬팜일일!$C$242:$C$380,$C78,헤몬팜일일!Y$242:Y$380) -> 1146071.7 | S78: =SUMIF(헤몬팜일일!$C$242:$C$380,$C78,헤몬팜일일!Z$242:Z$380) -> 755239.1 | T78: =SUMIF(헤몬팜일일!$C$242:$C$380,$C78,헤몬팜일일!AA$242:AA$380) -> 686581 | U78: =SUMIF(헤몬팜일일!$C$242:$C$380,$C78,헤몬팜일일!AB$242:AB$380) -> 0 | V78: =SUMIF(헤몬팜일일!$C$242:$C$380,$C78,헤몬팜일일!AC$242:AC$380) -> 90090 | W78: 0.1 | X78: =SUMIF(헤몬팜일일!$C$242:$C$380,$C78,헤몬팜일일!AE$242:AE$380) -> 497700 | Y78: =W78+(X78/O78) -> 0.22706737 | Z78: =SUMIF(헤몬팜일일!$C$242:$C$380,$C78,헤몬팜일일!AG$242:AG$380) -> 920716.77 | AA78: =SUMIF(헤몬팜일일!$C$242:$C$380,$C78,헤몬팜일일!AH$242:AH$380) -> 148375.28 | AB78: =SUMIF(헤몬팜일일!$C$242:$C$380,$C78,헤몬팜일일!AJ$242:AJ$380) -> 1701656.3 | AC78: =SUMIF(헤몬팜일일!$C$242:$C$380,$C78,헤몬팜일일!AK$242:AK$380) -> 946417.19 | AD78: =SUMIF(헤몬팜일일!$C$242:$C$380,$C78,헤몬팜일일!AK$242:AK$380) -> 946417.19 | AE78: =SUMIF(헤몬팜일일!$C$242:$C$380,$C78,헤몬팜일일!AL$242:AL$380) -> 452.088
C79: 강아지바리깡 2개 | D79: =AC79/O79 -> -0.75685425 | E79: =AB79/O79 -> 0.41263737 | F79: =(S79+U79)/O79 -> 1.1694916 | G79: =H79/AG79 -> #DIV/0! | H79: =SUMIF(헤몬팜일일!$C$242:$C$380,$C79,헤몬팜일일!O$242:O$380) -> 6 | I79: =H79/7 -> 0.85714286 | J79: =SUMIF(헤몬팜일일!$C$242:$C$380,$C79,헤몬팜일일!P$242:P$380) -> 6 | K79: =SUMIF(헤몬팜일일!$C$242:$C$380,$C79,헤몬팜일일!Q$242:Q$380) -> 1 | L79: =SUMIF(헤몬팜일일!$C$242:$C$380,$C79,헤몬팜일일!S$242:S$380) -> 0 | M79: =SUMIF(헤몬팜일일!$C$242:$C$380,$C79,헤몬팜일일!T$242:T$380) -> 238800 | N79: =SUMIF(헤몬팜일일!$C$242:$C$380,$C79,헤몬팜일일!U$242:U$380) -> 0 | O79: =SUMIF(헤몬팜일일!$C$242:$C$380,$C79,헤몬팜일일!V$242:V$380) -> 238800 | P79: =O79/J79 -> 39800 | Q79: =R79/J79 -> 14113.035 | R79: =SUMIF(헤몬팜일일!$C$242:$C$380,$C79,헤몬팜일일!Y$242:Y$380) -> 84678.208 | S79: =SUMIF(헤몬팜일일!$C$242:$C$380,$C79,헤몬팜일일!Z$242:Z$380) -> 279274.6 | T79: =SUMIF(헤몬팜일일!$C$242:$C$380,$C79,헤몬팜일일!AA$242:AA$380) -> 253886 | U79: =SUMIF(헤몬팜일일!$C$242:$C$380,$C79,헤몬팜일일!AB$242:AB$380) -> 0 | V79: =SUMIF(헤몬팜일일!$C$242:$C$380,$C79,헤몬팜일일!AC$242:AC$380) -> 2310 | W79: 0.1 | X79: =SUMIF(헤몬팜일일!$C$242:$C$380,$C79,헤몬팜일일!AE$242:AE$380) -> 21300 | Y79: =W79+(X79/O79) -> 0.18919598 | Z79: =SUMIF(헤몬팜일일!$C$242:$C$380,$C79,헤몬팜일일!AG$242:AG$380) -> 47090.52 | AA79: =SUMIF(헤몬팜일일!$C$242:$C$380,$C79,헤몬팜일일!AH$242:AH$380) -> 8493.4677 | AB79: =SUMIF(헤몬팜일일!$C$242:$C$380,$C79,헤몬팜일일!AJ$242:AJ$380) -> 98537.805 | AC79: =SUMIF(헤몬팜일일!$C$242:$C$380,$C79,헤몬팜일일!AK$242:AK$380) -> -180736.8 | AD79: =SUMIF(헤몬팜일일!$C$242:$C$380,$C79,헤몬팜일일!AK$242:AK$380) -> -180736.8 | AE79: =SUMIF(헤몬팜일일!$C$242:$C$380,$C79,헤몬팜일일!AL$242:AL$380) -> 452.088
D80: =AC80/P80 -> #REF! | E80: =AB80/P80 -> #REF! | F80: =T80/P80 -> #DIV/0! | H80: =SUM(H63:H79) -> 2336 | I80: =SUM(I63:I79) -> 327.42857 | J80: =SUM(J63:J79) -> 2292 | K80: =SUM(K63:K79) -> 248 | L80: =SUM(L63:L79) -> 44 | M80: =SUM(M63:M79) -> 64458210 | N80: =SUM(N63:N79) -> 871200 | O80: =SUM(O63:O79) -> 63587010 | Q80: =SUM(Q63:Q79) -> #REF! | R80: =SUM(R63:R79) -> #REF! | S80: =SUM(S63:S79) -> 16423482 | T80: =SUM(T63:T79) -> 14930438 | U80: =SUM(U63:U79) -> 461318 | V80: =SUM(V63:V79) -> 558804 | W80: 0.09 | X80: =SUM(X63:X79) -> 7200200 | Z80: =SUM(Z63:Z79) -> 13286290 | AA80: =SUM(AA63:AA79) -> #REF! | AB80: =SUM(AB63:AB79) -> #REF! | AC80: =SUM(AC63:AC79) -> #REF!
C82: 10/13~10/19 | D82: 이윤율 | E82: 마진율 | F82: 광고비율 | G82: 전환율 | H82: 판매수 | I82: 일판매 | J82: 순판매개수 | K82: 취소개수 | L82: 가구매 | M82: 매출 | N82: 가구매금액 | O82: 순매출 | P82: 판매가 | Q82: 입고가 | R82: 입고판매가 | S82: 광고비1.1 | T82: 광고비 | U82: 가구매비용 | V82: 반품회수비 | W82: 수수료 | X82: 택배비 | Y82: 판매수수료 | Z82: 수수료 | AA82: 부가세 | AB82: 판매마진 | AC82: 순이익 | AD82: 노출수 | AE82: 클릭수
C83: 쉐이버 | D83: =AC83/O83 -> 0.1811129 | E83: =AB83/O83 -> 0.4227075 | F83: =(S83+U83)/O83 -> 0.2415946 | G83: =H83/AG83 -> #DIV/0! | H83: =SUMIF(헤몬팜일일!$C$242:$C$380,$C83,헤몬팜일일!O$242:O$380) -> 1420 | I83: =H83/7 -> 202.85714 | J83: =SUMIF(헤몬팜일일!$C$242:$C$380,$C83,헤몬팜일일!P$242:P$380) -> 1420 | K83: =SUMIF(헤몬팜일일!$C$242:$C$380,$C83,헤몬팜일일!Q$242:Q$380) -> 102 | L83: =SUMIF(헤몬팜일일!$C$242:$C$380,$C83,헤몬팜일일!S$242:S$380) -> 0 | M83: =SUMIF(헤몬팜일일!$C$242:$C$380,$C83,헤몬팜일일!T$242:T$380) -> 39618000 | N83: =SUMIF(헤몬팜일일!$C$242:$C$380,$C83,헤몬팜일일!U$242:U$380) -> 0 | O83: =SUMIF(헤몬팜일일!$C$242:$C$380,$C83,헤몬팜일일!V$242:V$380) -> 39618000 | P83: =O83/J83 -> 27900 | Q83: =R83/J83 -> 9245.0616 | R83: =SUMIF(헤몬팜일일!$C$242:$C$380,$C83,헤몬팜일일!Y$242:Y$380) -> 13127987 | S83: =SUMIF(헤몬팜일일!$C$242:$C$380,$C83,헤몬팜일일!Z$242:Z$380) -> 9571494.9 | T83: =SUMIF(헤몬팜일일!$C$242:$C$380,$C83,헤몬팜일일!AA$242:AA$380) -> 8701359 | U83: =SUMIF(헤몬팜일일!$C$242:$C$380,$C83,헤몬팜일일!AB$242:AB$380) -> 0 | V83: =SUMIF(헤몬팜일일!$C$242:$C$380,$C83,헤몬팜일일!AC$242:AC$380) -> 221544 | W83: 0.1 | X83: =SUMIF(헤몬팜일일!$C$242:$C$380,$C83,헤몬팜일일!AE$242:AE$380) -> 4331000 | Y83: =W83+(X83/O83) -> 0.209319 | Z83: =SUMIF(헤몬팜일일!$C$242:$C$380,$C83,헤몬팜일일!AG$242:AG$380) -> 8292800.2 | AA83: =SUMIF(헤몬팜일일!$C$242:$C$380,$C83,헤몬팜일일!AH$242:AH$380) -> 1450386.7 | AB83: =SUMIF(헤몬팜일일!$C$242:$C$380,$C83,헤몬팜일일!AJ$242:AJ$380) -> 16746826 | AC83: =SUMIF(헤몬팜일일!$C$242:$C$380,$C83,헤몬팜일일!AK$242:AK$380) -> 7175330.8 | AD83: =SUMIF(헤몬팜일일!$C$242:$C$380,$C83,헤몬팜일일!AK$242:AK$380) -> 7175330.8 | AE83: =SUMIF(헤몬팜일일!$C$242:$C$380,$C83,헤몬팜일일!AL$242:AL$380) -> 452.088
C84: 일자면도기 | D84: =AC84/O84 -> 0.15082572 | E84: =AB84/O84 -> 0.40985068 | F84: =(S84+U84)/O84 -> 0.25902496 | G84: =H84/AG84 -> #DIV/0! | H84: =SUMIF(헤몬팜일일!$C$242:$C$380,$C84,헤몬팜일일!O$242:O$380) -> 3 | I84: =H84/7 -> 0.42857143 | J84: =SUMIF(헤몬팜일일!$C$242:$C$380,$C84,헤몬팜일일!P$242:P$380) -> 3 | K84: =SUMIF(헤몬팜일일!$C$242:$C$380,$C84,헤몬팜일일!Q$242:Q$380) -> 0 | L84: =SUMIF(헤몬팜일일!$C$242:$C$380,$C84,헤몬팜일일!S$242:S$380) -> 0 | M84: =SUMIF(헤몬팜일일!$C$242:$C$380,$C84,헤몬팜일일!T$242:T$380) -> 68100 | N84: =SUMIF(헤몬팜일일!$C$242:$C$380,$C84,헤몬팜일일!U$242:U$380) -> 0 | O84: =SUMIF(헤몬팜일일!$C$242:$C$380,$C84,헤몬팜일일!V$242:V$380) -> 68100 | P84: =O84/J84 -> 22700 | Q84: =R84/J84 -> 7377.328 | R84: =SUMIF(헤몬팜일일!$C$242:$C$380,$C84,헤몬팜일일!Y$242:Y$380) -> 22131.984 | S84: =SUMIF(헤몬팜일일!$C$242:$C$380,$C84,헤몬팜일일!Z$242:Z$380) -> 17639.6 | T84: =SUMIF(헤몬팜일일!$C$242:$C$380,$C84,헤몬팜일일!AA$242:AA$380) -> 16036 | U84: =SUMIF(헤몬팜일일!$C$242:$C$380,$C84,헤몬팜일일!AB$242:AB$380) -> 0 | V84: =SUMIF(헤몬팜일일!$C$242:$C$380,$C84,헤몬팜일일!AC$242:AC$380) -> 0 | W84: 0.1 | X84: =SUMIF(헤몬팜일일!$C$242:$C$380,$C84,헤몬팜일일!AE$242:AE$380) -> 8850 | Y84: =W84+(X84/O84) -> 0.22995595 | Z84: =SUMIF(헤몬팜일일!$C$242:$C$380,$C84,헤몬팜일일!AG$242:AG$380) -> 15660.06 | AA84: =SUMIF(헤몬팜일일!$C$242:$C$380,$C84,헤몬팜일일!AH$242:AH$380) -> 2397.1247 | AB84: =SUMIF(헤몬팜일일!$C$242:$C$380,$C84,헤몬팜일일!AJ$242:AJ$380) -> 27910.831 | AC84: =SUMIF(헤몬팜일일!$C$242:$C$380,$C84,헤몬팜일일!AK$242:AK$380) -> 10271.231 | AD84: =SUMIF(헤몬팜일일!$C$242:$C$380,$C84,헤몬팜일일!AK$242:AK$380) -> 10271.231 | AE84: =SUMIF(헤몬팜일일!$C$242:$C$380,$C84,헤몬팜일일!AL$242:AL$380) -> 340.2
C85: 프라임 1개 | D85: =AC85/O85 -> #REF! | E85: =AB85/O85 -> #REF! | F85: =(S85+U85)/O85 -> 0.19586965 | G85: =H85/AG85 -> #DIV/0! | H85: =SUMIF(헤몬팜일일!$C$242:$C$380,$C85,헤몬팜일일!O$242:O$380) -> 20 | I85: =H85/7 -> 2.8571429 | J85: =SUMIF(헤몬팜일일!$C$242:$C$380,$C85,헤몬팜일일!P$242:P$380) -> 20 | K85: =SUMIF(헤몬팜일일!$C$242:$C$380,$C85,헤몬팜일일!Q$242:Q$380) -> 2 | L85: =SUMIF(헤몬팜일일!$C$242:$C$380,$C85,헤몬팜일일!S$242:S$380) -> 0 | M85: =SUMIF(헤몬팜일일!$C$242:$C$380,$C85,헤몬팜일일!T$242:T$380) -> 916000 | N85: =SUMIF(헤몬팜일일!$C$242:$C$380,$C85,헤몬팜일일!U$242:U$380) -> 0 | O85: =SUMIF(헤몬팜일일!$C$242:$C$380,$C85,헤몬팜일일!V$242:V$380) -> 916000 | P85: =O85/J85 -> 45800 | Q85: =R85/J85 -> #REF! | R85: =SUMIF(헤몬팜일일!$C$242:$C$380,$C85,헤몬팜일일!Y$242:Y$380) -> #REF! | S85: =SUMIF(헤몬팜일일!$C$242:$C$380,$C85,헤몬팜일일!Z$242:Z$380) -> 179416.6 | T85: =SUMIF(헤몬팜일일!$C$242:$C$380,$C85,헤몬팜일일!AA$242:AA$380) -> 163106 | U85: =SUMIF(헤몬팜일일!$C$242:$C$380,$C85,헤몬팜일일!AB$242:AB$380) -> 0 | V85: =SUMIF(헤몬팜일일!$C$242:$C$380,$C85,헤몬팜일일!AC$242:AC$380) -> 4620 | W85: 0.1 | X85: =SUMIF(헤몬팜일일!$C$242:$C$380,$C85,헤몬팜일일!AE$242:AE$380) -> 83000 | Y85: =W85+(X85/O85) -> 0.19061135 | Z85: =SUMIF(헤몬팜일일!$C$242:$C$380,$C85,헤몬팜일일!AG$242:AG$380) -> 183760.18 | AA85: =SUMIF(헤몬팜일일!$C$242:$C$380,$C85,헤몬팜일일!AH$242:AH$380) -> #REF! | AB85: =SUMIF(헤몬팜일일!$C$242:$C$380,$C85,헤몬팜일일!AJ$242:AJ$380) -> #REF! | AC85: =SUMIF(헤몬팜일일!$C$242:$C$380,$C85,헤몬팜일일!AK$242:AK$380) -> #REF! | AD85: =SUMIF(헤몬팜일일!$C$242:$C$380,$C85,헤몬팜일일!AK$242:AK$380) -> #REF! | AE85: =SUMIF(헤몬팜일일!$C$242:$C$380,$C85,헤몬팜일일!AL$242:AL$380) -> 1134
C86: 프라임 2개 | D86: =AC86/O86 -> #REF! | E86: =AB86/O86 -> #REF! | F86: =(S86+U86)/O86 -> 0.299664 | G86: =H86/AG86 -> #DIV/0! | H86: =SUMIF(헤몬팜일일!$C$242:$C$380,$C86,헤몬팜일일!O$242:O$380) -> 44 | I86: =H86/7 -> 6.2857143 | J86: =SUMIF(헤몬팜일일!$C$242:$C$380,$C86,헤몬팜일일!P$242:P$380) -> 44 | K86: =SUMIF(헤몬팜일일!$C$242:$C$380,$C86,헤몬팜일일!Q$242:Q$380) -> 6 | L86: =SUMIF(헤몬팜일일!$C$242:$C$380,$C86,헤몬팜일일!S$242:S$380) -> 0 | M86: =SUMIF(헤몬팜일일!$C$242:$C$380,$C86,헤몬팜일일!T$242:T$380) -> 2059200 | N86: =SUMIF(헤몬팜일일!$C$242:$C$380,$C86,헤몬팜일일!U$242:U$380) -> 0 | O86: =SUMIF(헤몬팜일일!$C$242:$C$380,$C86,헤몬팜일일!V$242:V$380) -> 2059200 | P86: =O86/J86 -> 46800 | Q86: =R86/J86 -> #REF! | R86: =SUMIF(헤몬팜일일!$C$242:$C$380,$C86,헤몬팜일일!Y$242:Y$380) -> #REF! | S86: =SUMIF(헤몬팜일일!$C$242:$C$380,$C86,헤몬팜일일!Z$242:Z$380) -> 617068.1 | T86: =SUMIF(헤몬팜일일!$C$242:$C$380,$C86,헤몬팜일일!AA$242:AA$380) -> 560971 | U86: =SUMIF(헤몬팜일일!$C$242:$C$380,$C86,헤몬팜일일!AB$242:AB$380) -> 0 | V86: =SUMIF(헤몬팜일일!$C$242:$C$380,$C86,헤몬팜일일!AC$242:AC$380) -> 13860 | W86: 0.1 | X86: =SUMIF(헤몬팜일일!$C$242:$C$380,$C86,헤몬팜일일!AE$242:AE$380) -> 182600 | Y86: =W86+(X86/O86) -> 0.18867521 | Z86: =SUMIF(헤몬팜일일!$C$242:$C$380,$C86,헤몬팜일일!AG$242:AG$380) -> 409112.21 | AA86: =SUMIF(헤몬팜일일!$C$242:$C$380,$C86,헤몬팜일일!AH$242:AH$380) -> #REF! | AB86: =SUMIF(헤몬팜일일!$C$242:$C$380,$C86,헤몬팜일일!AJ$242:AJ$380) -> #REF! | AC86: =SUMIF(헤몬팜일일!$C$242:$C$380,$C86,헤몬팜일일!AK$242:AK$380) -> #REF! | AD86: =SUMIF(헤몬팜일일!$C$242:$C$380,$C86,헤몬팜일일!AK$242:AK$380) -> #REF! | AE86: =SUMIF(헤몬팜일일!$C$242:$C$380,$C86,헤몬팜일일!AL$242:AL$380) -> 1134
C87: 다밴다 1개 | D87: =AC87/O87 -> #REF! | E87: =AB87/O87 -> #REF! | F87: =(S87+U87)/O87 -> 0.25517057 | G87: =H87/AG87 -> #DIV/0! | H87: =SUMIF(헤몬팜일일!$C$242:$C$380,$C87,헤몬팜일일!O$242:O$380) -> 3 | I87: =H87/7 -> 0.42857143 | J87: =SUMIF(헤몬팜일일!$C$242:$C$380,$C87,헤몬팜일일!P$242:P$380) -> 3 | K87: =SUMIF(헤몬팜일일!$C$242:$C$380,$C87,헤몬팜일일!Q$242:Q$380) -> 0 | L87: =SUMIF(헤몬팜일일!$C$242:$C$380,$C87,헤몬팜일일!S$242:S$380) -> 0 | M87: =SUMIF(헤몬팜일일!$C$242:$C$380,$C87,헤몬팜일일!T$242:T$380) -> 179400 | N87: =SUMIF(헤몬팜일일!$C$242:$C$380,$C87,헤몬팜일일!U$242:U$380) -> 0 | O87: =SUMIF(헤몬팜일일!$C$242:$C$380,$C87,헤몬팜일일!V$242:V$380) -> 179400 | P87: =O87/J87 -> 59800 | Q87: =R87/J87 -> #REF! | R87: =SUMIF(헤몬팜일일!$C$242:$C$380,$C87,헤몬팜일일!Y$242:Y$380) -> #REF! | S87: =SUMIF(헤몬팜일일!$C$242:$C$380,$C87,헤몬팜일일!Z$242:Z$380) -> 45777.6 | T87: =SUMIF(헤몬팜일일!$C$242:$C$380,$C87,헤몬팜일일!AA$242:AA$380) -> 41616 | U87: =SUMIF(헤몬팜일일!$C$242:$C$380,$C87,헤몬팜일일!AB$242:AB$380) -> 0 | V87: =SUMIF(헤몬팜일일!$C$242:$C$380,$C87,헤몬팜일일!AC$242:AC$380) -> 0 | W87: 0.1 | X87: =SUMIF(헤몬팜일일!$C$242:$C$380,$C87,헤몬팜일일!AE$242:AE$380) -> 14475 | Y87: =W87+(X87/O87) -> 0.18068562 | Z87: =SUMIF(헤몬팜일일!$C$242:$C$380,$C87,헤몬팜일일!AG$242:AG$380) -> 33850.26 | AA87: =SUMIF(헤몬팜일일!$C$242:$C$380,$C87,헤몬팜일일!AH$242:AH$380) -> #REF! | AB87: =SUMIF(헤몬팜일일!$C$242:$C$380,$C87,헤몬팜일일!AJ$242:AJ$380) -> #REF! | AC87: =SUMIF(헤몬팜일일!$C$242:$C$380,$C87,헤몬팜일일!AK$242:AK$380) -> #REF! | AD87: =SUMIF(헤몬팜일일!$C$242:$C$380,$C87,헤몬팜일일!AK$242:AK$380) -> #REF! | AE87: =SUMIF(헤몬팜일일!$C$242:$C$380,$C87,헤몬팜일일!AL$242:AL$380) -> 2600.64
C88: 다벤다 2개 | D88: =AC88/O88 -> #REF! | E88: =AB88/O88 -> #REF! | F88: =(S88+U88)/O88 -> 0.50868038 | G88: =H88/AG88 -> #DIV/0! | H88: =SUMIF(헤몬팜일일!$C$242:$C$380,$C88,헤몬팜일일!O$242:O$380) -> 6 | I88: =H88/7 -> 0.85714286 | J88: =SUMIF(헤몬팜일일!$C$242:$C$380,$C88,헤몬팜일일!P$242:P$380) -> 6 | K88: =SUMIF(헤몬팜일일!$C$242:$C$380,$C88,헤몬팜일일!Q$242:Q$380) -> 1 | L88: =SUMIF(헤몬팜일일!$C$242:$C$380,$C88,헤몬팜일일!S$242:S$380) -> 0 | M88: =SUMIF(헤몬팜일일!$C$242:$C$380,$C88,헤몬팜일일!T$242:T$380) -> 418680 | N88: =SUMIF(헤몬팜일일!$C$242:$C$380,$C88,헤몬팜일일!U$242:U$380) -> 0 | O88: =SUMIF(헤몬팜일일!$C$242:$C$380,$C88,헤몬팜일일!V$242:V$380) -> 418680 | P88: =O88/J88 -> 69780 | Q88: =R88/J88 -> #REF! | R88: =SUMIF(헤몬팜일일!$C$242:$C$380,$C88,헤몬팜일일!Y$242:Y$380) -> #REF! | S88: =SUMIF(헤몬팜일일!$C$242:$C$380,$C88,헤몬팜일일!Z$242:Z$380) -> 212974.3 | T88: =SUMIF(헤몬팜일일!$C$242:$C$380,$C88,헤몬팜일일!AA$242:AA$380) -> 193613 | U88: =SUMIF(헤몬팜일일!$C$242:$C$380,$C88,헤몬팜일일!AB$242:AB$380) -> 0 | V88: =SUMIF(헤몬팜일일!$C$242:$C$380,$C88,헤몬팜일일!AC$242:AC$380) -> 2310 | W88: 0.1 | X88: =SUMIF(헤몬팜일일!$C$242:$C$380,$C88,헤몬팜일일!AE$242:AE$380) -> 28950 | Y88: =W88+(X88/O88) -> 0.16914589 | Z88: =SUMIF(헤몬팜일일!$C$242:$C$380,$C88,헤몬팜일일!AG$242:AG$380) -> 74167.62 | AA88: =SUMIF(헤몬팜일일!$C$242:$C$380,$C88,헤몬팜일일!AH$242:AH$380) -> #REF! | AB88: =SUMIF(헤몬팜일일!$C$242:$C$380,$C88,헤몬팜일일!AJ$242:AJ$380) -> #REF! | AC88: =SUMIF(헤몬팜일일!$C$242:$C$380,$C88,헤몬팜일일!AK$242:AK$380) -> #REF! | AD88: =SUMIF(헤몬팜일일!$C$242:$C$380,$C88,헤몬팜일일!AK$242:AK$380) -> #REF! | AE88: =SUMIF(헤몬팜일일!$C$242:$C$380,$C88,헤몬팜일일!AL$242:AL$380) -> 2600.64
C89: 시거잭 | D89: =AC89/O89 -> -0.17429857 | E89: =AB89/O89 -> 0.39080854 | F89: =(S89+U89)/O89 -> 0.5651071 | G89: =H89/AG89 -> #DIV/0! | H89: =SUMIF(헤몬팜일일!$C$242:$C$380,$C89,헤몬팜일일!O$242:O$380) -> 49 | I89: =H89/7 -> 7 | J89: =SUMIF(헤몬팜일일!$C$242:$C$380,$C89,헤몬팜일일!P$242:P$380) -> 49 | K89: =SUMIF(헤몬팜일일!$C$242:$C$380,$C89,헤몬팜일일!Q$242:Q$380) -> 5 | L89: =SUMIF(헤몬팜일일!$C$242:$C$380,$C89,헤몬팜일일!S$242:S$380) -> 0 | M89: =SUMIF(헤몬팜일일!$C$242:$C$380,$C89,헤몬팜일일!T$242:T$380) -> 789880 | N89: =SUMIF(헤몬팜일일!$C$242:$C$380,$C89,헤몬팜일일!U$242:U$380) -> 0 | O89: =SUMIF(헤몬팜일일!$C$242:$C$380,$C89,헤몬팜일일!V$242:V$380) -> 789880 | P89: =O89/J89 -> 16120 | Q89: =R89/J89 -> 5126.3245 | R89: =SUMIF(헤몬팜일일!$C$242:$C$380,$C89,헤몬팜일일!Y$242:Y$380) -> 251189.9 | S89: =SUMIF(헤몬팜일일!$C$242:$C$380,$C89,헤몬팜일일!Z$242:Z$380) -> 446366.8 | T89: =SUMIF(헤몬팜일일!$C$242:$C$380,$C89,헤몬팜일일!AA$242:AA$380) -> 405788 | U89: =SUMIF(헤몬팜일일!$C$242:$C$380,$C89,헤몬팜일일!AB$242:AB$380) -> 0 | V89: =SUMIF(헤몬팜일일!$C$242:$C$380,$C89,헤몬팜일일!AC$242:AC$380) -> 11550 | W89: 0.1 | X89: =SUMIF(헤몬팜일일!$C$242:$C$380,$C89,헤몬팜일일!AE$242:AE$380) -> 142100 | Y89: =W89+(X89/O89) -> 0.27990074 | Z89: =SUMIF(헤몬팜일일!$C$242:$C$380,$C89,헤몬팜일일!AG$242:AG$380) -> 203710.82 | AA89: =SUMIF(헤몬팜일일!$C$242:$C$380,$C89,헤몬팜일일!AH$242:AH$380) -> 26287.433 | AB89: =SUMIF(헤몬팜일일!$C$242:$C$380,$C89,헤몬팜일일!AJ$242:AJ$380) -> 308691.85 | AC89: =SUMIF(헤몬팜일일!$C$242:$C$380,$C89,헤몬팜일일!AK$242:AK$380) -> -137674.95 | AD89: =SUMIF(헤몬팜일일!$C$242:$C$380,$C89,헤몬팜일일!AK$242:AK$380) -> -137674.95 | AE89: =SUMIF(헤몬팜일일!$C$242:$C$380,$C89,헤몬팜일일!AL$242:AL$380) -> 42.525
C90: 뉴 고압세척기 배터리 1개 | D90: =AC90/O90 -> #REF! | E90: =AB90/O90 -> #REF! | F90: =(S90+U90)/O90 -> 0.30877445 | G90: =H90/AG90 -> #DIV/0! | H90: =SUMIF(헤몬팜일일!$C$242:$C$380,$C90,헤몬팜일일!O$242:O$380) -> 48 | I90: =H90/7 -> 6.8571429 | J90: =SUMIF(헤몬팜일일!$C$242:$C$380,$C90,헤몬팜일일!P$242:P$380) -> 48 | K90: =SUMIF(헤몬팜일일!$C$242:$C$380,$C90,헤몬팜일일!Q$242:Q$380) -> 3 | L90: =SUMIF(헤몬팜일일!$C$242:$C$380,$C90,헤몬팜일일!S$242:S$380) -> 0 | M90: =SUMIF(헤몬팜일일!$C$242:$C$380,$C90,헤몬팜일일!T$242:T$380) -> 1910400 | N90: =SUMIF(헤몬팜일일!$C$242:$C$380,$C90,헤몬팜일일!U$242:U$380) -> 0 | O90: =SUMIF(헤몬팜일일!$C$242:$C$380,$C90,헤몬팜일일!V$242:V$380) -> 1910400 | P90: =O90/J90 -> 39800 | Q90: =R90/J90 -> #REF! | R90: =SUMIF(헤몬팜일일!$C$242:$C$380,$C90,헤몬팜일일!Y$242:Y$380) -> #REF! | S90: =SUMIF(헤몬팜일일!$C$242:$C$380,$C90,헤몬팜일일!Z$242:Z$380) -> 589882.7 | T90: =SUMIF(헤몬팜일일!$C$242:$C$380,$C90,헤몬팜일일!AA$242:AA$380) -> 536257 | U90: =SUMIF(헤몬팜일일!$C$242:$C$380,$C90,헤몬팜일일!AB$242:AB$380) -> 0 | V90: =SUMIF(헤몬팜일일!$C$242:$C$380,$C90,헤몬팜일일!AC$242:AC$380) -> 6930 | W90: 0.1 | X90: =SUMIF(헤몬팜일일!$C$242:$C$380,$C90,헤몬팜일일!AE$242:AE$380) -> 199200 | Y90: =W90+(X90/O90) -> 0.20427136 | Z90: =SUMIF(헤몬팜일일!$C$242:$C$380,$C90,헤몬팜일일!AG$242:AG$380) -> 352032.21 | AA90: =SUMIF(헤몬팜일일!$C$242:$C$380,$C90,헤몬팜일일!AH$242:AH$380) -> #REF! | AB90: =SUMIF(헤몬팜일일!$C$242:$C$380,$C90,헤몬팜일일!AJ$242:AJ$380) -> #REF! | AC90: =SUMIF(헤몬팜일일!$C$242:$C$380,$C90,헤몬팜일일!AK$242:AK$380) -> #REF! | AD90: =SUMIF(헤몬팜일일!$C$242:$C$380,$C90,헤몬팜일일!AK$242:AK$380) -> #REF! | AE90: =SUMIF(헤몬팜일일!$C$242:$C$380,$C90,헤몬팜일일!AL$242:AL$380) -> 1234.926
C91: 뉴 고압세척기 | D91: =AC91/O91 -> #REF! | E91: =AB91/O91 -> #REF! | F91: =(S91+U91)/O91 -> 0.33656561 | G91: =H91/AG91 -> #DIV/0! | H91: =SUMIF(헤몬팜일일!$C$242:$C$380,$C91,헤몬팜일일!O$242:O$380) -> 17 | I91: =H91/7 -> 2.4285714 | J91: =SUMIF(헤몬팜일일!$C$242:$C$380,$C91,헤몬팜일일!P$242:P$380) -> 17 | K91: =SUMIF(헤몬팜일일!$C$242:$C$380,$C91,헤몬팜일일!Q$242:Q$380) -> 3 | L91: =SUMIF(헤몬팜일일!$C$242:$C$380,$C91,헤몬팜일일!S$242:S$380) -> 0 | M91: =SUMIF(헤몬팜일일!$C$242:$C$380,$C91,헤몬팜일일!T$242:T$380) -> 729300 | N91: =SUMIF(헤몬팜일일!$C$242:$C$380,$C91,헤몬팜일일!U$242:U$380) -> 0 | O91: =SUMIF(헤몬팜일일!$C$242:$C$380,$C91,헤몬팜일일!V$242:V$380) -> 729300 | P91: =O91/J91 -> 42900 | Q91: =R91/J91 -> #REF! | R91: =SUMIF(헤몬팜일일!$C$242:$C$380,$C91,헤몬팜일일!Y$242:Y$380) -> #REF! | S91: =SUMIF(헤몬팜일일!$C$242:$C$380,$C91,헤몬팜일일!Z$242:Z$380) -> 245457.3 | T91: =SUMIF(헤몬팜일일!$C$242:$C$380,$C91,헤몬팜일일!AA$242:AA$380) -> 223143 | U91: =SUMIF(헤몬팜일일!$C$242:$C$380,$C91,헤몬팜일일!AB$242:AB$380) -> 0 | V91: =SUMIF(헤몬팜일일!$C$242:$C$380,$C91,헤몬팜일일!AC$242:AC$380) -> 6930 | W91: 0.1 | X91: =SUMIF(헤몬팜일일!$C$242:$C$380,$C91,헤몬팜일일!AE$242:AE$380) -> 32300 | Y91: =W91+(X91/O91) -> 0.14428904 | Z91: =SUMIF(헤몬팜일일!$C$242:$C$380,$C91,헤몬팜일일!AG$242:AG$380) -> 89185.58 | AA91: =SUMIF(헤몬팜일일!$C$242:$C$380,$C91,헤몬팜일일!AH$242:AH$380) -> #REF! | AB91: =SUMIF(헤몬팜일일!$C$242:$C$380,$C91,헤몬팜일일!AJ$242:AJ$380) -> #REF! | AC91: =SUMIF(헤몬팜일일!$C$242:$C$380,$C91,헤몬팜일일!AK$242:AK$380) -> #REF! | AD91: =SUMIF(헤몬팜일일!$C$242:$C$380,$C91,헤몬팜일일!AK$242:AK$380) -> #REF! | AE91: =SUMIF(헤몬팜일일!$C$242:$C$380,$C91,헤몬팜일일!AL$242:AL$380) -> 1234.926
C92: 모기지옥 | D92: =AC92/O92 -> 0.12094232 | E92: =AB92/O92 -> 0.36298887 | F92: =(S92+U92)/O92 -> 0.24204655 | G92: =H92/AG92 -> #DIV/0! | H92: =SUMIF(헤몬팜일일!$C$242:$C$380,$C92,헤몬팜일일!O$242:O$380) -> 128 | I92: =H92/7 -> 18.285714 | J92: =SUMIF(헤몬팜일일!$C$242:$C$380,$C92,헤몬팜일일!P$242:P$380) -> 128 | K92: =SUMIF(헤몬팜일일!$C$242:$C$380,$C92,헤몬팜일일!Q$242:Q$380) -> 19 | L92: =SUMIF(헤몬팜일일!$C$242:$C$380,$C92,헤몬팜일일!S$242:S$380) -> 0 | M92: =SUMIF(헤몬팜일일!$C$242:$C$380,$C92,헤몬팜일일!T$242:T$380) -> 2457600 | N92: =SUMIF(헤몬팜일일!$C$242:$C$380,$C92,헤몬팜일일!U$242:U$380) -> 0 | O92: =SUMIF(헤몬팜일일!$C$242:$C$380,$C92,헤몬팜일일!V$242:V$380) -> 2457600 | P92: =O92/J92 -> 19200 | Q92: =R92/J92 -> 6771.4352 | R92: =SUMIF(헤몬팜일일!$C$242:$C$380,$C92,헤몬팜일일!Y$242:Y$380) -> 866743.71 | S92: =SUMIF(헤몬팜일일!$C$242:$C$380,$C92,헤몬팜일일!Z$242:Z$380) -> 594853.6 | T92: =SUMIF(헤몬팜일일!$C$242:$C$380,$C92,헤몬팜일일!AA$242:AA$380) -> 540776 | U92: =SUMIF(헤몬팜일일!$C$242:$C$380,$C92,헤몬팜일일!AB$242:AB$380) -> 0 | V92: =SUMIF(헤몬팜일일!$C$242:$C$380,$C92,헤몬팜일일!AC$242:AC$380) -> 43890 | W92: 0.1 | X92: =SUMIF(헤몬팜일일!$C$242:$C$380,$C92,헤몬팜일일!AE$242:AE$380) -> 428800 | Y92: =W92+(X92/O92) -> 0.27447917 | Z92: =SUMIF(헤몬팜일일!$C$242:$C$380,$C92,헤몬팜일일!AG$242:AG$380) -> 625408.21 | AA92: =SUMIF(헤몬팜일일!$C$242:$C$380,$C92,헤몬팜일일!AH$242:AH$380) -> 73366.638 | AB92: =SUMIF(헤몬팜일일!$C$242:$C$380,$C92,헤몬팜일일!AJ$242:AJ$380) -> 892081.45 | AC92: =SUMIF(헤몬팜일일!$C$242:$C$380,$C92,헤몬팜일일!AK$242:AK$380) -> 297227.85 | AD92: =SUMIF(헤몬팜일일!$C$242:$C$380,$C92,헤몬팜일일!AK$242:AK$380) -> 297227.85 | AE92: =SUMIF(헤몬팜일일!$C$242:$C$380,$C92,헤몬팜일일!AL$242:AL$380) -> 457.38
C93: 컷소 배터리 1개 | D93: =AC93/O93 -> #REF! | E93: =AB93/O93 -> #REF! | F93: =(S93+U93)/O93 -> 0.52553694 | G93: =H93/AG93 -> #DIV/0! | H93: =SUMIF(헤몬팜일일!$C$242:$C$380,$C93,헤몬팜일일!O$242:O$380) -> 29 | I93: =H93/7 -> 4.1428571 | J93: =SUMIF(헤몬팜일일!$C$242:$C$380,$C93,헤몬팜일일!P$242:P$380) -> 29 | K93: =SUMIF(헤몬팜일일!$C$242:$C$380,$C93,헤몬팜일일!Q$242:Q$380) -> 8 | L93: =SUMIF(헤몬팜일일!$C$242:$C$380,$C93,헤몬팜일일!S$242:S$380) -> 0 | M93: =SUMIF(헤몬팜일일!$C$242:$C$380,$C93,헤몬팜일일!T$242:T$380) -> 1444210 | N93: =SUMIF(헤몬팜일일!$C$242:$C$380,$C93,헤몬팜일일!U$242:U$380) -> 0 | O93: =SUMIF(헤몬팜일일!$C$242:$C$380,$C93,헤몬팜일일!V$242:V$380) -> 1444210 | P93: =O93/J93 -> 49800.345 | Q93: =R93/J93 -> #REF! | R93: =SUMIF(헤몬팜일일!$C$242:$C$380,$C93,헤몬팜일일!Y$242:Y$380) -> #REF! | S93: =SUMIF(헤몬팜일일!$C$242:$C$380,$C93,헤몬팜일일!Z$242:Z$380) -> 758985.7 | T93: =SUMIF(헤몬팜일일!$C$242:$C$380,$C93,헤몬팜일일!AA$242:AA$380) -> 689987 | U93: =SUMIF(헤몬팜일일!$C$242:$C$380,$C93,헤몬팜일일!AB$242:AB$380) -> 0 | V93: =SUMIF(헤몬팜일일!$C$242:$C$380,$C93,헤몬팜일일!AC$242:AC$380) -> 18480 | W93: 0.1 | X93: =SUMIF(헤몬팜일일!$C$242:$C$380,$C93,헤몬팜일일!AE$242:AE$380) -> 139925 | Y93: =W93+(X93/O93) -> 0.19688688 | Z93: =SUMIF(헤몬팜일일!$C$242:$C$380,$C93,헤몬팜일일!AG$242:AG$380) -> 252573.59 | AA93: =SUMIF(헤몬팜일일!$C$242:$C$380,$C93,헤몬팜일일!AH$242:AH$380) -> #REF! | AB93: =SUMIF(헤몬팜일일!$C$242:$C$380,$C93,헤몬팜일일!AJ$242:AJ$380) -> #REF! | AC93: =SUMIF(헤몬팜일일!$C$242:$C$380,$C93,헤몬팜일일!AK$242:AK$380) -> #REF! | AD93: =SUMIF(헤몬팜일일!$C$242:$C$380,$C93,헤몬팜일일!AK$242:AK$380) -> #REF! | AE93: =SUMIF(헤몬팜일일!$C$242:$C$380,$C93,헤몬팜일일!AL$242:AL$380) -> 1270.08
C94: 컷소 배터리 2개 | D94: =AC94/O94 -> #REF! | E94: =AB94/O94 -> #REF! | F94: =(S94+U94)/O94 -> 0.19900138 | G94: =H94/AG94 -> #DIV/0! | H94: =SUMIF(헤몬팜일일!$C$242:$C$380,$C94,헤몬팜일일!O$242:O$380) -> 52 | I94: =H94/7 -> 7.4285714 | J94: =SUMIF(헤몬팜일일!$C$242:$C$380,$C94,헤몬팜일일!P$242:P$380) -> 52 | K94: =SUMIF(헤몬팜일일!$C$242:$C$380,$C94,헤몬팜일일!Q$242:Q$380) -> 7 | L94: =SUMIF(헤몬팜일일!$C$242:$C$380,$C94,헤몬팜일일!S$242:S$380) -> 0 | M94: =SUMIF(헤몬팜일일!$C$242:$C$380,$C94,헤몬팜일일!T$242:T$380) -> 3010060 | N94: =SUMIF(헤몬팜일일!$C$242:$C$380,$C94,헤몬팜일일!U$242:U$380) -> 0 | O94: =SUMIF(헤몬팜일일!$C$242:$C$380,$C94,헤몬팜일일!V$242:V$380) -> 3010060 | P94: =O94/J94 -> 57885.769 | Q94: =R94/J94 -> #REF! | R94: =SUMIF(헤몬팜일일!$C$242:$C$380,$C94,헤몬팜일일!Y$242:Y$380) -> #REF! | S94: =SUMIF(헤몬팜일일!$C$242:$C$380,$C94,헤몬팜일일!Z$242:Z$380) -> 599006.1 | T94: =SUMIF(헤몬팜일일!$C$242:$C$380,$C94,헤몬팜일일!AA$242:AA$380) -> 544551 | U94: =SUMIF(헤몬팜일일!$C$242:$C$380,$C94,헤몬팜일일!AB$242:AB$380) -> 0 | V94: =SUMIF(헤몬팜일일!$C$242:$C$380,$C94,헤몬팜일일!AC$242:AC$380) -> 16170 | W94: 0.1 | X94: =SUMIF(헤몬팜일일!$C$242:$C$380,$C94,헤몬팜일일!AE$242:AE$380) -> 250900 | Y94: =W94+(X94/O94) -> 0.18335382 | Z94: =SUMIF(헤몬팜일일!$C$242:$C$380,$C94,헤몬팜일일!AG$242:AG$380) -> 485684.89 | AA94: =SUMIF(헤몬팜일일!$C$242:$C$380,$C94,헤몬팜일일!AH$242:AH$380) -> #REF! | AB94: =SUMIF(헤몬팜일일!$C$242:$C$380,$C94,헤몬팜일일!AJ$242:AJ$380) -> #REF! | AC94: =SUMIF(헤몬팜일일!$C$242:$C$380,$C94,헤몬팜일일!AK$242:AK$380) -> #REF! | AD94: =SUMIF(헤몬팜일일!$C$242:$C$380,$C94,헤몬팜일일!AK$242:AK$380) -> #REF! | AE94: =SUMIF(헤몬팜일일!$C$242:$C$380,$C94,헤몬팜일일!AL$242:AL$380) -> 1270.08
C95: 믹서기 | D95: =AC95/O95 -> 0.35179946 | E95: =AB95/O95 -> 0.49826626 | F95: =(S95+U95)/O95 -> 0.1464668 | G95: =H95/AG95 -> #DIV/0! | H95: =SUMIF(헤몬팜일일!$C$242:$C$380,$C95,헤몬팜일일!O$242:O$380) -> 141 | I95: =H95/7 -> 20.142857 | J95: =SUMIF(헤몬팜일일!$C$242:$C$380,$C95,헤몬팜일일!P$242:P$380) -> 141 | K95: =SUMIF(헤몬팜일일!$C$242:$C$380,$C95,헤몬팜일일!Q$242:Q$380) -> 27 | L95: =SUMIF(헤몬팜일일!$C$242:$C$380,$C95,헤몬팜일일!S$242:S$380) -> 0 | M95: =SUMIF(헤몬팜일일!$C$242:$C$380,$C95,헤몬팜일일!T$242:T$380) -> 2504160 | N95: =SUMIF(헤몬팜일일!$C$242:$C$380,$C95,헤몬팜일일!U$242:U$380) -> 0 | O95: =SUMIF(헤몬팜일일!$C$242:$C$380,$C95,헤몬팜일일!V$242:V$380) -> 2504160 | P95: =O95/J95 -> 17760 | Q95: =R95/J95 -> 4837.2102 | R95: =SUMIF(헤몬팜일일!$C$242:$C$380,$C95,헤몬팜일일!Y$242:Y$380) -> 682046.64 | S95: =SUMIF(헤몬팜일일!$C$242:$C$380,$C95,헤몬팜일일!Z$242:Z$380) -> 366776.3 | T95: =SUMIF(헤몬팜일일!$C$242:$C$380,$C95,헤몬팜일일!AA$242:AA$380) -> 333433 | U95: =SUMIF(헤몬팜일일!$C$242:$C$380,$C95,헤몬팜일일!AB$242:AB$380) -> 0 | V95: =SUMIF(헤몬팜일일!$C$242:$C$380,$C95,헤몬팜일일!AC$242:AC$380) -> 62370 | W95: 0.1 | X95: =SUMIF(헤몬팜일일!$C$242:$C$380,$C95,헤몬팜일일!AE$242:AE$380) -> 267900 | Y95: =W95+(X95/O95) -> 0.20698198 | Z95: =SUMIF(헤몬팜일일!$C$242:$C$380,$C95,헤몬팜일일!AG$242:AG$380) -> 463224.69 | AA95: =SUMIF(헤몬팜일일!$C$242:$C$380,$C95,헤몬팜일일!AH$242:AH$380) -> 111150.23 | AB95: =SUMIF(헤몬팜일일!$C$242:$C$380,$C95,헤몬팜일일!AJ$242:AJ$380) -> 1247738.4 | AC95: =SUMIF(헤몬팜일일!$C$242:$C$380,$C95,헤몬팜일일!AK$242:AK$380) -> 880962.14 | AD95: =SUMIF(헤몬팜일일!$C$242:$C$380,$C95,헤몬팜일일!AK$242:AK$380) -> 880962.14 | AE95: =SUMIF(헤몬팜일일!$C$242:$C$380,$C95,헤몬팜일일!AL$242:AL$380) -> 979.776
C96: 골전도이어폰 | D96: =AC96/O96 -> -0.077041694 | E96: =AB96/O96 -> 0.37869342 | F96: =(S96+U96)/O96 -> 0.45573512 | G96: =H96/AG96 -> #DIV/0! | H96: =SUMIF(헤몬팜일일!$C$242:$C$380,$C96,헤몬팜일일!O$242:O$380) -> 212 | I96: =J96/7 -> 24 | J96: =SUMIF(헤몬팜일일!$C$242:$C$380,$C96,헤몬팜일일!P$242:P$380) -> 168 | K96: =SUMIF(헤몬팜일일!$C$242:$C$380,$C96,헤몬팜일일!Q$242:Q$380) -> 16 | L96: =SUMIF(헤몬팜일일!$C$242:$C$380,$C96,헤몬팜일일!S$242:S$380) -> 44 | M96: =SUMIF(헤몬팜일일!$C$242:$C$380,$C96,헤몬팜일일!T$242:T$380) -> 4197600 | N96: =SUMIF(헤몬팜일일!$C$242:$C$380,$C96,헤몬팜일일!U$242:U$380) -> 871200 | O96: =SUMIF(헤몬팜일일!$C$242:$C$380,$C96,헤몬팜일일!V$242:V$380) -> 3326400 | P96: =O96/J96 -> 19800 | Q96: =R96/J96 -> 6685.6074 | R96: =SUMIF(헤몬팜일일!$C$242:$C$380,$C96,헤몬팜일일!Y$242:Y$380) -> 1123182 | S96: =SUMIF(헤몬팜일일!$C$242:$C$380,$C96,헤몬팜일일!Z$242:Z$380) -> 1054639.3 | T96: =SUMIF(헤몬팜일일!$C$242:$C$380,$C96,헤몬팜일일!AA$242:AA$380) -> 958763 | U96: =SUMIF(헤몬팜일일!$C$242:$C$380,$C96,헤몬팜일일!AB$242:AB$380) -> 461318 | V96: =SUMIF(헤몬팜일일!$C$242:$C$380,$C96,헤몬팜일일!AC$242:AC$380) -> 36960 | W96: 0.1 | X96: =SUMIF(헤몬팜일일!$C$242:$C$380,$C96,헤몬팜일일!AE$242:AE$380) -> 571200 | Y96: =W96+(X96/O96) -> 0.27171717 | Z96: =SUMIF(헤몬팜일일!$C$242:$C$380,$C96,헤몬팜일일!AG$242:AG$380) -> 837312.21 | AA96: =SUMIF(헤몬팜일일!$C$242:$C$380,$C96,헤몬팜일일!AH$242:AH$380) -> 106219.94 | AB96: =SUMIF(헤몬팜일일!$C$242:$C$380,$C96,헤몬팜일일!AJ$242:AJ$380) -> 1259685.8 | AC96: =SUMIF(헤몬팜일일!$C$242:$C$380,$C96,헤몬팜일일!AK$242:AK$380) -> -256271.49 | AD96: =SUMIF(헤몬팜일일!$C$242:$C$380,$C96,헤몬팜일일!AK$242:AK$380) -> -256271.49 | AE96: =SUMIF(헤몬팜일일!$C$242:$C$380,$C96,헤몬팜일일!AL$242:AL$380) -> 54.432
C97: 공기압 주입기 | D97: =AC97/O97 -> #DIV/0! | E97: =AB97/O97 -> #DIV/0! | F97: =(S97+U97)/O97 -> #DIV/0! | G97: =H97/AG97 -> #DIV/0! | H97: =SUMIF(헤몬팜일일!$C$242:$C$380,$C97,헤몬팜일일!O$242:O$380) -> 0 | I97: =H97/7 -> 0 | J97: =SUMIF(헤몬팜일일!$C$242:$C$380,$C97,헤몬팜일일!P$242:P$380) -> 0 | K97: =SUMIF(헤몬팜일일!$C$242:$C$380,$C97,헤몬팜일일!Q$242:Q$380) -> 9 | L97: =SUMIF(헤몬팜일일!$C$242:$C$380,$C97,헤몬팜일일!S$242:S$380) -> 0 | M97: =SUMIF(헤몬팜일일!$C$242:$C$380,$C97,헤몬팜일일!T$242:T$380) -> 0 | N97: =SUMIF(헤몬팜일일!$C$242:$C$380,$C97,헤몬팜일일!U$242:U$380) -> 0 | O97: =SUMIF(헤몬팜일일!$C$242:$C$380,$C97,헤몬팜일일!V$242:V$380) -> 0 | P97: =O97/J97 -> #DIV/0! | Q97: =R97/J97 -> #DIV/0! | R97: =SUMIF(헤몬팜일일!$C$242:$C$380,$C97,헤몬팜일일!Y$242:Y$380) -> 0 | S97: =SUMIF(헤몬팜일일!$C$242:$C$380,$C97,헤몬팜일일!Z$242:Z$380) -> 88629.2 | T97: =SUMIF(헤몬팜일일!$C$242:$C$380,$C97,헤몬팜일일!AA$242:AA$380) -> 80572 | U97: =SUMIF(헤몬팜일일!$C$242:$C$380,$C97,헤몬팜일일!AB$242:AB$380) -> 0 | V97: =SUMIF(헤몬팜일일!$C$242:$C$380,$C97,헤몬팜일일!AC$242:AC$380) -> 20790 | W97: 0.1 | X97: =SUMIF(헤몬팜일일!$C$242:$C$380,$C97,헤몬팜일일!AE$242:AE$380) -> 0 | Y97: =W97+(X97/O97) -> #DIV/0! | Z97: =SUMIF(헤몬팜일일!$C$242:$C$380,$C97,헤몬팜일일!AG$242:AG$380) -> 0.18 | AA97: =SUMIF(헤몬팜일일!$C$242:$C$380,$C97,헤몬팜일일!AH$242:AH$380) -> -0.018 | AB97: =SUMIF(헤몬팜일일!$C$242:$C$380,$C97,헤몬팜일일!AJ$242:AJ$380) -> -0.162 | AC97: =SUMIF(헤몬팜일일!$C$242:$C$380,$C97,헤몬팜일일!AK$242:AK$380) -> -88629.362 | AD97: =SUMIF(헤몬팜일일!$C$242:$C$380,$C97,헤몬팜일일!AK$242:AK$380) -> -88629.362 | AE97: =SUMIF(헤몬팜일일!$C$242:$C$380,$C97,헤몬팜일일!AL$242:AL$380) -> 196.56
C98: 강아지바리깡 | D98: =AC98/O98 -> 0.24162897 | E98: =AB98/O98 -> 0.43444843 | F98: =(S98+U98)/O98 -> 0.19281946 | G98: =H98/AG98 -> #DIV/0! | H98: =SUMIF(헤몬팜일일!$C$242:$C$380,$C98,헤몬팜일일!O$242:O$380) -> 158 | I98: =H98/7 -> 22.571429 | J98: =SUMIF(헤몬팜일일!$C$242:$C$380,$C98,헤몬팜일일!P$242:P$380) -> 158 | K98: =SUMIF(헤몬팜일일!$C$242:$C$380,$C98,헤몬팜일일!Q$242:Q$380) -> 39 | L98: =SUMIF(헤몬팜일일!$C$242:$C$380,$C98,헤몬팜일일!S$242:S$380) -> 0 | M98: =SUMIF(헤몬팜일일!$C$242:$C$380,$C98,헤몬팜일일!T$242:T$380) -> 3916820 | N98: =SUMIF(헤몬팜일일!$C$242:$C$380,$C98,헤몬팜일일!U$242:U$380) -> 0 | O98: =SUMIF(헤몬팜일일!$C$242:$C$380,$C98,헤몬팜일일!V$242:V$380) -> 3916820 | P98: =O98/J98 -> 24790 | Q98: =R98/J98 -> 7253.6181 | R98: =SUMIF(헤몬팜일일!$C$242:$C$380,$C98,헤몬팜일일!Y$242:Y$380) -> 1146071.7 | S98: =SUMIF(헤몬팜일일!$C$242:$C$380,$C98,헤몬팜일일!Z$242:Z$380) -> 755239.1 | T98: =SUMIF(헤몬팜일일!$C$242:$C$380,$C98,헤몬팜일일!AA$242:AA$380) -> 686581 | U98: =SUMIF(헤몬팜일일!$C$242:$C$380,$C98,헤몬팜일일!AB$242:AB$380) -> 0 | V98: =SUMIF(헤몬팜일일!$C$242:$C$380,$C98,헤몬팜일일!AC$242:AC$380) -> 90090 | W98: 0.1 | X98: =SUMIF(헤몬팜일일!$C$242:$C$380,$C98,헤몬팜일일!AE$242:AE$380) -> 497700 | Y98: =W98+(X98/O98) -> 0.22706737 | Z98: =SUMIF(헤몬팜일일!$C$242:$C$380,$C98,헤몬팜일일!AG$242:AG$380) -> 920716.77 | AA98: =SUMIF(헤몬팜일일!$C$242:$C$380,$C98,헤몬팜일일!AH$242:AH$380) -> 148375.28 | AB98: =SUMIF(헤몬팜일일!$C$242:$C$380,$C98,헤몬팜일일!AJ$242:AJ$380) -> 1701656.3 | AC98: =SUMIF(헤몬팜일일!$C$242:$C$380,$C98,헤몬팜일일!AK$242:AK$380) -> 946417.19 | AD98: =SUMIF(헤몬팜일일!$C$242:$C$380,$C98,헤몬팜일일!AK$242:AK$380) -> 946417.19 | AE98: =SUMIF(헤몬팜일일!$C$242:$C$380,$C98,헤몬팜일일!AL$242:AL$380) -> 452.088
C99: 강아지바리깡 2개 | D99: =AC99/O99 -> -0.75685425 | E99: =AB99/O99 -> 0.41263737 | F99: =(S99+U99)/O99 -> 1.1694916 | G99: =H99/AG99 -> #DIV/0! | H99: =SUMIF(헤몬팜일일!$C$242:$C$380,$C99,헤몬팜일일!O$242:O$380) -> 6 | I99: =H99/7 -> 0.85714286 | J99: =SUMIF(헤몬팜일일!$C$242:$C$380,$C99,헤몬팜일일!P$242:P$380) -> 6 | K99: =SUMIF(헤몬팜일일!$C$242:$C$380,$C99,헤몬팜일일!Q$242:Q$380) -> 1 | L99: =SUMIF(헤몬팜일일!$C$242:$C$380,$C99,헤몬팜일일!S$242:S$380) -> 0 | M99: =SUMIF(헤몬팜일일!$C$242:$C$380,$C99,헤몬팜일일!T$242:T$380) -> 238800 | N99: =SUMIF(헤몬팜일일!$C$242:$C$380,$C99,헤몬팜일일!U$242:U$380) -> 0 | O99: =SUMIF(헤몬팜일일!$C$242:$C$380,$C99,헤몬팜일일!V$242:V$380) -> 238800 | P99: =O99/J99 -> 39800 | Q99: =R99/J99 -> 14113.035 | R99: =SUMIF(헤몬팜일일!$C$242:$C$380,$C99,헤몬팜일일!Y$242:Y$380) -> 84678.208 | S99: =SUMIF(헤몬팜일일!$C$242:$C$380,$C99,헤몬팜일일!Z$242:Z$380) -> 279274.6 | T99: =SUMIF(헤몬팜일일!$C$242:$C$380,$C99,헤몬팜일일!AA$242:AA$380) -> 253886 | U99: =SUMIF(헤몬팜일일!$C$242:$C$380,$C99,헤몬팜일일!AB$242:AB$380) -> 0 | V99: =SUMIF(헤몬팜일일!$C$242:$C$380,$C99,헤몬팜일일!AC$242:AC$380) -> 2310 | W99: 0.1 | X99: =SUMIF(헤몬팜일일!$C$242:$C$380,$C99,헤몬팜일일!AE$242:AE$380) -> 21300 | Y99: =W99+(X99/O99) -> 0.18919598 | Z99: =SUMIF(헤몬팜일일!$C$242:$C$380,$C99,헤몬팜일일!AG$242:AG$380) -> 47090.52 | AA99: =SUMIF(헤몬팜일일!$C$242:$C$380,$C99,헤몬팜일일!AH$242:AH$380) -> 8493.4677 | AB99: =SUMIF(헤몬팜일일!$C$242:$C$380,$C99,헤몬팜일일!AJ$242:AJ$380) -> 98537.805 | AC99: =SUMIF(헤몬팜일일!$C$242:$C$380,$C99,헤몬팜일일!AK$242:AK$380) -> -180736.8 | AD99: =SUMIF(헤몬팜일일!$C$242:$C$380,$C99,헤몬팜일일!AK$242:AK$380) -> -180736.8 | AE99: =SUMIF(헤몬팜일일!$C$242:$C$380,$C99,헤몬팜일일!AL$242:AL$380) -> 452.088
D100: =AC100/P100 -> #REF! | E100: =AB100/P100 -> #REF! | F100: =T100/P100 -> #DIV/0! | H100: =SUM(H83:H99) -> 2336 | I100: =SUM(I83:I99) -> 327.42857 | J100: =SUM(J83:J99) -> 2292 | K100: =SUM(K83:K99) -> 248 | L100: =SUM(L83:L99) -> 44 | M100: =SUM(M83:M99) -> 64458210 | N100: =SUM(N83:N99) -> 871200 | O100: =SUM(O83:O99) -> 63587010 | Q100: =SUM(Q83:Q99) -> #REF! | R100: =SUM(R83:R99) -> #REF! | S100: =SUM(S83:S99) -> 16423482 | T100: =SUM(T83:T99) -> 14930438 | U100: =SUM(U83:U99) -> 461318 | V100: =SUM(V83:V99) -> 558804 | W100: 0.09 | X100: =SUM(X83:X99) -> 7200200 | Z100: =SUM(Z83:Z99) -> 13286290 | AA100: =SUM(AA83:AA99) -> #REF! | AB100: =SUM(AB83:AB99) -> #REF! | AC100: =SUM(AC83:AC99) -> #REF!
T118: 광고센터에서 입력
D119: 이윤율 | E119: 마진율 | F119: 광고비율 | H119: 판매수 | I119: 일판매 | J119: 순판매개수 | K119: 가구매 | L119: 가구매금액 | M119: 가구매비용 | N119: 매출 | O119: 순매출 | P119: 입고가 | Q119: 입고판매가 | R119: 광고비1.1 | S119: 광고비 | T119: 반품회수비 | U119: 수수료 | V119: 택배비 | W119: 판매수수료 | X119: 수수료 | Y119: 부가세 | Z119: 판매마진 | AA119: 순이익
C120: 9/29~9/30 | D120: =AA120/O120 -> 0.13930236 | E120: =Z120/O120 -> 0.41683064 | F120: =(R120+M120)/O120 -> 0.27752828 | H120: 456 | I120: 65.142857 | J120: 436 | K120: 20 | L120: 379100 | M120: 224486.5 | N120: 13138690 | O120: 12759590 | P120: 311151.98 | Q120: 4369135.2 | R120: =S120*1.1 -> 3316660.6 | S120: 3015146 | T120: 118704 | U120: 0.1 | V120: 1361500 | W120: =U120+(V120/O120) -> 0.20670406 | X120: 2613808.9 | Y120: 458057.84 | Z120: 5318588.1 | AA120: =Z120-R120-M120 -> 1777441
C121: 9/29~10/5 | D121: =AA121/O121 -> 0.15358004 | E121: =Z121/O121 -> 0.42286511 | F121: =(R121+M121)/O121 -> 0.26928506 | H121: 1770 | I121: 252.85714 | J121: 1723 | K121: 47 | L121: 823900 | M121: 555048.75 | N121: 47945280 | O121: 47121380 | P121: 1089031.9 | Q121: 15709898 | R121: =S121*1.1 -> 12134035 | S121: 11030941 | T121: 424860 | U121: 0.1 | V121: 5220350 | W121: 0.20078517 | X121: 9762589.9 | Y121: 1722904.4 | Z121: 19925987 | AA121: =Z121-R121-M121 -> 7236903.5
C122: 10/1~10/5 | D122: =AA122/O122 -> 0.15888178 | E122: =Z122/O122 -> 0.42510589 | F122: =(R122+M122)/O122 -> 0.2662241 | H122: =H121-H120 -> 1314 | I122: =I121-I120 -> 187.71429 | J122: =H122-K122 -> 1287 | K122: =K121-K120 -> 27 | L122: =L121-L120 -> 444800 | M122: =M121-M120 -> 330562.25 | N122: =N121-N120 -> 34806590 | O122: =O121-O120 -> 34361790 | P122: =P121-P120 -> 777879.96 | Q122: =Q121-Q120 -> 11340763 | R122: =S122*1.1 -> 8817374.5 | S122: =S121-S120 -> 8015795 | T122: =T121-T120 -> 306156 | U122: 0.1 | V122: =V121-V120 -> 3858850 | W122: =U122+(V122/O122) -> 0.21230061 | X122: =X121-X120 -> 7148781 | Y122: =Y121-Y120 -> 1264846.5 | Z122: =Z121-Z120 -> 14607399 | AA122: =Z122-R122-M122 -> 5459462.5
C123: 10/6~10/12 | D123: =AA123/O123 -> 0.16556911 | E123: =Z123/O123 -> 0.4211041 | F123: =(R123+M123)/O123 -> 0.25553498 | H123: 2164 | I123: 309.14286 | J123: =H123-K123 -> 2129 | K123: 35 | L123: 619400 | M123: 438492.5 | N123: 60019350 | O123: 59399950 | Q123: 19892368 | R123: =S123*1.1 -> 14740273 | S123: 13400248 | T123: 474816 | U123: 0.1 | V123: 6627900 | W123: =U123+(V123/O123) -> 0.2115809 | X123: 12332558 | Y123: 2161461.6 | Z123: 25013562 | AA123: =Z123-R123-M123 -> 9834796.9
C124: 9/22~9/25 | D124: =AA124/O124 -> #DIV/0! | E124: =Z124/O124 -> #DIV/0! | F124: =(R124+M124)/O124 -> #DIV/0! | J124: =H124-K124 -> 0 | O124: =P40 -> 0 | R124: =S124*1.1 -> 0 | U124: 0.1 | W124: =U124+(V124/O124) -> #DIV/0! | AA124: =Z124-R124-M124 -> 0
C125: 9/29~9/30 | D125: =AA125/O125 -> #DIV/0! | E125: =Z125/O125 -> #DIV/0! | F125: =(R125+M125)/O125 -> #DIV/0! | J125: =H125-K125 -> 0 | R125: =S125*1.1 -> 0 | U125: 0.1 | W125: =U125+(V125/O125) -> #DIV/0! | AA125: =Z125-R125-M125 -> 0
C126: 가구매미포함 | D126: =AA126/O126 -> 0.15904861 | E126: =Z126/O126 -> 0.41850094 | F126: =(R126+M126)/O126 -> 0.25945233 | H126: =SUM(H122:H125) -> 3478 | I126: =SUM(I122:I125) -> 496.85714 | J126: =SUM(J122:J125) -> 3416 | K126: =SUM(K122:K125) -> 62 | L126: =SUM(L122:L125) -> 1064200 | M126: =SUM(M122:M125) -> 769054.75 | N126: =SUM(N122:N125) -> 94825940 | O126: =SUM(O122:O125) -> 93761740 | ... T126: =SUM(T122:T125) -> 780972 | U126: 0.1 | V126: =SUM(V122:V125) -> 10486750 | W126: =U126+(V126/O126) -> 0.21184466 | X126: =O126*W126+3% -> 19862924 | Y126: =SUM(Y122:Y125) -> 3426308.1 | Z126: =O126-(Q126+X126+Y126) -> 39239377 | AA126: =Z126-R126-M126 -> 14912675
C127: 가구매포함 | D127: =AA127/O127 -> 0.12117251 | E127: =Z127/N127 -> 0.36960292 | F127: =(R127)/N127 -> 0.24843041 | H127: =H126 -> 3478 | I127: =I126 -> 496.85714 | J127: =J126 -> 3416 | K127: =K126 -> 62 | L127: =L126 -> 1064200 | M127: =M126 -> 769054.75 | N127: =N126 -> 94825940 | O127: =N127 -> 94825940 | P127: =P126 -> 777879.96 | Q127: =Q126 -> 31233131 | R127: =R126 -> 23557647 | S127: =S126 -> 21416043 | T127: =T126 -> 780972 | U127: 0.1 | V127: =V126 -> 10486750 | W127: =U127+(V127/O127) -> 0.21058947 | X127: =O127*W127+3% -> 19969344 | Y127: =SUM(Y121:Y126) -> 8575520.7 | Z127: =O127-(Q127+X127+Y127) -> 35047944 | AA127: =Z127-R127 -> 11490297
A131: `

Sheet 헤몬팜일일
A1: 192
C2: 45929 | D2: 이윤율 | E2: 마진율 | F2: 광고비율 | G2: 전환율 | H2: 발주남은수량 | I2: 창고안전 | J2: 쿠팡안전 | K2: 가용재고 | L2: 창고재고 | M2: 쿠팡재고 | N2: 목표판매량 | O2: 판매수 | P2: 순판매개수 | Q2: 취소개수 | R2: 광고전환 | S2: 가구매 | T2: 매출 | U2: 가구매금액 | V2: 순매출 | W2: 판매가 | X2: 입고가 | Y2: 입고판매가 | Z2: 광고비1.1 | AA2: 광고비 | AB2: 가구매비용 | AC2: 반품회수비 | AD2: 수수료 | AE2: 택배비 | AF2: 판매수수료 | AG2: 수수료 | AH2: 부가세 | AI2: 도매가 | AJ2: 판매마진 | AK2: 순이익 | AL2: 1개당 한국 운임 물류비(KRW) | AM2: 1개당 물류비 (KRW) | AN2: 부자재값 | AO2: 노출수 | AP2: 클릭수
C3: 쉐이버 | D3: =AK3/V3 -> 0.1824153 | E3: =AJ3/V3 -> 0.42412315 | F3: =(Z3+AB3)/V3 -> 0.24170785 | G3: =R3/AP3 -> 0.069058903 | H3: 7410 | I3: =N3*7 -> 1400 | J3: =N3*14 -> 2800 | L3: 768 | M3: =2023+1320 -> 3343 | N3: 200 | O3: 142 | P3: =O3-S3 -> 142 | Q3: 12 | R3: 102 | T3: =W3*O3 -> 3976000 | U3: =W3*S3 -> 0 | V3: =T3-U3 -> 3976000 | W3: 28000 | X3: =SUMIF(헤몬팜마진!$B$7:$B$32,$C3,헤몬팜마진!$R$7:$R$32) -> 8850.86 | Y3: =AI3*P3 -> 1312798.7 | Z3: =AA3*1.1 -> 961030.4 | AA3: 873664 | AC3: =(1072+1100)*Q3 -> 26064 | AD3: 0.1 | AE3: =3050*(P3) -> 433100 | AF3: =AD3+(AE3/V3) -> 0.20892857 | AG3: =IFERROR(V3*AF3+3%,0) -> 830700.03 | AH3: =V3/1.1*10%-((AI3*P3)+AG3+(AN3*P3)+(AL3*P3))*10% -> 146187.57 | AI3: =SUMIF(헤몬팜마진!$B$7:$B$32,$C3,헤몬팜마진!$V$7:$V$32) -> 9245.0616 | AJ3: =V3-(Y3+AG3+AH3+(AN3*P3)) -> 1686313.6 | AK3: =AJ3-Z3-AB3 -> 725283.25 | AL3: =SUMIF(헤몬팜마진!$B$7:$B$32,$C3,헤몬팜마진!$T$7:$T$32) -> 64.584 | AM3: =SUMIF(헤몬팜마진!$B$7:$B$32,$C3,헤몬팜마진!$U$7:$U$32) -> 329.6176 | AO3: 524770 | AP3: 1477
C4: 일자면도기 | D4: =AK4/V4 -> #DIV/0! | E4: =AJ4/V4 -> #DIV/0! | F4: =(Z4+AB4)/V4 -> #DIV/0! | G4: =R4/AP4 -> 0 | H4: 1460 | I4: =N4*7 -> 140 | J4: =N4*14 -> 280 | L4: 325 | M4: 0 | N4: 20 | O4: 0 | P4: =O4-S4 -> 0 | Q4: 0 | R4: 0 | T4: =W4*O4 -> 0 | U4: =W4*S4 -> 0 | V4: =T4-U4 -> 0 | W4: 22700 | X4: =SUMIF(헤몬팜마진!$B$7:$B$32,$C4,헤몬팜마진!$R$7:$R$32) -> 7080.688 | Y4: =AI4*P4 -> 0 | Z4: =AA4*1.1 -> 4500.1 | AA4: 4091 | AC4: =(1072+1100)*Q4 -> 0 | AD4: 0.1 | AE4: =2950*(P4) -> 0 | AF4: =AD4+(AE4/V4) -> #DIV/0! | AG4: =IFERROR(V4*AF4+3%,0) -> 0 | AH4: =V4/1.1*10%-((AI4*P4)+AG4+(AN4*P4)+(AL4*P4))*10% -> 0 | AI4: =SUMIF(헤몬팜마진!$B$7:$B$32,$C4,헤몬팜마진!$V$7:$V$32) -> 7377.328 | AJ4: =V4-(Y4+AG4+AH4+(AN4*P4)) -> 0 | AK4: =AJ4-Z4-AB4 -> -4500.1 | AL4: =SUMIF(헤몬팜마진!$B$7:$B$32,$C4,헤몬팜마진!$T$7:$T$32) -> 48.6 | AM4: =SUMIF(헤몬팜마진!$B$7:$B$32,$C4,헤몬팜마진!$U$7:$U$32) -> 248.04 | AO4: 27292 | AP4: 12
C5: 프라임 1개 | D5: =AK5/V5 -> #REF! | E5: =AJ5/V5 -> #REF! | F5: =(Z5+AB5)/V5 -> 0.17656041 | G5: =R5/AP5 -> 0.041666667 | H5: 0 | I5: =N5*7 -> 105 | J5: =N5*14 -> 210 | L5: 430 | M5: =40+3+3 -> 46 | N5: 15 | O5: 3 | P5: =O5-S5 -> 3 | Q5: 1 | R5: 2 | T5: =W5*O5 -> 137400 | U5: =W5*S5 -> 0 | V5: =T5-U5 -> 137400 | W5: 45800 | X5: =SUMIF(헤몬팜마진!$B$7:$B$32,$C5,헤몬팜마진!$R$7:$R$32) -> 9990.4082 | Y5: =AI5*P5 -> #REF! | Z5: =AA5*1.1 -> 24259.4 | AA5: 22054 | AC5: =(1210+1100)*Q5 -> 2310 | AD5: 0.11 | AE5: =4150*(P5) -> 12450 | AF5: =AD5+(AE5/V5) -> 0.20061135 | AG5: =IFERROR(V5*AF5+3%,0) -> 27564.03 | AH5: =V5/1.1*10%-((AI5*P5)+AG5+(AN5*P5)+(AL5*P5))*10% -> #REF! | AI5: =SUMIF(헤몬팜마진!$B$7:$B$32,$C5,헤몬팜마진!$V$7:$V$32) -> #REF! | AJ5: =V5-(Y5+AG5+AH5+(AN5*P5)) -> #REF! | AK5: =AJ5-Z5-AB5 -> #REF! | AL5: =SUMIF(헤몬팜마진!$B$7:$B$32,$C5,헤몬팜마진!$T$7:$T$32) -> 162 | AM5: =SUMIF(헤몬팜마진!$B$7:$B$32,$C5,헤몬팜마진!$U$7:$U$32) -> 826.8 | AO5: 20297 | AP5: 48
C6: 프라임 2개 | D6: =AK6/V6 -> #REF! | E6: =AJ6/V6 -> #REF! | F6: =(Z6+AB6)/V6 -> 0.35419177 | G6: =R6/AP6 -> 0.057377049 | H6: 0 | I6: =N6*7 -> 105 | J6: =N6*14 -> 210 | M6: =20+2 -> 22 | N6: 15 | O6: 8 | P6: =O6-S6 -> 8 | Q6: 1 | R6: 7 | T6: =W6*O6 -> 374400 | U6: =W6*S6 -> 0 | V6: =T6-U6 -> 374400 | W6: 46800 | X6: =SUMIF(헤몬팜마진!$B$7:$B$32,$C6,헤몬팜마진!$R$7:$R$32) -> 9990.4082 | Y6: =AI6*P6 -> #REF! | Z6: =AA6*1.1 -> 132609.4 | AA6: 120554 | AC6: =(1210+1100)*Q6 -> 2310 | AD6: 0.11 | AE6: =4150*(P6) -> 33200 | AF6: =AD6+(AE6/V6) -> 0.19867521 | AG6: =IFERROR(V6*AF6+3%,0) -> 74384.03 | AH6: =V6/1.1*10%-((AI6*P6)+AG6+(AN6*P6)+(AL6*P6))*10% -> #REF! | AI6: =SUMIF(헤몬팜마진!$B$7:$B$32,$C6,헤몬팜마진!$V$7:$V$32) -> #REF! | AJ6: =V6-(Y6+AG6+AH6+(AN6*P6)) -> #REF! | AK6: =AJ6-Z6-AB6 -> #REF! | AL6: =SUMIF(헤몬팜마진!$B$7:$B$32,$C6,헤몬팜마진!$T$7:$T$32) -> 162 | AM6: =SUMIF(헤몬팜마진!$B$7:$B$32,$C6,헤몬팜마진!$U$7:$U$32) -> 826.8 | AO6: 83500 | AP6: 122
C7: 다밴다 1개 | D7: =AK7/V7 -> #REF! | E7: =AJ7/V7 -> #REF! | F7: =(Z7+AB7)/V7 -> 0.44699916 | G7: =R7/AP7 -> 0.010869565 | H7: 3504 | I7: =N7*7 -> 210 | J7: =N7*14 -> 420 | L7: 626 | M7: =30+13+6 -> 49 | N7: 30 | O7: 2 | P7: =O7-S7 -> 2 | Q7: 0 | R7: 1 | T7: =W7*O7 -> 119600 | U7: =W7*S7 -> 0 | V7: =T7-U7 -> 119600 | W7: 59800 | X7: =SUMIF(헤몬팜마진!$B$7:$B$32,$C7,헤몬팜마진!$R$7:$R$32) -> 13276.29 | Y7: =AI7*P7 -> #REF! | Z7: =AA7*1.1 -> 53461.1 | AA7: 48601 | AC7: =(1210+1100)*Q7 -> 0 | AD7: 0.108 | AE7: =4825*(P7) -> 9650 | AF7: =AD7+(AE7/V7) -> 0.18868562 | AG7: =IFERROR(V7*AF7+3%,0) -> 22566.83 | AH7: =V7/1.1*10%-((AI7*P7)+AG7+(AN7*P7)+(AL7*P7))*10% -> #REF! | AI7: =SUMIF(헤몬팜마진!$B$7:$B$32,$C7,헤몬팜마진!$V$7:$V$32) -> #REF! | AJ7: =V7-(Y7+AG7+AH7+(AN7*P7)) -> #REF! | AK7: =AJ7-Z7-AB7 -> #REF! | AL7: =SUMIF(헤몬팜마진!$B$7:$B$32,$C7,헤몬팜마진!$T$7:$T$32) -> 371.52 | AM7: =SUMIF(헤몬팜마진!$B$7:$B$32,$C7,헤몬팜마진!$U$7:$U$32) -> 1896.128 | AO7: 41677 | AP7: 92
C8: 다벤다 2개 | D8: =AK8/V8 -> #REF! | E8: =AJ8/V8 -> #REF! | F8: =(Z8+AB8)/V8 -> 0.33173008 | G8: =R8/AP8 -> 0.022222222 | H8: 0 | I8: =N8*7 -> 210 | J8: =N8*14 -> 420 | M8: =4+11+18+38+129 -> 200 | N8: 30 | O8: 4 | P8: =O8-S8 -> 4 | Q8: 0 | R8: 3 | T8: =W8*O8 -> 279120 | U8: =W8*S8 -> 0 | V8: =T8-U8 -> 279120 | W8: 69780 | X8: =SUMIF(헤몬팜마진!$B$7:$B$32,$C8,헤몬팜마진!$R$7:$R$32) -> 13276.29 | Y8: =AI8*P8 -> #REF! | Z8: =AA8*1.1 -> 92592.5 | AA8: 84175 | AC8: =(1210+1100)*Q8 -> 0 | AD8: 0.108 | AE8: =4825*(P8) -> 19300 | AF8: =AD8+(AE8/V8) -> 0.17714589 | AG8: =IFERROR(V8*AF8+3%,0) -> 49444.99 | AH8: =V8/1.1*10%-((AI8*P8)+AG8+(AN8*P8)+(AL8*P8))*10% -> #REF! | AI8: =SUMIF(헤몬팜마진!$B$7:$B$32,$C8,헤몬팜마진!$V$7:$V$32) -> #REF! | AJ8: =V8-(Y8+AG8+AH8+(AN8*P8)) -> #REF! | AK8: =AJ8-Z8-AB8 -> #REF! | AL8: =SUMIF(헤몬팜마진!$B$7:$B$32,$C8,헤몬팜마진!$T$7:$T$32) -> 371.52 | AM8: =SUMIF(헤몬팜마진!$B$7:$B$32,$C8,헤몬팜마진!$U$7:$U$32) -> 1896.128 | AO8: 83142 | AP8: 135
C9: 시거잭 | D9: =AK9/V9 -> -0.36675821 | E9: =AJ9/V9 -> 0.43536644 | F9: =(Z9+AB9)/V9 -> 0.80212465 | G9: =R9/AP9 -> 0.041958042 | H9: 500 | I9: =N9*7 -> 105 | J9: =N9*14 -> 210 | L9: 777 | M9: =115+100+1 -> 216 | N9: 15 | O9: 13 | P9: =O9-S9 -> 8 | Q9: 1 | R9: 6 | S9: 5 | T9: =W9*O9 -> 232700 | U9: =W9*S9 -> 89500 | V9: =T9-U9 -> 143200 | W9: 17900 | X9: =SUMIF(헤몬팜마진!$B$7:$B$32,$C9,헤몬팜마진!$R$7:$R$32) -> 5089.2445 | Y9: =AI9*P9 -> 41010.596 | Z9: =AA9*1.1 -> 65527 | AA9: 59570 | AB9: =((17890*0.015)+(17890*0.19)+2100+2200+1900)*5 -> 49337.25 | AC9: =(1210+1100)*Q9 -> 2310 | AD9: 0.078 | AE9: =2900*(P9) -> 23200 | AF9: =AD9+(AE9/V9) -> 0.24001117 | AG9: =IFERROR(V9*AF9+3%,0) -> 34369.63 | AH9: =V9/1.1*10%-((AI9*P9)+AG9+(AN9*P9)+(AL9*P9))*10% -> 5475.2992 | AI9: =SUMIF(헤몬팜마진!$B$7:$B$32,$C9,헤몬팜마진!$V$7:$V$32) -> 5126.3245 | AJ9: =V9-(Y9+AG9+AH9+(AN9*P9)) -> 62344.475 | AK9: =AJ9-Z9-AB9 -> -52519.775 | AL9: =SUMIF(헤몬팜마진!$B$7:$B$32,$C9,헤몬팜마진!$T$7:$T$32) -> 6.075 | AM9: =SUMIF(헤몬팜마진!$B$7:$B$32,$C9,헤몬팜마진!$U$7:$U$32) -> 31.005 | AO9: 42879 | AP9: 143
C10: 뉴 고압세척기 배터리 1개 | D10: =AK10/V10 -> #REF! | E10: =AJ10/V10 -> #REF! | F10: =(Z10+AB10)/V10 -> 0.12914264 | G10: =R10/AP10 -> 0.070588235 | H10: 0 | I10: =N10*7 -> 140 | J10: =N10*14 -> 280 | L10: 340 | M10: =101+42+48+31+19+10 -> 251 | N10: 20 | O10: 13 | P10: =O10-S10 -> 13 | Q10: 0 | R10: 12 | T10: =W10*O10 -> 517400 | U10: =W10*S10 -> 0 | V10: =T10-U10 -> 517400 | W10: 39800 | X10: =SUMIF(헤몬팜마진!$B$7:$B$32,$C10,헤몬팜마진!$R$7:$R$32) -> 7855.1382 | Y10: =AI10*P10 -> #REF! | Z10: =AA10*1.1 -> 66818.4 | AA10: 60744 | AC10: =(1210+1100)*Q10 -> 0 | AD10: 0.08 | AE10: =4150*(P10) -> 53950 | AF10: =AD10+(AE10/V10) -> 0.18427136 | AG10: =IFERROR(V10*AF10+3%,0) -> 95342.03 | AH10: =V10/1.1*10%-((AI10*P10)+AG10+(AN10*P10)+(AL10*P10))*10% -> #REF! | AI10: =SUMIF(헤몬팜마진!$B$7:$B$32,$C10,헤몬팜마진!$V$7:$V$32) -> #REF! | AJ10: =V10-(Y10+AG10+AH10+(AN10*P10)) -> #REF! | AK10: =AJ10-Z10-AB10 -> #REF! | AL10: =SUMIF(헤몬팜마진!$B$7:$B$32,$C10,헤몬팜마진!$T$7:$T$32) -> 176.418 | AM10: =SUMIF(헤몬팜마진!$B$7:$B$32,$C10,헤몬팜마진!$U$7:$U$32) -> 900.3852 | AO10: 66685 | AP10: 170
C11: 뉴 고압세척기 | D11: =AK11/V11 -> #REF! | E11: =AJ11/V11 -> #REF! | F11: =(Z11+AB11)/V11 -> 0.15748718 | G11: =R11/AP11 -> 0.031746032 | I11: =N11*7 -> 105 | J11: =N11*14 -> 210 | M11: =75+42+48+18+8+1 -> 192 | N11: 15 | O11: 3 | P11: =O11-S11 -> 3 | Q11: 0 | R11: 2 | T11: =W11*O11 -> 128700 | U11: =W11*S11 -> 0 | V11: =T11-U11 -> 128700 | W11: 42900 | X11: =SUMIF(헤몬팜마진!$B$7:$B$32,$C11,헤몬팜마진!$R$7:$R$32) -> 7855.1382 | Y11: =AI11*P11 -> #REF! | Z11: =AA11*1.1 -> 20268.6 | AA11: 18426 | AC11: =(1210+1100)*Q11 -> 0 | AD11: 0.078 | AE11: =1900*(P11) -> 5700 | AF11: =AD11+(AE11/V11) -> 0.12228904 | AG11: =IFERROR(V11*AF11+3%,0) -> 15738.63 | AH11: =V11/1.1*10%-((AI11*P11)+AG11+(AN11*P11)+(AL11*P11))*10% -> #REF! | AI11: =SUMIF(헤몬팜마진!$B$7:$B$32,$C11,헤몬팜마진!$V$7:$V$32) -> #REF! | AJ11: =V11-(Y11+AG11+AH11+(AN11*P11)) -> #REF! | AK11: =AJ11-Z11-AB11 -> #REF! | AL11: =SUMIF(헤몬팜마진!$B$7:$B$32,$C11,헤몬팜마진!$T$7:$T$32) -> 176.418 | AM11: =SUMIF(헤몬팜마진!$B$7:$B$32,$C11,헤몬팜마진!$U$7:$U$32) -> 900.3852 | AO11: 12910 | AP11: 63
C12: 모기지옥 | D12: =AK12/V12 -> 0.31751333 | E12: =AJ12/V12 -> 0.3629886 | F12: =(Z12+AB12)/V12 -> 0.04547526 | G12: =R12/AP12 -> 0.10526316 | H12: 1750 | I12: =N12*7 -> 350 | J12: =N12*14 -> 700 | L12: 1449 | M12: =645+524+27+11+8+5+3+2+1+1 -> 1227 | N12: 50 | O12: 4 | P12: =O12-S12 -> 4 | Q12: 0 | R12: 2 | T12: =W12*O12 -> 76800 | U12: =W12*S12 -> 0 | V12: =T12-U12 -> 76800 | W12: 19200 | X12: =SUMIF(헤몬팜마진!$B$7:$B$32,$C12,헤몬팜마진!$R$7:$R$32) -> 6372.6192 | Y12: =AI12*P12 -> 27085.741 | Z12: =AA12*1.1 -> 3492.5 | AA12: =3135+40 -> 3175 | AC12: =(1210+1100)*Q12 -> 0 | AD12: 0.08 | AE12: =3350*(P12) -> 13400 | AF12: =AD12+(AE12/V12) -> 0.25447917 | AG12: =IFERROR(V12*AF12+3%,0) -> 19544.03 | AH12: =V12/1.1*10%-((AI12*P12)+AG12+(AN12*P12)+(AL12*P12))*10% -> 2292.7051 | AI12: =SUMIF(헤몬팜마진!$B$7:$B$32,$C12,헤몬팜마진!$V$7:$V$32) -> 6771.4352 | AJ12: =V12-(Y12+AG12+AH12+(AN12*P12)) -> 27877.524 | AK12: =AJ12-Z12-AB12 -> 24385.024 | AL12: =SUMIF(헤몬팜마진!$B$7:$B$32,$C12,헤몬팜마진!$T$7:$T$32) -> 65.34 | AM12: =SUMIF(헤몬팜마진!$B$7:$B$32,$C12,헤몬팜마진!$U$7:$U$32) -> 333.476 | AO12: =7050+1033 -> 8083 | AP12: 19
C13: 컷소 배터리 1개 | D13: =AK13/V13 -> #REF! | E13: =AJ13/V13 -> #REF! | F13: =(Z13+AB13)/V13 -> #DIV/0! | G13: =R13/AP13 -> 0.021978022 | H13: 0 | I13: =N13*7 -> 70 | J13: =N13*14 -> 140 | L13: 554 | M13: 0 | N13: 10 | O13: 0 | P13: =O13-S13 -> 0 | Q13: 1 | R13: 2 | T13: =W13*O13 -> 0 | U13: =W13*S13 -> 0 | V13: =T13-U13 -> 0 | W13: 54900 | X13: =SUMIF(헤몬팜마진!$B$7:$B$32,$C13,헤몬팜마진!$R$7:$R$32) -> 12169.932 | Y13: =AI13*P13 -> #REF! | Z13: =AA13*1.1 -> 43714 | AA13: 39740 | AC13: =(1210+1100)*Q13 -> 2310 | AD13: 0.078 | AE13: =4825*(P13) -> 0 | AF13: =AD13+(AE13/V13) -> #DIV/0! | AG13: =IFERROR(V13*AF13+3%,0) -> 0 | AH13: =V13/1.1*10%-((AI13*P13)+AG13+(AN13*P13)+(AL13*P13))*10% -> #REF! | AI13: =SUMIF(헤몬팜마진!$B$7:$B$32,$C13,헤몬팜마진!$V$7:$V$32) -> #REF! | AJ13: =V13-(Y13+AG13+AH13+(AN13*P13)) -> #REF! | AK13: =AJ13-Z13-AB13 -> #REF! | AL13: =SUMIF(헤몬팜마진!$B$7:$B$32,$C13,헤몬팜마진!$T$7:$T$32) -> 181.44 | AM13: =SUMIF(헤몬팜마진!$B$7:$B$32,$C13,헤몬팜마진!$U$7:$U$32) -> 926.016 | AO13: 31153 | AP13: 91
C14: 컷소 배터리 2개 | D14: =AK14/V14 -> #REF! | E14: =AJ14/V14 -> #REF! | F14: =(Z14+AB14)/V14 -> 0.27376535 | G14: =R14/AP14 -> 0.012048193 | H14: 0 | I14: =N14*7 -> 70 | J14: =N14*14 -> 140 | M14: 1 | N14: 10 | O14: 3 | P14: =O14-S14 -> 3 | Q14: 1 | R14: 1 | T14: =W14*O14 -> 194670 | U14: =W14*S14 -> 0 | V14: =T14-U14 -> 194670 | W14: 64890 | X14: =SUMIF(헤몬팜마진!$B$7:$B$32,$C14,헤몬팜마진!$R$7:$R$32) -> 12169.932 | Y14: =AI14*P14 -> #REF! | Z14: =AA14*1.1 -> 53293.9 | AA14: 48449 | AC14: =(1210+1100)*Q14 -> 2310 | AD14: 0.078 | AE14: =4825*(P14) -> 14475 | AF14: =AD14+(AE14/V14) -> 0.1523566 | AG14: =IFERROR(V14*AF14+3%,0) -> 29659.29 | AH14: =V14/1.1*10%-((AI14*P14)+AG14+(AN14*P14)+(AL14*P14))*10% -> #REF! | AI14: =SUMIF(헤몬팜마진!$B$7:$B$32,$C14,헤몬팜마진!$V$7:$V$32) -> #REF! | AJ14: =V14-(Y14+AG14+AH14+(AN14*P14)) -> #REF! | AK14: =AJ14-Z14-AB14 -> #REF! | AL14: =SUMIF(헤몬팜마진!$B$7:$B$32,$C14,헤몬팜마진!$T$7:$T$32) -> 181.44 | AM14: =SUMIF(헤몬팜마진!$B$7:$B$32,$C14,헤몬팜마진!$U$7:$U$32) -> 926.016 | AO14: 24246 | AP14: 83
C15: 믹서기 | D15: =AK15/V15 -> 0.28108428 | E15: =AJ15/V15 -> 0.49826615 | F15: =(Z15+AB15)/V15 -> 0.21718187 | G15: =R15/AP15 -> 0.013377926 | H15: 2000 | I15: =N15*7 -> 700 | J15: =N15*14 -> 1400 | L15: 2416 | M15: 0 | N15: 100 | O15: 8 | P15: =O15-S15 -> 8 | Q15: 5 | R15: 4 | T15: =W15*O15 -> 142080 | U15: =W15*S15 -> 0 | V15: =T15-U15 -> 142080 | W15: 17760 | X15: =SUMIF(헤몬팜마진!$B$7:$B$32,$C15,헤몬팜마진!$R$7:$R$32) -> 3982.887 | Y15: =AI15*P15 -> 38697.682 | Z15: =AA15*1.1 -> 30857.2 | AA15: 28052 | AC15: =(1210+1100)*Q15 -> 11550 | AD15: 0.078 | AE15: =1900*(P15) -> 15200 | AF15: =AD15+(AE15/V15) -> 0.18498198 | AG15: =IFERROR(V15*AF15+3%,0) -> 26282.27 | AH15: =V15/1.1*10%-((AI15*P15)+AG15+(AN15*P15)+(AL15*P15))*10% -> 6306.3941 | AI15: =SUMIF(헤몬팜마진!$B$7:$B$32,$C15,헤몬팜마진!$V$7:$V$32) -> 4837.2102 | AJ15: =V15-(Y15+AG15+AH15+(AN15*P15)) -> 70793.654 | AK15: =AJ15-Z15-AB15 -> 39936.454 | AL15: =SUMIF(헤몬팜마진!$B$7:$B$32,$C15,헤몬팜마진!$T$7:$T$32) -> 139.968 | AM15: =SUMIF(헤몬팜마진!$B$7:$B$32,$C15,헤몬팜마진!$U$7:$U$32) -> 714.3552 | AO15: 59597 | AP15: 299
B16: 오픈이어 (신제품) | C16: 골전도이어폰 | D16: =AK16/V16 -> -0.64984123 | E16: =AJ16/V16 -> 0.40281953 | F16: =(Z16+AB16)/V16 -> 1.0526608 | G16: =R16/AP16 -> 0.02970297 | H16: 700 | I16: =N16*7 -> 210 | J16: =N16*14 -> 420 | L16: 954 | M16: 2 | N16: 30 | O16: 20 | P16: =O16-S16 -> 10 | Q16: 3 | R16: 6 | S16: 10 | T16: =W16*O16 -> 418000 | U16: =W16*S16 -> 209000 | V16: =T16-U16 -> 209000 | W16: 20900 | X16: =SUMIF(헤몬팜마진!$B$7:$B$32,$C16,헤몬팜마진!$R$7:$R$32) -> 6638.145 | Y16: =AI16*P16 -> 66856.074 | Z16: =AA16*1.1 -> 94194.1 | AA16: 85631 | AB16: =((22790*0.1)+(22790*0.18)+2100+2200+1900)*10 -> 125812 | AC16: =(1210+1100)*Q16 -> 6930 | AD16: 0.08 | AE16: =3400*(P16) -> 34000 | AF16: =AD16+(AE16/V16) -> 0.24267943 | AG16: =IFERROR(V16*AF16+3%,0) -> 50720.03 | AH16: =V16/1.1*10%-((AI16*P16)+AG16+(AN16*P16)+(AL16*P16))*10% -> 7234.6136 | AI16: =SUMIF(헤몬팜마진!$B$7:$B$32,$C16,헤몬팜마진!$V$7:$V$32) -> 6685.6074 | AJ16: =V16-(Y16+AG16+AH16+(AN16*P16)) -> 84189.282 | AK16: =AJ16-Z16-AB16 -> -135816.82 | AL16: =SUMIF(헤몬팜마진!$B$7:$B$32,$C16,헤몬팜마진!$T$7:$T$32) -> 7.776 | AM16: =SUMIF(헤몬팜마진!$B$7:$B$32,$C16,헤몬팜마진!$U$7:$U$32) -> 39.6864 | AO16: 199341 | AP16: 202
C17: 공기압 주입기 | D17: =AK17/V17 -> 0.19359098 | E17: =AJ17/V17 -> 0.44041886 | F17: =(Z17+AB17)/V17 -> 0.24682788 | G17: =R17/AP17 -> 0.032679739 | H17: 0 | I17: =N17*7 -> 350 | J17: =N17*14 -> 700 | L17: 87 | M17: 0 | N17: 50 | O17: 7 | P17: =O17-S17 -> 7 | Q17: 1 | R17: 5 | T17: =W17*O17 -> 174300 | U17: =W17*S17 -> 0 | V17: =T17-U17 -> 174300 | W17: 24900 | X17: =SUMIF(헤몬팜마진!$B$7:$B$32,$C17,헤몬팜마진!$R$7:$R$32) -> 8408.317 | Y17: =AI17*P17 -> 60057.963 | Z17: =AA17*1.1 -> 43022.1 | AA17: 39111 | AC17: =(1210+1100)*Q17 -> 2310 | AD17: 0.1 | AE17: =1900*(P17) -> 13300 | AF17: =AD17+(AE17/V17) -> 0.17630522 | AG17: =IFERROR(V17*AF17+3%,0) -> 30730.03 | AH17: =V17/1.1*10%-((AI17*P17)+AG17+(AN17*P17)+(AL17*P17))*10% -> 6746.9992 | AI17: =SUMIF(헤몬팜마진!$B$7:$B$32,$C17,헤몬팜마진!$V$7:$V$32) -> 8579.709 | AJ17: =V17-(Y17+AG17+AH17+(AN17*P17)) -> 76765.008 | AK17: =AJ17-Z17-AB17 -> 33742.908 | AL17: =SUMIF(헤몬팜마진!$B$7:$B$32,$C17,헤몬팜마진!$T$7:$T$32) -> 28.08 | AM17: =SUMIF(헤몬팜마진!$B$7:$B$32,$C17,헤몬팜마진!$U$7:$U$32) -> 143.312 | AO17: 85948 | AP17: 153
B18: 멀티클리퍼 (신제품) | C18: 강아지바리깡 | D18: =AK18/V18 -> 0.21124488 | E18: =AJ18/V18 -> 0.43596485 | F18: =(Z18+AB18)/V18 -> 0.22471997 | G18: =R18/AP18 -> 0.061538462 | H18: 2000 | I18: =N18*7 -> 280 | J18: =N18*14 -> 560 | L18: 47 | M18: 1 | N18: 40 | O18: 15 | P18: =O18-S18 -> 15 | Q18: 3 | R18: 4 | T18: =W18*O18 -> 373350 | U18: =W18*S18 -> 0 | V18: =T18-U18 -> 373350 | W18: 24890 | X18: =SUMIF(헤몬팜마진!$B$7:$B$32,$C18,헤몬팜마진!$R$7:$R$32) -> 6859.4165 | Y18: =AI18*P18 -> 108804.27 | Z18: =AA18*1.1 -> 83899.2 | AA18: 76272 | AC18: =(1210+1100)*Q18 -> 6930 | AD18: 0.108 | AE18: =3150*(P18) -> 47250 | AF18: =AD18+(AE18/V18) -> 0.23455685 | AG18: =IFERROR(V18*AF18+3%,0) -> 87571.83 | AH18: =V18/1.1*10%-((AI18*P18)+AG18+(AN18*P18)+(AL18*P18))*10% -> 14206.423 | AI18: =SUMIF(헤몬팜마진!$B$7:$B$32,$C18,헤몬팜마진!$V$7:$V$32) -> 7253.6181 | AJ18: =V18-(Y18+AG18+AH18+(AN18*P18)) -> 162767.48 | AK18: =AJ18-Z18-AB18 -> 78868.276 | AL18: =SUMIF(헤몬팜마진!$B$7:$B$32,$C18,헤몬팜마진!$T$7:$T$32) -> 64.584 | AM18: =SUMIF(헤몬팜마진!$B$7:$B$32,$C18,헤몬팜마진!$U$7:$U$32) -> 329.6176 | AO18: 10809 | AP18: 65
B19: 신제품 | C19: 강아지바리깡 2개 | D19: =AK19/V19 -> 1.1687311 | E19: =AJ19/V19 -> 0.4135393 | F19: =(Z19+AB19)/V19 -> -0.75519178 | G19: =R19/AP19 -> 0 | H19: 0 | I19: =N19*7 -> 105 | J19: =N19*14 -> 210 | M19: 0 | N19: 15 | O19: -1 | P19: =O19-S19 -> -1 | Q19: 1 | R19: 0 | T19: =W19*O19 -> -39890 | U19: =W19*S19 -> 0 | V19: =T19-U19 -> -39890 | W19: 39890 | X19: =SUMIF(헤몬팜마진!$B$7:$B$32,$C19,헤몬팜마진!$R$7:$R$32) -> 13718.833 | Y19: =AI19*P19 -> -14113.035 | Z19: =AA19*1.1 -> 30124.6 | AA19: 27386 | AC19: =(1210+1100)*Q19 -> 2310 | AD19: 0.108 | AE19: =3550*(P19) -> -3550 | AF19: =AD19+(AE19/V19) -> 0.19699474 | AG19: =IFERROR(V19*AF19+3%,0) -> -7858.09 | AH19: =V19/1.1*10%-((AI19*P19)+AG19+(AN19*P19)+(AL19*P19))*10% -> -1422.7928 | AI19: =SUMIF(헤몬팜마진!$B$7:$B$32,$C19,헤몬팜마진!$V$7:$V$32) -> 14113.035 | AJ19: =V19-(Y19+AG19+AH19+(AN19*P19)) -> -16496.083 | AK19: =AJ19-Z19-AB19 -> -46620.683 | AL19: =SUMIF(헤몬팜마진!$B$7:$B$32,$C19,헤몬팜마진!$T$7:$T$32) -> 64.584 | AM19: =SUMIF(헤몬팜마진!$B$7:$B$32,$C19,헤몬팜마진!$U$7:$U$32) -> 329.6176 | AO19: 13406 | AP19: 59
D20: =AK20/V20 -> #REF! | E20: =AJ20/V20 -> #REF! | F20: =(Z20+AB20)/V20 -> 0.29073993 | O20: =SUM(O3:O19) -> 244 | P20: =SUM(P3:P19) -> 229 | Q20: =SUM(Q3:Q19) -> 30 | R20: =SUM(R3:R19) -> 159 | S20: =SUM(S3:S19) -> 15 | T20: =SUM(T3:T19) -> 7104630 | U20: =SUM(U3:U19) -> 298500 | V20: =SUM(V3:V19) -> 6806130 | X20: =SUM(X3:X19) -> 153584.55 | Y20: =SUM(Y3:Y19) -> #REF! | Z20: =SUM(Z3:Z19) -> 1803664.5 | AA20: =SUM(AA3:AA19) -> 1639695 | AB20: =SUM(AB3:AB19) -> 175149.25 | AC20: =SUM(AC3:AC19) -> 67644 | AD20: 0.09 | AE20: =SUM(AE3:AE19) -> 724625 | AF20: =AD20+(AE20/V20) -> 0.19646652 | AG20: =SUM(AG3:AG19) -> 1386759.6 | AH20: =SUM(AH3:AH19) -> #REF! | AI20: =SUM(AI3:AI19) -> #REF! | AJ20: =V20-(Y20+AG20+AH20+(AN20*P20)) -> #REF! | AK20: =AJ20-Z20-AB20 -> #REF! | AO20: =SUM(AO3:AO4) -> 552062 | AP20: =SUM(AP3:AP4) -> 1489
C22: 45930 | D22: 이윤율 | E22: 마진율 | F22: 광고비율 | G22: 전환율 | H22: 발주남은수량 | I22: 창고안전 | J22: 쿠팡안전 | K22: 가용재고 | L22: 창고재고 | M22: 쿠팡재고 | N22: 목표판매량 | O22: 판매수 | P22: 순판매개수 | Q22: 취소개수 | R22: 광고전환 | S22: 가구매 | T22: 매출 | U22: 가구매금액 | V22: 순매출 | W22: 판매가 | X22: 입고가 | Y22: 입고판매가 | Z22: 광고비1.1 | AA22: 광고비 | AB22: 가구매비용 | AC22: 반품회수비 | AD22: 수수료 | AE22: 택배비 | AF22: 판매수수료 | AG22: 수수료 | AH22: 부가세 | AI22: 도매가 | AJ22: 판매마진 | AK22: 순이익 | AL22: 1개당 한국 운임 물류비(KRW) | AM22: 1개당 물류비 (KRW) | AN22: 부자재값 | AO22: 노출수 | AP22: 클릭수
A23: ACC-SHA-BRD-001-BK | C23: 쉐이버 | D23: =AK23/V23 -> 0.17884206 | E23: =AJ23/V23 -> 0.4227075 | F23: =(Z23+AB23)/V23 -> 0.24386544 | G23: =R23/AP23 -> 0.077770131 | H23: 7410 | I23: =N23*7 -> 1400 | J23: =N23*14 -> 2800 | L23: 76 | M23: =1906+1320 -> 3226 | N23: 200 | O23: 140 | P23: =O23-S23 -> 140 | Q23: 15 | R23: 113 | T23: =W23*O23 -> 3906000 | U23: =W23*S23 -> 0 | V23: =T23-U23 -> 3906000 | W23: 27900 | X23: =SUMIF(헤몬팜마진!$B$7:$B$32,$C23,헤몬팜마진!$R$7:$R$32) -> 8850.86 | Y23: =AI23*P23 -> 1294308.6 | Z23: =AA23*1.1 -> 952538.4 | AA23: 865944 | AC23: =(1072+1100)*Q23 -> 32580 | AD23: 0.1 | AE23: =3050*(P23) -> 427000 | AF23: =AD23+(AE23/V23) -> 0.209319 | AG23: =IFERROR(V23*AF23+3%,0) -> 817600.03 | AH23: =V23/1.1*10%-((AI23*P23)+AG23+(AN23*P23)+(AL23*P23))*10% -> 142995.87 | AI23: =SUMIF(헤몬팜마진!$B$7:$B$32,$C23,헤몬팜마진!$V$7:$V$32) -> 9245.0616 | AJ23: =V23-(Y23+AG23+AH23+(AN23*P23)) -> 1651095.5 | AK23: =AJ23-Z23-AB23 -> 698557.08 | AL23: =SUMIF(헤몬팜마진!$B$7:$B$32,$C23,헤몬팜마진!$T$7:$T$32) -> 64.584 | AM23: =SUMIF(헤몬팜마진!$B$7:$B$32,$C23,헤몬팜마진!$U$7:$U$32) -> 329.6176 | AO23: 597568 | AP23: 1453
A24: ACC-SHA-BRD-004-BK | C24: 일자면도기 | D24: =AK24/V24 -> 0.17880183 | E24: =AJ24/V24 -> 0.40985028 | F24: =(Z24+AB24)/V24 -> 0.23104846 | G24: =R24/AP24 -> 0 | H24: 1460 | I24: =N24*7 -> 140 | J24: =N24*14 -> 280 | L24: 325 | M24: 0 | N24: 20 | O24: 1 | P24: =O24-S24 -> 1 | T24: =W24*O24 -> 22700 | U24: =W24*S24 -> 0 | V24: =T24-U24 -> 22700 | W24: 22700 | X24: =SUMIF(헤몬팜마진!$B$7:$B$32,$C24,헤몬팜마진!$R$7:$R$32) -> 7080.688 | Y24: =AI24*P24 -> 7377.328 | Z24: =AA24*1.1 -> 5244.8 | AA24: 4768 | AC24: =(1072+1100)*Q24 -> 0 | AD24: 0.1 | AE24: =2950*(P24) -> 2950 | AF24: =AD24+(AE24/V24) -> 0.22995595 | AG24: =IFERROR(V24*AF24+3%,0) -> 5220.03 | AH24: =V24/1.1*10%-((AI24*P24)+AG24+(AN24*P24)+(AL24*P24))*10% -> 799.04056 | AI24: =SUMIF(헤몬팜마진!$B$7:$B$32,$C24,헤몬팜마진!$V$7:$V$32) -> 7377.328 | AJ24: =V24-(Y24+AG24+AH24+(AN24*P24)) -> 9303.6014 | AK24: =AJ24-Z24-AB24 -> 4058.8014 | AL24: =SUMIF(헤몬팜마진!$B$7:$B$32,$C24,헤몬팜마진!$T$7:$T$32) -> 48.6 | AM24: =SUMIF(헤몬팜마진!$B$7:$B$32,$C24,헤몬팜마진!$U$7:$U$32) -> 248.04 | AO24: 21999 | AP24: 14
A25: ACC-TOL-DRI-012-BL | C25: 프라임 1개 | D25: =AK25/V25 -> #REF! | E25: =AJ25/V25 -> #REF! | F25: =(Z25+AB25)/V25 -> 0.13356114 | G25: =R25/AP25 -> 0.058823529 | H25: 0 | I25: =N25*7 -> 105 | J25: =N25*14 -> 210 | L25: 430 | M25: =40+3+3 -> 46 | N25: 15 | O25: 1 | P25: =O25-S25 -> 1 | R25: 1 | T25: =W25*O25 -> 45800 | U25: =W25*S25 -> 0 | V25: =T25-U25 -> 45800 | W25: 45800 | X25: =SUMIF(헤몬팜마진!$B$7:$B$32,$C25,헤몬팜마진!$R$7:$R$32) -> 9990.4082 | Y25: =AI25*P25 -> #REF! | Z25: =AA25*1.1 -> 6117.1 | AA25: 5561 | AC25: =(1210+1100)*Q25 -> 0 | AD25: 0.11 | AE25: =4150*(P25) -> 4150 | AF25: =AD25+(AE25/V25) -> 0.20061135 | AG25: =IFERROR(V25*AF25+3%,0) -> 9188.03 | AH25: =V25/1.1*10%-((AI25*P25)+AG25+(AN25*P25)+(AL25*P25))*10% -> #REF! | AI25: =SUMIF(헤몬팜마진!$B$7:$B$32,$C25,헤몬팜마진!$V$7:$V$32) -> #REF! | AJ25: =V25-(Y25+AG25+AH25+(AN25*P25)) -> #REF! | AK25: =AJ25-Z25-AB25 -> #REF! | AL25: =SUMIF(헤몬팜마진!$B$7:$B$32,$C25,헤몬팜마진!$T$7:$T$32) -> 162 | AM25: =SUMIF(헤몬팜마진!$B$7:$B$32,$C25,헤몬팜마진!$U$7:$U$32) -> 826.8 | AO25: 10677 | AP25: 17
C26: 프라임 2개 | D26: =AK26/V26 -> #REF! | E26: =AJ26/V26 -> #REF! | F26: =(Z26+AB26)/V26 -> 0.78194017 | G26: =R26/AP26 -> 0.028037383 | H26: 0 | I26: =N26*7 -> 105 | J26: =N26*14 -> 210 | M26: =13+2 -> 15 | N26: 15 | O26: 2 | P26: =O26-S26 -> 2 | Q26: 2 | R26: 3 | T26: =W26*O26 -> 93600 | U26: =W26*S26 -> 0 | V26: =T26-U26 -> 93600 | W26: 46800 | X26: =SUMIF(헤몬팜마진!$B$7:$B$32,$C26,헤몬팜마진!$R$7:$R$32) -> 9990.4082 | Y26: =AI26*P26 -> #REF! | Z26: =AA26*1.1 -> 73189.6 | AA26: 66536 | AC26: =(1210+1100)*Q26 -> 4620 | AD26: 0.11 | AE26: =4150*(P26) -> 8300 | AF26: =AD26+(AE26/V26) -> 0.19867521 | AG26: =IFERROR(V26*AF26+3%,0) -> 18596.03 | AH26: =V26/1.1*10%-((AI26*P26)+AG26+(AN26*P26)+(AL26*P26))*10% -> #REF! | AI26: =SUMIF(헤몬팜마진!$B$7:$B$32,$C26,헤몬팜마진!$V$7:$V$32) -> #REF! | AJ26: =V26-(Y26+AG26+AH26+(AN26*P26)) -> #REF! | AK26: =AJ26-Z26-AB26 -> #REF! | AL26: =SUMIF(헤몬팜마진!$B$7:$B$32,$C26,헤몬팜마진!$T$7:$T$32) -> 162 | AM26: =SUMIF(헤몬팜마진!$B$7:$B$32,$C26,헤몬팜마진!$U$7:$U$32) -> 826.8 | AO26: 77094 | AP26: 107
A27: ACC-TOL-MOW-001-BL | C27: 다밴다 1개 | D27: =AK27/V27 -> #REF! | E27: =AJ27/V27 -> #REF! | F27: =(Z27+AB27)/V27 -> 0.097096154 | G27: =R27/AP27 -> 0.058823529 | H27: 3504 | I27: =N27*7 -> 210 | J27: =N27*14 -> 420 | L27: 626 | M27: =30+13+6 -> 49 | N27: 30 | O27: 2 | P27: =O27-S27 -> 2 | R27: 1 | T27: =W27*O27 -> 119600 | U27: =W27*S27 -> 0 | V27: =T27-U27 -> 119600 | W27: 59800 | X27: =SUMIF(헤몬팜마진!$B$7:$B$32,$C27,헤몬팜마진!$R$7:$R$32) -> 13276.29 | Y27: =AI27*P27 -> #REF! | Z27: =AA27*1.1 -> 11612.7 | AA27: 10557 | AC27: =(1210+1100)*Q27 -> 0 | AD27: 0.108 | AE27: =4825*(P27) -> 9650 | AF27: =AD27+(AE27/V27) -> 0.18868562 | AG27: =IFERROR(V27*AF27+3%,0) -> 22566.83 | AH27: =V27/1.1*10%-((AI27*P27)+AG27+(AN27*P27)+(AL27*P27))*10% -> #REF! | AI27: =SUMIF(헤몬팜마진!$B$7:$B$32,$C27,헤몬팜마진!$V$7:$V$32) -> #REF! | AJ27: =V27-(Y27+AG27+AH27+(AN27*P27)) -> #REF! | AK27: =AJ27-Z27-AB27 -> #REF! | AL27: =SUMIF(헤몬팜마진!$B$7:$B$32,$C27,헤몬팜마진!$T$7:$T$32) -> 371.52 | AM27: =SUMIF(헤몬팜마진!$B$7:$B$32,$C27,헤몬팜마진!$U$7:$U$32) -> 1896.128 | AO27: 11885 | AP27: 17
A28: ACC-TOL-MOW-001-BL | C28: 다벤다 2개 | D28: =AK28/V28 -> #REF! | E28: =AJ28/V28 -> #REF! | F28: =(Z28+AB28)/V28 -> 0.1122227 | G28: =R28/AP28 -> 0.04494382 | H28: 0 | I28: =N28*7 -> 210 | J28: =N28*14 -> 420 | M28: =4+11+18+38+129 -> 200 | N28: 30 | O28: 6 | P28: =O28-S28 -> 6 | R28: 4 | T28: =W28*O28 -> 418680 | U28: =W28*S28 -> 0 | V28: =T28-U28 -> 418680 | W28: 69780 | X28: =SUMIF(헤몬팜마진!$B$7:$B$32,$C28,헤몬팜마진!$R$7:$R$32) -> 13276.29 | Y28: =AI28*P28 -> #REF! | Z28: =AA28*1.1 -> 46985.4 | AA28: 42714 | AC28: =(1210+1100)*Q28 -> 0 | AD28: 0.108 | AE28: =4825*(P28) -> 28950 | AF28: =AD28+(AE28/V28) -> 0.17714589 | AG28: =IFERROR(V28*AF28+3%,0) -> 74167.47 | AH28: =V28/1.1*10%-((AI28*P28)+AG28+(AN28*P28)+(AL28*P28))*10% -> #REF! | AI28: =SUMIF(헤몬팜마진!$B$7:$B$32,$C28,헤몬팜마진!$V$7:$V$32) -> #REF! | AJ28: =V28-(Y28+AG28+AH28+(AN28*P28)) -> #REF! | AK28: =AJ28-Z28-AB28 -> #REF! | AL28: =SUMIF(헤몬팜마진!$B$7:$B$32,$C28,헤몬팜마진!$T$7:$T$32) -> 371.52 | AM28: =SUMIF(헤몬팜마진!$B$7:$B$32,$C28,헤몬팜마진!$U$7:$U$32) -> 1896.128 | AO28: 45365 | AP28: 89
A29: ACC-CHA-CAR-002-BK | C29: 시거잭 | D29: =AK29/V29 -> -1.3664629 | E29: =AJ29/V29 -> 0.39080832 | F29: =(Z29+AB29)/V29 -> 1.7572712 | G29: =R29/AP29 -> 0.026490066 | H29: 500 | I29: =N29*7 -> 105 | J29: =N29*14 -> 210 | L29: 577 | M29: 211 | N29: 15 | O29: 9 | P29: =O29-S29 -> 4 | Q29: 1 | R29: 4 | S29: 5 | T29: =W29*O29 -> 145080 | U29: =W29*S29 -> 80600 | V29: =T29-U29 -> 64480 | W29: 16120 | X29: =SUMIF(헤몬팜마진!$B$7:$B$32,$C29,헤몬팜마진!$R$7:$R$32) -> 5089.2445 | Y29: =AI29*P29 -> 20505.298 | Z29: =AA29*1.1 -> 63971.6 | AA29: 58156 | AB29: =((17890*0.015)+(17890*0.19)+2100+2200+1900)*5 -> 49337.25 | AC29: =(1210+1100)*Q29 -> 2310 | AD29: 0.078 | AE29: =2900*(P29) -> 11600 | AF29: =AD29+(AE29/V29) -> 0.25790074 | AG29: =IFERROR(V29*AF29+3%,0) -> 16629.47 | AH29: =V29/1.1*10%-((AI29*P29)+AG29+(AN29*P29)+(AL29*P29))*10% -> 2145.9114 | AI29: =SUMIF(헤몬팜마진!$B$7:$B$32,$C29,헤몬팜마진!$V$7:$V$32) -> 5126.3245 | AJ29: =V29-(Y29+AG29+AH29+(AN29*P29)) -> 25199.321 | AK29: =AJ29-Z29-AB29 -> -88109.529 | AL29: =SUMIF(헤몬팜마진!$B$7:$B$32,$C29,헤몬팜마진!$T$7:$T$32) -> 6.075 | AM29: =SUMIF(헤몬팜마진!$B$7:$B$32,$C29,헤몬팜마진!$U$7:$U$32) -> 31.005 | AO29: 48527 | AP29: 151
A30: ACC-TOL-WAS-002-BK | C30: 뉴 고압세척기 배터리 1개 | D30: =AK30/V30 -> #REF! | E30: =AJ30/V30 -> #REF! | F30: =(Z30+AB30)/V30 -> 0.25926005 | G30: =R30/AP30 -> 0 | H30: 0 | I30: =N30*7 -> 140 | J30: =N30*14 -> 280 | L30: 343 | M30: =97+42+48+31+19+10 -> 247 | N30: 20 | O30: 2 | P30: =O30-S30 -> 2 | Q30: 1 | T30: =W30*O30 -> 79600 | U30: =W30*S30 -> 0 | V30: =T30-U30 -> 79600 | W30: 39800 | X30: =SUMIF(헤몬팜마진!$B$7:$B$32,$C30,헤몬팜마진!$R$7:$R$32) -> 7855.1382 | Y30: =AI30*P30 -> #REF! | Z30: =AA30*1.1 -> 20637.1 | AA30: 18761 | AC30: =(1210+1100)*Q30 -> 2310 | AD30: 0.08 | AE30: =4150*(P30) -> 8300 | AF30: =AD30+(AE30/V30) -> 0.18427136 | AG30: =IFERROR(V30*AF30+3%,0) -> 14668.03 | AH30: =V30/1.1*10%-((AI30*P30)+AG30+(AN30*P30)+(AL30*P30))*10% -> #REF! | AI30: =SUMIF(헤몬팜마진!$B$7:$B$32,$C30,헤몬팜마진!$V$7:$V$32) -> #REF! | AJ30: =V30-(Y30+AG30+AH30+(AN30*P30)) -> #REF! | AK30: =AJ30-Z30-AB30 -> #REF! | AL30: =SUMIF(헤몬팜마진!$B$7:$B$32,$C30,헤몬팜마진!$T$7:$T$32) -> 176.418 | AM30: =SUMIF(헤몬팜마진!$B$7:$B$32,$C30,헤몬팜마진!$U$7:$U$32) -> 900.3852 | AO30: 40341 | AP30: 68
C31: 뉴 고압세척기 | D31: =AK31/V31 -> #REF! | E31: =AJ31/V31 -> #REF! | F31: =(Z31+AB31)/V31 -> #DIV/0! | G31: =R31/AP31 -> 0 | I31: =N31*7 -> 105 | J31: =N31*14 -> 210 | M31: =74+42+48+18+8+2 -> 192 | N31: 15 | P31: =O31-S31 -> 0 | T31: =W31*O31 -> 0 | U31: =W31*S31 -> 0 | V31: =T31-U31 -> 0 | W31: 42900 | X31: =SUMIF(헤몬팜마진!$B$7:$B$32,$C31,헤몬팜마진!$R$7:$R$32) -> 7855.1382 | Y31: =AI31*P31 -> #REF! | Z31: =AA31*1.1 -> 5040.2 | AA31: 4582 | AC31: =(1210+1100)*Q31 -> 0 | AD31: 0.078 | AE31: =1900*(P31) -> 0 | AF31: =AD31+(AE31/V31) -> #DIV/0! | AG31: =IFERROR(V31*AF31+3%,0) -> 0 | AH31: =V31/1.1*10%-((AI31*P31)+AG31+(AN31*P31)+(AL31*P31))*10% -> #REF! | AI31: =SUMIF(헤몬팜마진!$B$7:$B$32,$C31,헤몬팜마진!$V$7:$V$32) -> #REF! | AJ31: =V31-(Y31+AG31+AH31+(AN31*P31)) -> #REF! | AK31: =AJ31-Z31-AB31 -> #REF! | AL31: =SUMIF(헤몬팜마진!$B$7:$B$32,$C31,헤몬팜마진!$T$7:$T$32) -> 176.418 | AM31: =SUMIF(헤몬팜마진!$B$7:$B$32,$C31,헤몬팜마진!$U$7:$U$32) -> 900.3852 | AO31: 8820 | AP31: 27
A32: ACC-MOS-RAC-004 | C32: 모기지옥 | D32: =AK32/V32 -> 0.32215414 | E32: =AJ32/V32 -> 0.36298877 | F32: =(Z32+AB32)/V32 -> 0.040834635 | G32: =R32/AP32 -> 0.041666667 | H32: 1750 | I32: =N32*7 -> 350 | J32: =N32*14 -> 700 | L32: 1449 | M32: 1217 | N32: 50 | O32: 8 | P32: =O32-S32 -> 8 | R32: 1 | T32: =W32*O32 -> 153600 | U32: =W32*S32 -> 0 | V32: =T32-U32 -> 153600 | W32: 19200 | X32: =SUMIF(헤몬팜마진!$B$7:$B$32,$C32,헤몬팜마진!$R$7:$R$32) -> 6372.6192 | Y32: =AI32*P32 -> 54171.482 | Z32: =AA32*1.1 -> 6272.2 | AA32: 5702 | AC32: =(1210+1100)*Q32 -> 0 | AD32: 0.08 | AE32: =3350*(P32) -> 26800 | AF32: =AD32+(AE32/V32) -> 0.25447917 | AG32: =IFERROR(V32*AF32+3%,0) -> 39088.03 | AH32: =V32/1.1*10%-((AI32*P32)+AG32+(AN32*P32)+(AL32*P32))*10% -> 4585.4132 | AI32: =SUMIF(헤몬팜마진!$B$7:$B$32,$C32,헤몬팜마진!$V$7:$V$32) -> 6771.4352 | AJ32: =V32-(Y32+AG32+AH32+(AN32*P32)) -> 55755.075 | AK32: =AJ32-Z32-AB32 -> 49482.875 | AL32: =SUMIF(헤몬팜마진!$B$7:$B$32,$C32,헤몬팜마진!$T$7:$T$32) -> 65.34 | AM32: =SUMIF(헤몬팜마진!$B$7:$B$32,$C32,헤몬팜마진!$U$7:$U$32) -> 333.476 | AO32: 7675 | AP32: 24
A33: ACC-TOL-SAW-008-BL | C33: 컷소 배터리 1개 | D33: =AK33/V33 -> #REF! | E33: =AJ33/V33 -> #REF! | F33: =(Z33+AB33)/V33 -> #DIV/0! | G33: =R33/AP33 -> 0 | H33: 0 | I33: =N33*7 -> 70 | J33: =N33*14 -> 140 | L33: 494 | M33: 0 | N33: 10 | P33: =O33-S33 -> 0 | T33: =W33*O33 -> 0 | U33: =W33*S33 -> 0 | V33: =T33-U33 -> 0 | W33: 54800 | X33: =SUMIF(헤몬팜마진!$B$7:$B$32,$C33,헤몬팜마진!$R$7:$R$32) -> 12169.932 | Y33: =AI33*P33 -> #REF! | Z33: =AA33*1.1 -> 26277.9 | AA33: 23889 | AC33: =(1210+1100)*Q33 -> 0 | AD33: 0.078 | AE33: =4825*(P33) -> 0 | AF33: =AD33+(AE33/V33) -> #DIV/0! | AG33: =IFERROR(V33*AF33+3%,0) -> 0 | AH33: =V33/1.1*10%-((AI33*P33)+AG33+(AN33*P33)+(AL33*P33))*10% -> #REF! | AI33: =SUMIF(헤몬팜마진!$B$7:$B$32,$C33,헤몬팜마진!$V$7:$V$32) -> #REF! | AJ33: =V33-(Y33+AG33+AH33+(AN33*P33)) -> #REF! | AK33: =AJ33-Z33-AB33 -> #REF! | AL33: =SUMIF(헤몬팜마진!$B$7:$B$32,$C33,헤몬팜마진!$T$7:$T$32) -> 181.44 | AM33: =SUMIF(헤몬팜마진!$B$7:$B$32,$C33,헤몬팜마진!$U$7:$U$32) -> 926.016 | AO33: 12032 | AP33: 39
C34: 컷소 배터리 2개 | D34: =AK34/V34 -> #REF! | E34: =AJ34/V34 -> #REF! | F34: =(Z34+AB34)/V34 -> 0.15928014 | G34: =R34/AP34 -> 0.040816327 | H34: 0 | I34: =N34*7 -> 70 | J34: =N34*14 -> 140 | M34: 1 | N34: 10 | O34: 3 | P34: =O34-S34 -> 3 | Q34: 1 | R34: 2 | T34: =W34*O34 -> 184620 | U34: =W34*S34 -> 0 | V34: =T34-U34 -> 184620 | W34: 61540 | X34: =SUMIF(헤몬팜마진!$B$7:$B$32,$C34,헤몬팜마진!$R$7:$R$32) -> 12169.932 | Y34: =AI34*P34 -> #REF! | Z34: =AA34*1.1 -> 29406.3 | AA34: 26733 | AC34: =(1210+1100)*Q34 -> 2310 | AD34: 0.078 | AE34: =4825*(P34) -> 14475 | AF34: =AD34+(AE34/V34) -> 0.15640429 | AG34: =IFERROR(V34*AF34+3%,0) -> 28875.39 | AH34: =V34/1.1*10%-((AI34*P34)+AG34+(AN34*P34)+(AL34*P34))*10% -> #REF! | AI34: =SUMIF(헤몬팜마진!$B$7:$B$32,$C34,헤몬팜마진!$V$7:$V$32) -> #REF! | AJ34: =V34-(Y34+AG34+AH34+(AN34*P34)) -> #REF! | AK34: =AJ34-Z34-AB34 -> #REF! | AL34: =SUMIF(헤몬팜마진!$B$7:$B$32,$C34,헤몬팜마진!$T$7:$T$32) -> 181.44 | AM34: =SUMIF(헤몬팜마진!$B$7:$B$32,$C34,헤몬팜마진!$U$7:$U$32) -> 926.016 | AO34: 23045 | AP34: 49
A35: ACC-BLE-POR-001 | C35: 믹서기 | D35: =AK35/V35 -> 0.35158827 | E35: =AJ35/V35 -> 0.4982662 | F35: =(Z35+AB35)/V35 -> 0.14667793 | G35: =R35/AP35 -> 0.0082987552 | H35: 2000 | I35: =N35*7 -> 700 | J35: =N35*14 -> 1400 | L35: 2373 | M35: 3 | N35: 100 | O35: 11 | P35: =O35-S35 -> 11 | Q35: 1 | R35: 2 | T35: =W35*O35 -> 195360 | U35: =W35*S35 -> 0 | V35: =T35-U35 -> 195360 | W35: 17760 | X35: =SUMIF(헤몬팜마진!$B$7:$B$32,$C35,헤몬팜마진!$R$7:$R$32) -> 3982.887 | Y35: =AI35*P35 -> 53209.312 | Z35: =AA35*1.1 -> 28655 | AA35: 26050 | AC35: =(1210+1100)*Q35 -> 2310 | AD35: 0.078 | AE35: =1900*(P35) -> 20900 | AF35: =AD35+(AE35/V35) -> 0.18498198 | AG35: =IFERROR(V35*AF35+3%,0) -> 36138.11 | AH35: =V35/1.1*10%-((AI35*P35)+AG35+(AN35*P35)+(AL35*P35))*10% -> 8671.293 | AI35: =SUMIF(헤몬팜마진!$B$7:$B$32,$C35,헤몬팜마진!$V$7:$V$32) -> 4837.2102 | AJ35: =V35-(Y35+AG35+AH35+(AN35*P35)) -> 97341.285 | AK35: =AJ35-Z35-AB35 -> 68686.285 | AL35: =SUMIF(헤몬팜마진!$B$7:$B$32,$C35,헤몬팜마진!$T$7:$T$32) -> 139.968 | AM35: =SUMIF(헤몬팜마진!$B$7:$B$32,$C35,헤몬팜마진!$U$7:$U$32) -> 714.3552 | AO35: 46788 | AP35: 241
A36: ACC-CAR-PUM-001-BK | C36: 공기압 주입기 | D36: =AK36/V36 -> 0.24726923 | E36: =AJ36/V36 -> 0.43889199 | F36: =(Z36+AB36)/V36 -> 0.19162276 | G36: =R36/AP36 -> 0.021428571 | H36: 0 | I36: =N36*7 -> 350 | J36: =N36*14 -> 700 | L36: 87 | M36: 0 | N36: 50 | O36: 9 | P36: =O36-S36 -> 9 | R36: 3 | T36: =W36*O36 -> 223200 | U36: =W36*S36 -> 0 | V36: =T36-U36 -> 223200 | W36: 24800 | X36: =SUMIF(헤몬팜마진!$B$7:$B$32,$C36,헤몬팜마진!$R$7:$R$32) -> 8408.317 | Y36: =AI36*P36 -> 77217.381 | Z36: =AA36*1.1 -> 42770.2 | AA36: 38882 | AC36: =(1210+1100)*Q36 -> 0 | AD36: 0.1 | AE36: =1900*(P36) -> 17100 | AF36: =AD36+(AE36/V36) -> 0.1766129 | AG36: =IFERROR(V36*AF36+3%,0) -> 39420.03 | AH36: =V36/1.1*10%-((AI36*P36)+AG36+(AN36*P36)+(AL36*P36))*10% -> 8601.896 | AI36: =SUMIF(헤몬팜마진!$B$7:$B$32,$C36,헤몬팜마진!$V$7:$V$32) -> 8579.709 | AJ36: =V36-(Y36+AG36+AH36+(AN36*P36)) -> 97960.693 | AK36: =AJ36-Z36-AB36 -> 55190.493 | AL36: =SUMIF(헤몬팜마진!$B$7:$B$32,$C36,헤몬팜마진!$T$7:$T$32) -> 28.08 | AM36: =SUMIF(헤몬팜마진!$B$7:$B$32,$C36,헤몬팜마진!$U$7:$U$32) -> 143.312 | AO36: 81859 | AP36: 140
B37: 오픈이어 (신제품) | C37: 골전도이어폰 | D37: =AK37/V37 -> #DIV/0! | E37: =AJ37/V37 -> #DIV/0! | F37: =(Z37+AB37)/V37 -> #DIV/0! | G37: =R37/AP37 -> 0 | H37: 700 | I37: =N37*7 -> 210 | J37: =N37*14 -> 420 | L37: 954 | M37: 2 | N37: 30 | P37: =O37-S37 -> 0 | T37: =W37*O37 -> 0 | U37: =W37*S37 -> 0 | V37: =T37-U37 -> 0 | W37: 20900 | X37: =SUMIF(헤몬팜마진!$B$7:$B$32,$C37,헤몬팜마진!$R$7:$R$32) -> 6638.145 | Y37: =AI37*P37 -> 0 | Z37: =AA37*1.1 -> 0 | AC37: =(1210+1100)*Q37 -> 0 | AD37: 0.08 | AE37: =3400*(P37) -> 0 | AF37: =AD37+(AE37/V37) -> #DIV/0! | AG37: =IFERROR(V37*AF37+3%,0) -> 0 | AH37: =V37/1.1*10%-((AI37*P37)+AG37+(AN37*P37)+(AL37*P37))*10% -> 0 | AI37: =SUMIF(헤몬팜마진!$B$7:$B$32,$C37,헤몬팜마진!$V$7:$V$32) -> 6685.6074 | AJ37: =V37-(Y37+AG37+AH37+(AN37*P37)) -> 0 | AK37: =AJ37-Z37-AB37 -> 0 | AL37: =SUMIF(헤몬팜마진!$B$7:$B$32,$C37,헤몬팜마진!$T$7:$T$32) -> 7.776 | AM37: =SUMIF(헤몬팜마진!$B$7:$B$32,$C37,헤몬팜마진!$U$7:$U$32) -> 39.6864 | AO37: 199341 | AP37: 202
A38: ACC-SHA-PET-002-WH | B38: 멀티클리퍼 (신제품) | C38: 강아지바리깡 | D38: =AK38/V38 -> 0.28551381 | E38: =AJ38/V38 -> 0.43444842 | F38: =(Z38+AB38)/V38 -> 0.14893461 | G38: =R38/AP38 -> 0.073529412 | H38: 2000 | I38: =N38*7 -> 280 | J38: =N38*14 -> 560 | L38: 1048 | M38: =311+240+1 -> 552 | N38: 40 | O38: 18 | P38: =O38-S38 -> 18 | Q38: 2 | R38: 5 | T38: =W38*O38 -> 446220 | U38: =W38*S38 -> 0 | V38: =T38-U38 -> 446220 | W38: 24790 | X38: =SUMIF(헤몬팜마진!$B$7:$B$32,$C38,헤몬팜마진!$R$7:$R$32) -> 6859.4165 | Y38: =AI38*P38 -> 130565.13 | Z38: =AA38*1.1 -> 66457.6 | AA38: 60416 | AC38: =(1210+1100)*Q38 -> 4620 | AD38: 0.108 | AE38: =3150*(P38) -> 56700 | AF38: =AD38+(AE38/V38) -> 0.23506737 | AG38: =IFERROR(V38*AF38+3%,0) -> 104891.79 | AH38: =V38/1.1*10%-((AI38*P38)+AG38+(AN38*P38)+(AL38*P38))*10% -> 16903.512 | AI38: =SUMIF(헤몬팜마진!$B$7:$B$32,$C38,헤몬팜마진!$V$7:$V$32) -> 7253.6181 | AJ38: =V38-(Y38+AG38+AH38+(AN38*P38)) -> 193859.57 | AK38: =AJ38-Z38-AB38 -> 127401.97 | AL38: =SUMIF(헤몬팜마진!$B$7:$B$32,$C38,헤몬팜마진!$T$7:$T$32) -> 64.584 | AM38: =SUMIF(헤몬팜마진!$B$7:$B$32,$C38,헤몬팜마진!$U$7:$U$32) -> 329.6176 | AO38: 10142 | AP38: 68
B39: 신제품 | C39: 강아지바리깡 2개 | D39: =AK39/V39 -> #DIV/0! | E39: =AJ39/V39 -> #DIV/0! | F39: =(Z39+AB39)/V39 -> #DIV/0! | G39: =R39/AP39 -> 0 | H39: 0 | I39: =N39*7 -> 105 | J39: =N39*14 -> 210 | M39: =22+3 -> 25 | N39: 15 | P39: =O39-S39 -> 0 | T39: =W39*O39 -> 0 | U39: =W39*S39 -> 0 | V39: =T39-U39 -> 0 | W39: 39800 | X39: =SUMIF(헤몬팜마진!$B$7:$B$32,$C39,헤몬팜마진!$R$7:$R$32) -> 13718.833 | Y39: =AI39*P39 -> 0 | Z39: =AA39*1.1 -> 41317.1 | AA39: 37561 | AC39: =(1210+1100)*Q39 -> 0 | AD39: 0.108 | AE39: =3550*(P39) -> 0 | AF39: =AD39+(AE39/V39) -> #DIV/0! | AG39: =IFERROR(V39*AF39+3%,0) -> 0 | AH39: =V39/1.1*10%-((AI39*P39)+AG39+(AN39*P39)+(AL39*P39))*10% -> 0 | AI39: =SUMIF(헤몬팜마진!$B$7:$B$32,$C39,헤몬팜마진!$V$7:$V$32) -> 14113.035 | AJ39: =V39-(Y39+AG39+AH39+(AN39*P39)) -> 0 | AK39: =AJ39-Z39-AB39 -> -41317.1 | AL39: =SUMIF(헤몬팜마진!$B$7:$B$32,$C39,헤몬팜마진!$T$7:$T$32) -> 64.584 | AM39: =SUMIF(헤몬팜마진!$B$7:$B$32,$C39,헤몬팜마진!$U$7:$U$32) -> 329.6176 | AO39: 20179 | AP39: 76
D40: =AK40/V40 -> #REF! | E40: =AJ40/V40 -> #REF! | F40: =(Z40+AB40)/V40 -> 0.24789458 | O40: =SUM(O23:O39) -> 212 | P40: =SUM(P23:P39) -> 207 | Q40: =SUM(Q23:Q39) -> 23 | R40: =SUM(R23:R39) -> 139 | S40: =SUM(S23:S39) -> 5 | T40: =SUM(T23:T39) -> 6034060 | U40: =SUM(U23:U39) -> 80600 | V40: =SUM(V23:V39) -> 5953460 | X40: =SUM(X23:X39) -> 153584.55 | Y40: =SUM(Y23:Y39) -> #REF! | Z40: =SUM(Z23:Z39) -> 1426493.2 | AA40: =SUM(AA23:AA39) -> 1296812 | AB40: =SUM(AB23:AB39) -> 49337.25 | AC40: =SUM(AC23:AC39) -> 51060 | AD40: 0.09 | AE40: =SUM(AE23:AE39) -> 636875 | AF40: =AD40+(AE40/V40) -> 0.19697561 | AG40: =SUM(AG23:AG39) -> 1227049.3 | AH40: =SUM(AH23:AH39) -> #REF! | AI40: =SUM(AI23:AI39) -> #REF! | AJ40: =V40-(Y40+AG40+AH40+(AN40*P40)) -> #REF! | AK40: =AJ40-Z40-AB40 -> #REF! | AO40: =SUM(AO23:AO24) -> 619567 | AP40: =SUM(AP23:AP24) -> 1467
C42: 45931 | D42: 이윤율 | E42: 마진율 | F42: 광고비율 | G42: 전환율 | H42: 발주남은수량 | I42: 창고안전 | J42: 쿠팡안전 | K42: 창고재고 | L42: 쿠팡재고 | M42: 미포장분 | N42: 목표판매량 | O42: 판매수 | P42: 순판매개수 | Q42: 취소개수 | R42: 광고전환 | S42: 가구매 | T42: 매출 | U42: 가구매금액 | V42: 순매출 | W42: 판매가 | X42: 입고가 | Y42: 입고판매가 | Z42: 광고비1.1 | AA42: 광고비 | AB42: 가구매비용 | AC42: 반품회수비 | AD42: 수수료 | AE42: 택배비 | AF42: 판매수수료 | AG42: 수수료 | AH42: 부가세 | AI42: 도매가 | AJ42: 판매마진 | AK42: 순이익 | AL42: 1개당 한국 운임 물류비(KRW) | AM42: 1개당 물류비 (KRW) | AN42: 부자재값 | AO42: 노출수 | AP42: 클릭수
A43: ACC-SHA-BRD-001-BK | C43: 쉐이버 | D43: =AK43/V43 -> 0.13796759 | E43: =AJ43/V43 -> 0.4227075 | F43: =(Z43+AB43)/V43 -> 0.2847399 | G43: =R43/AP43 -> 0.061143984 | H43: 7410 | I43: =N43*7 -> 1400 | J43: =N43*14 -> 2800 | K43: 76 | L43: =1906+1320 -> 3226 | N43: 200 | O43: 127 | P43: =O43-S43 -> 127 | Q43: 13 | R43: 93 | T43: =W43*O43 -> 3543300 | U43: =W43*S43 -> 0 | V43: =T43-U43 -> 3543300 | W43: 27900 | X43: =SUMIF(헤몬팜마진!$B$7:$B$32,$C43,헤몬팜마진!$R$7:$R$32) -> 8850.86 | Y43: =AI43*P43 -> 1174122.8 | Z43: =AA43*1.1 -> 1008918.9 | AA43: 917199 | AC43: =(1072+1100)*Q43 -> 28236 | AD43: 0.1 | AE43: =3050*(P43) -> 387350 | AF43: =AD43+(AE43/V43) -> 0.209319 | AG43: =IFERROR(V43*AF43+3%,0) -> 741680.03 | AH43: =V43/1.1*10%-((AI43*P43)+AG43+(AN43*P43)+(AL43*P43))*10% -> 129717.68 | AI43: =SUMIF(헤몬팜마진!$B$7:$B$32,$C43,헤몬팜마진!$V$7:$V$32) -> 9245.0616 | AJ43: =V43-(Y43+AG43+AH43+(AN43*P43)) -> 1497779.5 | AK43: =AJ43-Z43-AB43 -> 488860.57 | AL43: =SUMIF(헤몬팜마진!$B$7:$B$32,$C43,헤몬팜마진!$T$7:$T$32) -> 64.584 | AM43: =SUMIF(헤몬팜마진!$B$7:$B$32,$C43,헤몬팜마진!$U$7:$U$32) -> 329.6176 | AO43: 581496 | AP43: 1521
A44: ACC-SHA-BRD-004-BK | C44: 일자면도기 | D44: =AK44/V44 -> 0.2166961 | E44: =AJ44/V44 -> 0.40985028 | F44: =(Z44+AB44)/V44 -> 0.19315419 | G44: =R44/AP44 -> 0 | H44: 1460 | I44: =N44*7 -> 140 | J44: =N44*14 -> 280 | K44: 325 | L44: 0 | N44: 20 | O44: 1 | P44: =O44-S44 -> 1 | T44: =W44*O44 -> 22700 | U44: =W44*S44 -> 0 | V44: =T44-U44 -> 22700 | W44: 22700 | X44: =SUMIF(헤몬팜마진!$B$7:$B$32,$C44,헤몬팜마진!$R$7:$R$32) -> 7080.688 | Y44: =AI44*P44 -> 7377.328 | Z44: =AA44*1.1 -> 4384.6 | AA44: 3986 | AC44: =(1072+1100)*Q44 -> 0 | AD44: 0.1 | AE44: =2950*(P44) -> 2950 | AF44: =AD44+(AE44/V44) -> 0.22995595 | AG44: =IFERROR(V44*AF44+3%,0) -> 5220.03 | AH44: =V44/1.1*10%-((AI44*P44)+AG44+(AN44*P44)+(AL44*P44))*10% -> 799.04056 | AI44: =SUMIF(헤몬팜마진!$B$7:$B$32,$C44,헤몬팜마진!$V$7:$V$32) -> 7377.328 | AJ44: =V44-(Y44+AG44+AH44+(AN44*P44)) -> 9303.6014 | AK44: =AJ44-Z44-AB44 -> 4919.0014 | AL44: =SUMIF(헤몬팜마진!$B$7:$B$32,$C44,헤몬팜마진!$T$7:$T$32) -> 48.6 | AM44: =SUMIF(헤몬팜마진!$B$7:$B$32,$C44,헤몬팜마진!$U$7:$U$32) -> 248.04 | AO44: 25424 | AP44: 9
A45: ACC-TOL-DRI-012-BL | C45: 프라임 1개 | D45: =AK45/V45 -> #REF! | E45: =AJ45/V45 -> #REF! | F45: =(Z45+AB45)/V45 -> #DIV/0! | G45: =R45/AP45 -> #DIV/0! | H45: 0 | I45: =N45*7 -> 105 | J45: =N45*14 -> 210 | K45: 430 | L45: =40+3+3 -> 46 | N45: 15 | P45: =O45-S45 -> 0 | T45: =W45*O45 -> 0 | U45: =W45*S45 -> 0 | V45: =T45-U45 -> 0 | W45: 45800 | X45: =SUMIF(헤몬팜마진!$B$7:$B$32,$C45,헤몬팜마진!$R$7:$R$32) -> 9990.4082 | Y45: =AI45*P45 -> #REF! | Z45: =AA45*1.1 -> 0 | AC45: =(1210+1100)*Q45 -> 0 | AD45: 0.11 | AE45: =4150*(P45) -> 0 | AF45: =AD45+(AE45/V45) -> #DIV/0! | AG45: =IFERROR(V45*AF45+3%,0) -> 0 | AH45: =V45/1.1*10%-((AI45*P45)+AG45+(AN45*P45)+(AL45*P45))*10% -> #REF! | AI45: =SUMIF(헤몬팜마진!$B$7:$B$32,$C45,헤몬팜마진!$V$7:$V$32) -> #REF! | AJ45: =V45-(Y45+AG45+AH45+(AN45*P45)) -> #REF! | AK45: =AJ45-Z45-AB45 -> #REF! | AL45: =SUMIF(헤몬팜마진!$B$7:$B$32,$C45,헤몬팜마진!$T$7:$T$32) -> 162 | AM45: =SUMIF(헤몬팜마진!$B$7:$B$32,$C45,헤몬팜마진!$U$7:$U$32) -> 826.8
C46: 프라임 2개 | D46: =AK46/V46 -> #REF! | E46: =AJ46/V46 -> #REF! | F46: =(Z46+AB46)/V46 -> #DIV/0! | G46: =R46/AP46 -> #DIV/0! | H46: 0 | I46: =N46*7 -> 105 | J46: =N46*14 -> 210 | L46: =13+2 -> 15 | N46: 15 | P46: =O46-S46 -> 0 | T46: =W46*O46 -> 0 | U46: =W46*S46 -> 0 | V46: =T46-U46 -> 0 | W46: 46800 | X46: =SUMIF(헤몬팜마진!$B$7:$B$32,$C46,헤몬팜마진!$R$7:$R$32) -> 9990.4082 | Y46: =AI46*P46 -> #REF! | Z46: =AA46*1.1 -> 0 | AC46: =(1210+1100)*Q46 -> 0 | AD46: 0.11 | AE46: =4150*(P46) -> 0 | AF46: =AD46+(AE46/V46) -> #DIV/0! | AG46: =IFERROR(V46*AF46+3%,0) -> 0 | AH46: =V46/1.1*10%-((AI46*P46)+AG46+(AN46*P46)+(AL46*P46))*10% -> #REF! | AI46: =SUMIF(헤몬팜마진!$B$7:$B$32,$C46,헤몬팜마진!$V$7:$V$32) -> #REF! | AJ46: =V46-(Y46+AG46+AH46+(AN46*P46)) -> #REF! | AK46: =AJ46-Z46-AB46 -> #REF! | AL46: =SUMIF(헤몬팜마진!$B$7:$B$32,$C46,헤몬팜마진!$T$7:$T$32) -> 162 | AM46: =SUMIF(헤몬팜마진!$B$7:$B$32,$C46,헤몬팜마진!$U$7:$U$32) -> 826.8
A47: ACC-TOL-MOW-001-BL | C47: 다밴다 1개 | D47: =AK47/V47 -> #REF! | E47: =AJ47/V47 -> #REF! | F47: =(Z47+AB47)/V47 -> #DIV/0! | G47: =R47/AP47 -> #DIV/0! | H47: 3504 | I47: =N47*7 -> 210 | J47: =N47*14 -> 420 | K47: 626 | L47: =30+13+6 -> 49 | N47: 30 | P47: =O47-S47 -> 0 | T47: =W47*O47 -> 0 | U47: =W47*S47 -> 0 | V47: =T47-U47 -> 0 | W47: 59800 | X47: =SUMIF(헤몬팜마진!$B$7:$B$32,$C47,헤몬팜마진!$R$7:$R$32) -> 13276.29 | Y47: =AI47*P47 -> #REF! | Z47: =AA47*1.1 -> 0 | AC47: =(1210+1100)*Q47 -> 0 | AD47: 0.108 | AE47: =4825*(P47) -> 0 | AF47: =AD47+(AE47/V47) -> #DIV/0! | AG47: =IFERROR(V47*AF47+3%,0) -> 0 | AH47: =V47/1.1*10%-((AI47*P47)+AG47+(AN47*P47)+(AL47*P47))*10% -> #REF! | AI47: =SUMIF(헤몬팜마진!$B$7:$B$32,$C47,헤몬팜마진!$V$7:$V$32) -> #REF! | AJ47: =V47-(Y47+AG47+AH47+(AN47*P47)) -> #REF! | AK47: =AJ47-Z47-AB47 -> #REF! | AL47: =SUMIF(헤몬팜마진!$B$7:$B$32,$C47,헤몬팜마진!$T$7:$T$32) -> 371.52 | AM47: =SUMIF(헤몬팜마진!$B$7:$B$32,$C47,헤몬팜마진!$U$7:$U$32) -> 1896.128
A48: ACC-TOL-MOW-001-BL | C48: 다벤다 2개 | D48: =AK48/V48 -> #REF! | E48: =AJ48/V48 -> #REF! | F48: =(Z48+AB48)/V48 -> #DIV/0! | G48: =R48/AP48 -> #DIV/0! | H48: 0 | I48: =N48*7 -> 210 | J48: =N48*14 -> 420 | L48: =4+11+18+38+129 -> 200 | N48: 30 | P48: =O48-S48 -> 0 | Q48: 1 | T48: =W48*O48 -> 0 | U48: =W48*S48 -> 0 | V48: =T48-U48 -> 0 | W48: 69780 | X48: =SUMIF(헤몬팜마진!$B$7:$B$32,$C48,헤몬팜마진!$R$7:$R$32) -> 13276.29 | Y48: =AI48*P48 -> #REF! | Z48: =AA48*1.1 -> 0 | AC48: =(1210+1100)*Q48 -> 2310 | AD48: 0.108 | AE48: =4825*(P48) -> 0 | AF48: =AD48+(AE48/V48) -> #DIV/0! | AG48: =IFERROR(V48*AF48+3%,0) -> 0 | AH48: =V48/1.1*10%-((AI48*P48)+AG48+(AN48*P48)+(AL48*P48))*10% -> #REF! | AI48: =SUMIF(헤몬팜마진!$B$7:$B$32,$C48,헤몬팜마진!$V$7:$V$32) -> #REF! | AJ48: =V48-(Y48+AG48+AH48+(AN48*P48)) -> #REF! | AK48: =AJ48-Z48-AB48 -> #REF! | AL48: =SUMIF(헤몬팜마진!$B$7:$B$32,$C48,헤몬팜마진!$T$7:$T$32) -> 371.52 | AM48: =SUMIF(헤몬팜마진!$B$7:$B$32,$C48,헤몬팜마진!$U$7:$U$32) -> 1896.128
A49: ACC-CHA-CAR-002-BK | C49: 시거잭 | D49: =AK49/V49 -> -0.13608809 | E49: =AJ49/V49 -> 0.39080862 | F49: =(Z49+AB49)/V49 -> 0.52689671 | G49: =R49/AP49 -> 0.075862069 | H49: 500 | I49: =N49*7 -> 105 | J49: =N49*14 -> 210 | K49: 577 | L49: 211 | N49: 15 | O49: 19 | P49: =O49-S49 -> 14 | Q49: 2 | R49: 11 | S49: 5 | T49: =W49*O49 -> 306280 | U49: =W49*S49 -> 80600 | V49: =T49-U49 -> 225680 | W49: 16120 | X49: =SUMIF(헤몬팜마진!$B$7:$B$32,$C49,헤몬팜마진!$R$7:$R$32) -> 5089.2445 | Y49: =AI49*P49 -> 71768.543 | Z49: =AA49*1.1 -> 69572.8 | AA49: 63248 | AB49: =((17890*0.015)+(17890*0.19)+2100+2200+1900)*5 -> 49337.25 | AC49: =(1210+1100)*Q49 -> 4620 | AD49: 0.078 | AE49: =2900*(P49) -> 40600 | AF49: =AD49+(AE49/V49) -> 0.25790074 | AG49: =IFERROR(V49*AF49+3%,0) -> 58203.07 | AH49: =V49/1.1*10%-((AI49*P49)+AG49+(AN49*P49)+(AL49*P49))*10% -> 7510.6973 | AI49: =SUMIF(헤몬팜마진!$B$7:$B$32,$C49,헤몬팜마진!$V$7:$V$32) -> 5126.3245 | AJ49: =V49-(Y49+AG49+AH49+(AN49*P49)) -> 88197.69 | AK49: =AJ49-Z49-AB49 -> -30712.36 | AL49: =SUMIF(헤몬팜마진!$B$7:$B$32,$C49,헤몬팜마진!$T$7:$T$32) -> 6.075 | AM49: =SUMIF(헤몬팜마진!$B$7:$B$32,$C49,헤몬팜마진!$U$7:$U$32) -> 31.005 | AO49: 51155 | AP49: 145
A50: ACC-TOL-WAS-002-BK | C50: 뉴 고압세척기 배터리 1개 | D50: =AK50/V50 -> #REF! | E50: =AJ50/V50 -> #REF! | F50: =(Z50+AB50)/V50 -> 0 | G50: =R50/AP50 -> #DIV/0! | H50: 0 | I50: =N50*7 -> 140 | J50: =N50*14 -> 280 | K50: 343 | L50: =97+42+48+31+19+10 -> 247 | N50: 20 | O50: 2 | P50: =O50-S50 -> 2 | T50: =W50*O50 -> 79600 | U50: =W50*S50 -> 0 | V50: =T50-U50 -> 79600 | W50: 39800 | X50: =SUMIF(헤몬팜마진!$B$7:$B$32,$C50,헤몬팜마진!$R$7:$R$32) -> 7855.1382 | Y50: =AI50*P50 -> #REF! | Z50: =AA50*1.1 -> 0 | AC50: =(1210+1100)*Q50 -> 0 | AD50: 0.08 | AE50: =4150*(P50) -> 8300 | AF50: =AD50+(AE50/V50) -> 0.18427136 | AG50: =IFERROR(V50*AF50+3%,0) -> 14668.03 | AH50: =V50/1.1*10%-((AI50*P50)+AG50+(AN50*P50)+(AL50*P50))*10% -> #REF! | AI50: =SUMIF(헤몬팜마진!$B$7:$B$32,$C50,헤몬팜마진!$V$7:$V$32) -> #REF! | AJ50: =V50-(Y50+AG50+AH50+(AN50*P50)) -> #REF! | AK50: =AJ50-Z50-AB50 -> #REF! | AL50: =SUMIF(헤몬팜마진!$B$7:$B$32,$C50,헤몬팜마진!$T$7:$T$32) -> 176.418 | AM50: =SUMIF(헤몬팜마진!$B$7:$B$32,$C50,헤몬팜마진!$U$7:$U$32) -> 900.3852
C51: 뉴 고압세척기 | D51: =AK51/V51 -> #REF! | E51: =AJ51/V51 -> #REF! | F51: =(Z51+AB51)/V51 -> #DIV/0! | G51: =R51/AP51 -> #DIV/0! | I51: =N51*7 -> 105 | J51: =N51*14 -> 210 | L51: =74+42+48+18+8+2 -> 192 | N51: 15 | P51: =O51-S51 -> 0 | T51: =W51*O51 -> 0 | U51: =W51*S51 -> 0 | V51: =T51-U51 -> 0 | W51: 42900 | X51: =SUMIF(헤몬팜마진!$B$7:$B$32,$C51,헤몬팜마진!$R$7:$R$32) -> 7855.1382 | Y51: =AI51*P51 -> #REF! | Z51: =AA51*1.1 -> 0 | AC51: =(1210+1100)*Q51 -> 0 | AD51: 0.078 | AE51: =1900*(P51) -> 0 | AF51: =AD51+(AE51/V51) -> #DIV/0! | AG51: =IFERROR(V51*AF51+3%,0) -> 0 | AH51: =V51/1.1*10%-((AI51*P51)+AG51+(AN51*P51)+(AL51*P51))*10% -> #REF! | AI51: =SUMIF(헤몬팜마진!$B$7:$B$32,$C51,헤몬팜마진!$V$7:$V$32) -> #REF! | AJ51: =V51-(Y51+AG51+AH51+(AN51*P51)) -> #REF! | AK51: =AJ51-Z51-AB51 -> #REF! | AL51: =SUMIF(헤몬팜마진!$B$7:$B$32,$C51,헤몬팜마진!$T$7:$T$32) -> 176.418 | AM51: =SUMIF(헤몬팜마진!$B$7:$B$32,$C51,헤몬팜마진!$U$7:$U$32) -> 900.3852
A52: ACC-MOS-RAC-004 | C52: 모기지옥 | D52: =AK52/V52 -> 0.32890025 | E52: =AJ52/V52 -> 0.36298879 | F52: =(Z52+AB52)/V52 -> 0.034088542 | G52: =R52/AP52 -> 0.035714286 | H52: 1750 | I52: =N52*7 -> 350 | J52: =N52*14 -> 700 | K52: 1449 | L52: 1217 | N52: 50 | O52: 9 | P52: =O52-S52 -> 9 | R52: 1 | T52: =W52*O52 -> 172800 | U52: =W52*S52 -> 0 | V52: =T52-U52 -> 172800 | W52: 19200 | X52: =SUMIF(헤몬팜마진!$B$7:$B$32,$C52,헤몬팜마진!$R$7:$R$32) -> 6372.6192 | Y52: =AI52*P52 -> 60942.917 | Z52: =AA52*1.1 -> 5890.5 | AA52: 5355 | AC52: =(1210+1100)*Q52 -> 0 | AD52: 0.08 | AE52: =3350*(P52) -> 30150 | AF52: =AD52+(AE52/V52) -> 0.25447917 | AG52: =IFERROR(V52*AF52+3%,0) -> 43974.03 | AH52: =V52/1.1*10%-((AI52*P52)+AG52+(AN52*P52)+(AL52*P52))*10% -> 5158.5902 | AI52: =SUMIF(헤몬팜마진!$B$7:$B$32,$C52,헤몬팜마진!$V$7:$V$32) -> 6771.4352 | AJ52: =V52-(Y52+AG52+AH52+(AN52*P52)) -> 62724.463 | AK52: =AJ52-Z52-AB52 -> 56833.963 | AL52: =SUMIF(헤몬팜마진!$B$7:$B$32,$C52,헤몬팜마진!$T$7:$T$32) -> 65.34 | AM52: =SUMIF(헤몬팜마진!$B$7:$B$32,$C52,헤몬팜마진!$U$7:$U$32) -> 333.476 | AO52: 7994 | AP52: 28
A53: ACC-TOL-SAW-008-BL | C53: 컷소 배터리 1개 | D53: =AK53/V53 -> #REF! | E53: =AJ53/V53 -> #REF! | F53: =(Z53+AB53)/V53 -> #DIV/0! | G53: =R53/AP53 -> #DIV/0! | H53: 0 | I53: =N53*7 -> 70 | J53: =N53*14 -> 140 | K53: 494 | L53: 0 | N53: 10 | P53: =O53-S53 -> 0 | T53: =W53*O53 -> 0 | U53: =W53*S53 -> 0 | V53: =T53-U53 -> 0 | W53: 54800 | X53: =SUMIF(헤몬팜마진!$B$7:$B$32,$C53,헤몬팜마진!$R$7:$R$32) -> 12169.932 | Y53: =AI53*P53 -> #REF! | Z53: =AA53*1.1 -> 0 | AC53: =(1210+1100)*Q53 -> 0 | AD53: 0.078 | AE53: =4825*(P53) -> 0 | AF53: =AD53+(AE53/V53) -> #DIV/0! | AG53: =IFERROR(V53*AF53+3%,0) -> 0 | AH53: =V53/1.1*10%-((AI53*P53)+AG53+(AN53*P53)+(AL53*P53))*10% -> #REF! | AI53: =SUMIF(헤몬팜마진!$B$7:$B$32,$C53,헤몬팜마진!$V$7:$V$32) -> #REF! | AJ53: =V53-(Y53+AG53+AH53+(AN53*P53)) -> #REF! | AK53: =AJ53-Z53-AB53 -> #REF! | AL53: =SUMIF(헤몬팜마진!$B$7:$B$32,$C53,헤몬팜마진!$T$7:$T$32) -> 181.44 | AM53: =SUMIF(헤몬팜마진!$B$7:$B$32,$C53,헤몬팜마진!$U$7:$U$32) -> 926.016
C54: 컷소 배터리 2개 | D54: =AK54/V54 -> #REF! | E54: =AJ54/V54 -> #REF! | F54: =(Z54+AB54)/V54 -> 0 | G54: =R54/AP54 -> #DIV/0! | H54: 0 | I54: =N54*7 -> 70 | J54: =N54*14 -> 140 | L54: 1 | N54: 10 | O54: 2 | P54: =O54-S54 -> 2 | T54: =W54*O54 -> 123080 | U54: =W54*S54 -> 0 | V54: =T54-U54 -> 123080 | W54: 61540 | X54: =SUMIF(헤몬팜마진!$B$7:$B$32,$C54,헤몬팜마진!$R$7:$R$32) -> 12169.932 | Y54: =AI54*P54 -> #REF! | Z54: =AA54*1.1 -> 0 | AC54: =(1210+1100)*Q54 -> 0 | AD54: 0.078 | AE54: =4825*(P54) -> 9650 | AF54: =AD54+(AE54/V54) -> 0.15640429 | AG54: =IFERROR(V54*AF54+3%,0) -> 19250.27 | AH54: =V54/1.1*10%-((AI54*P54)+AG54+(AN54*P54)+(AL54*P54))*10% -> #REF! | AI54: =SUMIF(헤몬팜마진!$B$7:$B$32,$C54,헤몬팜마진!$V$7:$V$32) -> #REF! | AJ54: =V54-(Y54+AG54+AH54+(AN54*P54)) -> #REF! | AK54: =AJ54-Z54-AB54 -> #REF! | AL54: =SUMIF(헤몬팜마진!$B$7:$B$32,$C54,헤몬팜마진!$T$7:$T$32) -> 181.44 | AM54: =SUMIF(헤몬팜마진!$B$7:$B$32,$C54,헤몬팜마진!$U$7:$U$32) -> 926.016
A55: ACC-BLE-POR-001 | C55: 믹서기 | D55: =AK55/V55 -> 0.47882774 | E55: =AJ55/V55 -> 0.49826633 | F55: =(Z55+AB55)/V55 -> 0.019438587 | G55: =R55/AP55 -> 0.0027700831 | H55: 2000 | I55: =N55*7 -> 700 | J55: =N55*14 -> 1400 | K55: 2373 | L55: 3 | N55: 100 | O55: 116 | P55: =O55-S55 -> 116 | Q55: 8 | R55: 1 | T55: =W55*O55 -> 2060160 | U55: =W55*S55 -> 0 | V55: =T55-U55 -> 2060160 | W55: 17760 | X55: =SUMIF(헤몬팜마진!$B$7:$B$32,$C55,헤몬팜마진!$R$7:$R$32) -> 3982.887 | Y55: =AI55*P55 -> 561116.38 | Z55: =AA55*1.1 -> 40046.6 | AA55: 36406 | AC55: =(1210+1100)*Q55 -> 18480 | AD55: 0.078 | AE55: =1900*(P55) -> 220400 | AF55: =AD55+(AE55/V55) -> 0.18498198 | AG55: =IFERROR(V55*AF55+3%,0) -> 381092.51 | AH55: =V55/1.1*10%-((AI55*P55)+AG55+(AN55*P55)+(AL55*P55))*10% -> 91442.755 | AI55: =SUMIF(헤몬팜마진!$B$7:$B$32,$C55,헤몬팜마진!$V$7:$V$32) -> 4837.2102 | AJ55: =V55-(Y55+AG55+AH55+(AN55*P55)) -> 1026508.4 | AK55: =AJ55-Z55-AB55 -> 986461.75 | AL55: =SUMIF(헤몬팜마진!$B$7:$B$32,$C55,헤몬팜마진!$T$7:$T$32) -> 139.968 | AM55: =SUMIF(헤몬팜마진!$B$7:$B$32,$C55,헤몬팜마진!$U$7:$U$32) -> 714.3552 | AO55: 58626 | AP55: 361
A56: ACC-CAR-PUM-001-BK | C56: 공기압 주입기 | D56: =AK56/V56 -> 0.015857568 | E56: =AJ56/V56 -> 0.43889184 | F56: =(Z56+AB56)/V56 -> 0.42303427 | G56: =R56/AP56 -> 0.0074074074 | H56: 0 | I56: =N56*7 -> 350 | J56: =N56*14 -> 700 | K56: 87 | L56: 0 | N56: 50 | O56: 4 | P56: =O56-S56 -> 4 | R56: 1 | T56: =W56*O56 -> 99200 | U56: =W56*S56 -> 0 | V56: =T56-U56 -> 99200 | W56: 24800 | X56: =SUMIF(헤몬팜마진!$B$7:$B$32,$C56,헤몬팜마진!$R$7:$R$32) -> 8408.317 | Y56: =AI56*P56 -> 34318.836 | Z56: =AA56*1.1 -> 41965 | AA56: 38150 | AC56: =(1210+1100)*Q56 -> 0 | AD56: 0.1 | AE56: =1900*(P56) -> 7600 | AF56: =AD56+(AE56/V56) -> 0.1766129 | AG56: =IFERROR(V56*AF56+3%,0) -> 17520.03 | AH56: =V56/1.1*10%-((AI56*P56)+AG56+(AN56*P56)+(AL56*P56))*10% -> 3823.0632 | AI56: =SUMIF(헤몬팜마진!$B$7:$B$32,$C56,헤몬팜마진!$V$7:$V$32) -> 8579.709 | AJ56: =V56-(Y56+AG56+AH56+(AN56*P56)) -> 43538.071 | AK56: =AJ56-Z56-AB56 -> 1573.0708 | AL56: =SUMIF(헤몬팜마진!$B$7:$B$32,$C56,헤몬팜마진!$T$7:$T$32) -> 28.08 | AM56: =SUMIF(헤몬팜마진!$B$7:$B$32,$C56,헤몬팜마진!$U$7:$U$32) -> 143.312 | AO56: 99025 | AP56: 135
B57: 오픈이어 (신제품) | C57: 골전도이어폰 | D57: =AK57/V57 -> 0.077330756 | E57: =AJ57/V57 -> 0.40281948 | F57: =(Z57+AB57)/V57 -> 0.32548872 | G57: =R57/AP57 -> 0.018404908 | H57: 700 | I57: =N57*7 -> 210 | J57: =N57*14 -> 420 | K57: 954 | L57: 2 | N57: 30 | O57: 7 | P57: =O57-S57 -> 7 | Q57: 2 | R57: 3 | T57: =W57*O57 -> 146300 | U57: =W57*S57 -> 0 | V57: =T57-U57 -> 146300 | W57: 20900 | X57: =SUMIF(헤몬팜마진!$B$7:$B$32,$C57,헤몬팜마진!$R$7:$R$32) -> 6638.145 | Y57: =AI57*P57 -> 46799.252 | Z57: =AA57*1.1 -> 47619 | AA57: 43290 | AC57: =(1210+1100)*Q57 -> 4620 | AD57: 0.08 | AE57: =3400*(P57) -> 23800 | AF57: =AD57+(AE57/V57) -> 0.24267943 | AG57: =IFERROR(V57*AF57+3%,0) -> 35504.03 | AH57: =V57/1.1*10%-((AI57*P57)+AG57+(AN57*P57)+(AL57*P57))*10% -> 5064.2286 | AI57: =SUMIF(헤몬팜마진!$B$7:$B$32,$C57,헤몬팜마진!$V$7:$V$32) -> 6685.6074 | AJ57: =V57-(Y57+AG57+AH57+(AN57*P57)) -> 58932.49 | AK57: =AJ57-Z57-AB57 -> 11313.49 | AL57: =SUMIF(헤몬팜마진!$B$7:$B$32,$C57,헤몬팜마진!$T$7:$T$32) -> 7.776 | AM57: =SUMIF(헤몬팜마진!$B$7:$B$32,$C57,헤몬팜마진!$U$7:$U$32) -> 39.6864 | AO57: 178254 | AP57: 163
A58: ACC-SHA-PET-002-WH | B58: 멀티클리퍼 (신제품) | C58: 강아지바리깡 | D58: =AK58/V58 -> 0.32075878 | E58: =AJ58/V58 -> 0.43444844 | F58: =(Z58+AB58)/V58 -> 0.11368966 | G58: =R58/AP58 -> 0.1375 | H58: 2000 | I58: =N58*7 -> 280 | J58: =N58*14 -> 560 | K58: 1048 | L58: =311+240+1 -> 552 | N58: 40 | O58: 33 | P58: =O58-S58 -> 33 | Q58: 2 | R58: 11 | T58: =W58*O58 -> 818070 | U58: =W58*S58 -> 0 | V58: =T58-U58 -> 818070 | W58: 24790 | X58: =SUMIF(헤몬팜마진!$B$7:$B$32,$C58,헤몬팜마진!$R$7:$R$32) -> 6859.4165 | Y58: =AI58*P58 -> 239369.4 | Z58: =AA58*1.1 -> 93006.1 | AA58: 84551 | AC58: =(1210+1100)*Q58 -> 4620 | AD58: 0.108 | AE58: =3150*(P58) -> 103950 | AF58: =AD58+(AE58/V58) -> 0.23506737 | AG58: =IFERROR(V58*AF58+3%,0) -> 192301.59 | AH58: =V58/1.1*10%-((AI58*P58)+AG58+(AN58*P58)+(AL58*P58))*10% -> 30989.774 | AI58: =SUMIF(헤몬팜마진!$B$7:$B$32,$C58,헤몬팜마진!$V$7:$V$32) -> 7253.6181 | AJ58: =V58-(Y58+AG58+AH58+(AN58*P58)) -> 355409.24 | AK58: =AJ58-Z58-AB58 -> 262403.14 | AL58: =SUMIF(헤몬팜마진!$B$7:$B$32,$C58,헤몬팜마진!$T$7:$T$32) -> 64.584 | AM58: =SUMIF(헤몬팜마진!$B$7:$B$32,$C58,헤몬팜마진!$U$7:$U$32) -> 329.6176 | AO58: 9184 | AP58: 80
B59: 신제품 | C59: 강아지바리깡 2개 | D59: =AK59/V59 -> 0.11690884 | E59: =AJ59/V59 -> 0.41263749 | F59: =(Z59+AB59)/V59 -> 0.29572864 | G59: =R59/AP59 -> 0.017857143 | H59: 0 | I59: =N59*7 -> 105 | J59: =N59*14 -> 210 | L59: =22+3 -> 25 | N59: 15 | O59: 2 | P59: =O59-S59 -> 2 | R59: 1 | T59: =W59*O59 -> 79600 | U59: =W59*S59 -> 0 | V59: =T59-U59 -> 79600 | W59: 39800 | X59: =SUMIF(헤몬팜마진!$B$7:$B$32,$C59,헤몬팜마진!$R$7:$R$32) -> 13718.833 | Y59: =AI59*P59 -> 28226.069 | Z59: =AA59*1.1 -> 23540 | AA59: 21400 | AC59: =(1210+1100)*Q59 -> 0 | AD59: 0.108 | AE59: =3550*(P59) -> 7100 | AF59: =AD59+(AE59/V59) -> 0.19719598 | AG59: =IFERROR(V59*AF59+3%,0) -> 15696.83 | AH59: =V59/1.1*10%-((AI59*P59)+AG59+(AN59*P59)+(AL59*P59))*10% -> 2831.1569 | AI59: =SUMIF(헤몬팜마진!$B$7:$B$32,$C59,헤몬팜마진!$V$7:$V$32) -> 14113.035 | AJ59: =V59-(Y59+AG59+AH59+(AN59*P59)) -> 32845.944 | AK59: =AJ59-Z59-AB59 -> 9305.9439 | AL59: =SUMIF(헤몬팜마진!$B$7:$B$32,$C59,헤몬팜마진!$T$7:$T$32) -> 64.584 | AM59: =SUMIF(헤몬팜마진!$B$7:$B$32,$C59,헤몬팜마진!$U$7:$U$32) -> 329.6176 | AO59: 12668 | AP59: 56
D60: =AK60/V60 -> #REF! | E60: =AJ60/V60 -> #REF! | F60: =(Z60+AB60)/V60 -> 0.18781394 | O60: =SUM(O43:O59) -> 322 | P60: =SUM(P43:P59) -> 317 | Q60: =SUM(Q43:Q59) -> 28 | R60: =SUM(R43:R59) -> 122 | S60: =SUM(S43:S59) -> 5 | T60: =SUM(T43:T59) -> 7451090 | U60: =SUM(U43:U59) -> 80600 | V60: =SUM(V43:V59) -> 7370490 | X60: =SUM(X43:X59) -> 153584.55 | Y60: =SUM(Y43:Y59) -> #REF! | Z60: =SUM(Z43:Z59) -> 1334943.5 | AA60: =SUM(AA43:AA59) -> 1213585 | AB60: =SUM(AB43:AB59) -> 49337.25 | AC60: =SUM(AC43:AC59) -> 62886 | AD60: 0.09 | AE60: =SUM(AE43:AE59) -> 841850 | AF60: =AD60+(AE60/V60) -> 0.204219 | AG60: =SUM(AG43:AG59) -> 1525110.5 | AH60: =SUM(AH43:AH59) -> #REF! | AI60: =SUM(AI43:AI59) -> #REF! | AJ60: =V60-(Y60+AG60+AH60+(AN60*P60)) -> #REF! | AK60: =AJ60-Z60-AB60 -> #REF! | AO60: =SUM(AO43:AO44) -> 606920 | AP60: =SUM(AP43:AP44) -> 1530
C62: 45932 | D62: 이윤율 | E62: 마진율 | F62: 광고비율 | G62: 전환율 | H62: 발주남은수량 | I62: 창고안전 | J62: 쿠팡안전 | K62: 창고재고 | L62: 쿠팡재고 | M62: 미포장분 | N62: 목표판매량 | O62: 판매수 | P62: 순판매개수 | Q62: 취소개수 | R62: 광고전환 | S62: 가구매 | T62: 매출 | U62: 가구매금액 | V62: 순매출 | W62: 판매가 | X62: 입고가 | Y62: 입고판매가 | Z62: 광고비1.1 | AA62: 광고비 | AB62: 가구매비용 | AC62: 반품회수비 | AD62: 수수료 | AE62: 택배비 | AF62: 판매수수료 | AG62: 수수료 | AH62: 부가세 | AI62: 도매가 | AJ62: 판매마진 | AK62: 순이익 | AL62: 1개당 한국 운임 물류비(KRW) | AM62: 1개당 물류비 (KRW) | AN62: 부자재값 | AO62: 노출수 | AP62: 클릭수
A63: ACC-SHA-BRD-001-BK | C63: 쉐이버 | D63: =AK63/V63 -> 0.17033225 | E63: =AJ63/V63 -> 0.4227075 | F63: =(Z63+AB63)/V63 -> 0.25237524 | G63: =R63/AP63 -> 0.059876543 | H63: 7410 | I63: =N63*7 -> 1400 | J63: =N63*14 -> 2800 | K63: 76 | L63: =1906+1320 -> 3226 | N63: 200 | O63: 130 | P63: =O63-S63 -> 130 | Q63: 9 | R63: 97 | T63: =W63*O63 -> 3627000 | U63: =W63*S63 -> 0 | V63: =T63-U63 -> 3627000 | W63: 27900 | X63: =SUMIF(헤몬팜마진!$B$7:$B$32,$C63,헤몬팜마진!$R$7:$R$32) -> 8850.86 | Y63: =AI63*P63 -> 1201858 | Z63: =AA63*1.1 -> 915365 | AA63: 832150 | AC63: =(1072+1100)*Q63 -> 19548 | AD63: 0.1 | AE63: =3050*(P63) -> 396500 | AF63: =AD63+(AE63/V63) -> 0.209319 | AG63: =IFERROR(V63*AF63+3%,0) -> 759200.03 | AH63: =V63/1.1*10%-((AI63*P63)+AG63+(AN63*P63)+(AL63*P63))*10% -> 132781.88 | AI63: =SUMIF(헤몬팜마진!$B$7:$B$32,$C63,헤몬팜마진!$V$7:$V$32) -> 9245.0616 | AJ63: =V63-(Y63+AG63+AH63+(AN63*P63)) -> 1533160.1 | AK63: =AJ63-Z63-AB63 -> 617795.09 | AL63: =SUMIF(헤몬팜마진!$B$7:$B$32,$C63,헤몬팜마진!$T$7:$T$32) -> 64.584 | AM63: =SUMIF(헤몬팜마진!$B$7:$B$32,$C63,헤몬팜마진!$U$7:$U$32) -> 329.6176 | AO63: 563915 | AP63: 1620
A64: ACC-SHA-BRD-004-BK | C64: 일자면도기 | D64: =AK64/V64 -> 0.11440094 | E64: =AJ64/V64 -> 0.40985028 | F64: =(Z64+AB64)/V64 -> 0.29544934 | G64: =R64/AP64 -> 0 | H64: 1460 | I64: =N64*7 -> 140 | J64: =N64*14 -> 280 | K64: 325 | L64: 0 | N64: 20 | O64: 1 | P64: =O64-S64 -> 1 | T64: =W64*O64 -> 22700 | U64: =W64*S64 -> 0 | V64: =T64-U64 -> 22700 | W64: 22700 | X64: =SUMIF(헤몬팜마진!$B$7:$B$32,$C64,헤몬팜마진!$R$7:$R$32) -> 7080.688 | Y64: =AI64*P64 -> 7377.328 | Z64: =AA64*1.1 -> 6706.7 | AA64: 6097 | AC64: =(1072+1100)*Q64 -> 0 | AD64: 0.1 | AE64: =2950*(P64) -> 2950 | AF64: =AD64+(AE64/V64) -> 0.22995595 | AG64: =IFERROR(V64*AF64+3%,0) -> 5220.03 | AH64: =V64/1.1*10%-((AI64*P64)+AG64+(AN64*P64)+(AL64*P64))*10% -> 799.04056 | AI64: =SUMIF(헤몬팜마진!$B$7:$B$32,$C64,헤몬팜마진!$V$7:$V$32) -> 7377.328 | AJ64: =V64-(Y64+AG64+AH64+(AN64*P64)) -> 9303.6014 | AK64: =AJ64-Z64-AB64 -> 2596.9014 | AL64: =SUMIF(헤몬팜마진!$B$7:$B$32,$C64,헤몬팜마진!$T$7:$T$32) -> 48.6 | AM64: =SUMIF(헤몬팜마진!$B$7:$B$32,$C64,헤몬팜마진!$U$7:$U$32) -> 248.04 | AO64: 25041 | AP64: 9
A65: ACC-TOL-DRI-012-BL | C65: 프라임 1개 | D65: =AK65/V65 -> #REF! | E65: =AJ65/V65 -> #REF! | F65: =(Z65+AB65)/V65 -> 0.11744541 | G65: =R65/AP65 -> 0 | H65: 0 | I65: =N65*7 -> 105 | J65: =N65*14 -> 210 | K65: 430 | L65: =40+3+3 -> 46 | N65: 15 | O65: 1 | P65: =O65-S65 -> 1 | T65: =W65*O65 -> 45800 | U65: =W65*S65 -> 0 | V65: =T65-U65 -> 45800 | W65: 45800 | X65: =SUMIF(헤몬팜마진!$B$7:$B$32,$C65,헤몬팜마진!$R$7:$R$32) -> 9990.4082 | Y65: =AI65*P65 -> #REF! | Z65: =AA65*1.1 -> 5379 | AA65: 4890 | AC65: =(1210+1100)*Q65 -> 0 | AD65: 0.11 | AE65: =4150*(P65) -> 4150 | AF65: =AD65+(AE65/V65) -> 0.20061135 | AG65: =IFERROR(V65*AF65+3%,0) -> 9188.03 | AH65: =V65/1.1*10%-((AI65*P65)+AG65+(AN65*P65)+(AL65*P65))*10% -> #REF! | AI65: =SUMIF(헤몬팜마진!$B$7:$B$32,$C65,헤몬팜마진!$V$7:$V$32) -> #REF! | AJ65: =V65-(Y65+AG65+AH65+(AN65*P65)) -> #REF! | AK65: =AJ65-Z65-AB65 -> #REF! | AL65: =SUMIF(헤몬팜마진!$B$7:$B$32,$C65,헤몬팜마진!$T$7:$T$32) -> 162 | AM65: =SUMIF(헤몬팜마진!$B$7:$B$32,$C65,헤몬팜마진!$U$7:$U$32) -> 826.8 | AO65: 14186 | AP65: 17
C66: 프라임 2개 | D66: =AK66/V66 -> #REF! | E66: =AJ66/V66 -> #REF! | F66: =(Z66+AB66)/V66 -> 0.23837799 | G66: =R66/AP66 -> 0.0456621 | H66: 0 | I66: =N66*7 -> 105 | J66: =N66*14 -> 210 | L66: =13+2 -> 15 | N66: 15 | O66: 10 | P66: =O66-S66 -> 10 | Q66: 2 | R66: 10 | T66: =W66*O66 -> 468000 | U66: =W66*S66 -> 0 | V66: =T66-U66 -> 468000 | W66: 46800 | X66: =SUMIF(헤몬팜마진!$B$7:$B$32,$C66,헤몬팜마진!$R$7:$R$32) -> 9990.4082 | Y66: =AI66*P66 -> #REF! | Z66: =AA66*1.1 -> 111560.9 | AA66: 101419 | AC66: =(1210+1100)*Q66 -> 4620 | AD66: 0.11 | AE66: =4150*(P66) -> 41500 | AF66: =AD66+(AE66/V66) -> 0.19867521 | AG66: =IFERROR(V66*AF66+3%,0) -> 92980.03 | AH66: =V66/1.1*10%-((AI66*P66)+AG66+(AN66*P66)+(AL66*P66))*10% -> #REF! | AI66: =SUMIF(헤몬팜마진!$B$7:$B$32,$C66,헤몬팜마진!$V$7:$V$32) -> #REF! | AJ66: =V66-(Y66+AG66+AH66+(AN66*P66)) -> #REF! | AK66: =AJ66-Z66-AB66 -> #REF! | AL66: =SUMIF(헤몬팜마진!$B$7:$B$32,$C66,헤몬팜마진!$T$7:$T$32) -> 162 | AM66: =SUMIF(헤몬팜마진!$B$7:$B$32,$C66,헤몬팜마진!$U$7:$U$32) -> 826.8 | AO66: 131553 | AP66: 219
A67: ACC-TOL-MOW-001-BL | C67: 다밴다 1개 | D67: =AK67/V67 -> #REF! | E67: =AJ67/V67 -> #REF! | F67: =(Z67+AB67)/V67 -> 0.088257525 | G67: =R67/AP67 -> 0.1 | H67: 3504 | I67: =N67*7 -> 210 | J67: =N67*14 -> 420 | K67: 626 | L67: =30+13+6 -> 49 | N67: 30 | O67: 2 | P67: =O67-S67 -> 2 | Q67: 1 | R67: 1 | T67: =W67*O67 -> 119600 | U67: =W67*S67 -> 0 | V67: =T67-U67 -> 119600 | W67: 59800 | X67: =SUMIF(헤몬팜마진!$B$7:$B$32,$C67,헤몬팜마진!$R$7:$R$32) -> 13276.29 | Y67: =AI67*P67 -> #REF! | Z67: =AA67*1.1 -> 10555.6 | AA67: 9596 | AC67: =(1210+1100)*Q67 -> 2310 | AD67: 0.108 | AE67: =4825*(P67) -> 9650 | AF67: =AD67+(AE67/V67) -> 0.18868562 | AG67: =IFERROR(V67*AF67+3%,0) -> 22566.83 | AH67: =V67/1.1*10%-((AI67*P67)+AG67+(AN67*P67)+(AL67*P67))*10% -> #REF! | AI67: =SUMIF(헤몬팜마진!$B$7:$B$32,$C67,헤몬팜마진!$V$7:$V$32) -> #REF! | AJ67: =V67-(Y67+AG67+AH67+(AN67*P67)) -> #REF! | AK67: =AJ67-Z67-AB67 -> #REF! | AL67: =SUMIF(헤몬팜마진!$B$7:$B$32,$C67,헤몬팜마진!$T$7:$T$32) -> 371.52 | AM67: =SUMIF(헤몬팜마진!$B$7:$B$32,$C67,헤몬팜마진!$U$7:$U$32) -> 1896.128 | AO67: 8021 | AP67: 10
A68: ACC-TOL-MOW-001-BL | C68: 다벤다 2개 | D68: =AK68/V68 -> #REF! | E68: =AJ68/V68 -> #REF! | F68: =(Z68+AB68)/V68 -> 0.56294999 | G68: =R68/AP68 -> 0.023255814 | H68: 0 | I68: =N68*7 -> 210 | J68: =N68*14 -> 420 | L68: =4+11+18+38+129 -> 200 | N68: 30 | O68: 2 | P68: =O68-S68 -> 2 | Q68: 1 | R68: 3 | T68: =W68*O68 -> 139560 | U68: =W68*S68 -> 0 | V68: =T68-U68 -> 139560 | W68: 69780 | X68: =SUMIF(헤몬팜마진!$B$7:$B$32,$C68,헤몬팜마진!$R$7:$R$32) -> 13276.29 | Y68: =AI68*P68 -> #REF! | Z68: =AA68*1.1 -> 78565.3 | AA68: 71423 | AC68: =(1210+1100)*Q68 -> 2310 | AD68: 0.108 | AE68: =4825*(P68) -> 9650 | AF68: =AD68+(AE68/V68) -> 0.17714589 | AG68: =IFERROR(V68*AF68+3%,0) -> 24722.51 | AH68: =V68/1.1*10%-((AI68*P68)+AG68+(AN68*P68)+(AL68*P68))*10% -> #REF! | AI68: =SUMIF(헤몬팜마진!$B$7:$B$32,$C68,헤몬팜마진!$V$7:$V$32) -> #REF! | AJ68: =V68-(Y68+AG68+AH68+(AN68*P68)) -> #REF! | AK68: =AJ68-Z68-AB68 -> #REF! | AL68: =SUMIF(헤몬팜마진!$B$7:$B$32,$C68,헤몬팜마진!$T$7:$T$32) -> 371.52 | AM68: =SUMIF(헤몬팜마진!$B$7:$B$32,$C68,헤몬팜마진!$U$7:$U$32) -> 1896.128 | AO68: 61506 | AP68: 129
A69: ACC-CHA-CAR-002-BK | C69: 시거잭 | D69: =AK69/V69 -> -0.88343167 | E69: =AJ69/V69 -> 0.39080841 | F69: =(Z69+AB69)/V69 -> 1.2742401 | G69: =R69/AP69 -> 0.027777778 | H69: 500 | I69: =N69*7 -> 105 | J69: =N69*14 -> 210 | K69: 577 | L69: 211 | N69: 15 | O69: 10 | P69: =O69-S69 -> 5 | R69: 4 | S69: 5 | T69: =W69*O69 -> 161200 | U69: =W69*S69 -> 80600 | V69: =T69-U69 -> 80600 | W69: 16120 | X69: =SUMIF(헤몬팜마진!$B$7:$B$32,$C69,헤몬팜마진!$R$7:$R$32) -> 5089.2445 | Y69: =AI69*P69 -> 25631.622 | Z69: =AA69*1.1 -> 53366.5 | AA69: 48515 | AB69: =((17890*0.015)+(17890*0.19)+2100+2200+1900)*5 -> 49337.25 | AC69: =(1210+1100)*Q69 -> 0 | AD69: 0.078 | AE69: =2900*(P69) -> 14500 | AF69: =AD69+(AE69/V69) -> 0.25790074 | AG69: =IFERROR(V69*AF69+3%,0) -> 20786.83 | AH69: =V69/1.1*10%-((AI69*P69)+AG69+(AN69*P69)+(AL69*P69))*10% -> 2682.39 | AI69: =SUMIF(헤몬팜마진!$B$7:$B$32,$C69,헤몬팜마진!$V$7:$V$32) -> 5126.3245 | AJ69: =V69-(Y69+AG69+AH69+(AN69*P69)) -> 31499.158 | AK69: =AJ69-Z69-AB69 -> -71204.592 | AL69: =SUMIF(헤몬팜마진!$B$7:$B$32,$C69,헤몬팜마진!$T$7:$T$32) -> 6.075 | AM69: =SUMIF(헤몬팜마진!$B$7:$B$32,$C69,헤몬팜마진!$U$7:$U$32) -> 31.005 | AO69: 48846 | AP69: 144
A70: ACC-TOL-WAS-002-BK | C70: 뉴 고압세척기 배터리 1개 | D70: =AK70/V70 -> #REF! | E70: =AJ70/V70 -> #REF! | F70: =(Z70+AB70)/V70 -> 0.14402261 | G70: =R70/AP70 -> 0.02247191 | H70: 0 | I70: =N70*7 -> 140 | J70: =N70*14 -> 280 | K70: 343 | L70: =97+42+48+31+19+10 -> 247 | N70: 20 | O70: 5 | P70: =O70-S70 -> 5 | R70: 2 | T70: =W70*O70 -> 199000 | U70: =W70*S70 -> 0 | V70: =T70-U70 -> 199000 | W70: 39800 | X70: =SUMIF(헤몬팜마진!$B$7:$B$32,$C70,헤몬팜마진!$R$7:$R$32) -> 7855.1382 | Y70: =AI70*P70 -> #REF! | Z70: =AA70*1.1 -> 28660.5 | AA70: 26055 | AC70: =(1210+1100)*Q70 -> 0 | AD70: 0.08 | AE70: =4150*(P70) -> 20750 | AF70: =AD70+(AE70/V70) -> 0.18427136 | AG70: =IFERROR(V70*AF70+3%,0) -> 36670.03 | AH70: =V70/1.1*10%-((AI70*P70)+AG70+(AN70*P70)+(AL70*P70))*10% -> #REF! | AI70: =SUMIF(헤몬팜마진!$B$7:$B$32,$C70,헤몬팜마진!$V$7:$V$32) -> #REF! | AJ70: =V70-(Y70+AG70+AH70+(AN70*P70)) -> #REF! | AK70: =AJ70-Z70-AB70 -> #REF! | AL70: =SUMIF(헤몬팜마진!$B$7:$B$32,$C70,헤몬팜마진!$T$7:$T$32) -> 176.418 | AM70: =SUMIF(헤몬팜마진!$B$7:$B$32,$C70,헤몬팜마진!$U$7:$U$32) -> 900.3852 | AO70: 39530 | AP70: 89
C71: 뉴 고압세척기 | D71: =AK71/V71 -> #REF! | E71: =AJ71/V71 -> #REF! | F71: =(Z71+AB71)/V71 -> 0.10715385 | G71: =R71/AP71 -> 0.028571429 | I71: =N71*7 -> 105 | J71: =N71*14 -> 210 | L71: =74+42+48+18+8+2 -> 192 | N71: 15 | O71: 2 | P71: =O71-S71 -> 2 | R71: 1 | T71: =W71*O71 -> 85800 | U71: =W71*S71 -> 0 | V71: =T71-U71 -> 85800 | W71: 42900 | X71: =SUMIF(헤몬팜마진!$B$7:$B$32,$C71,헤몬팜마진!$R$7:$R$32) -> 7855.1382 | Y71: =AI71*P71 -> #REF! | Z71: =AA71*1.1 -> 9193.8 | AA71: 8358 | AC71: =(1210+1100)*Q71 -> 0 | AD71: 0.078 | AE71: =1900*(P71) -> 3800 | AF71: =AD71+(AE71/V71) -> 0.12228904 | AG71: =IFERROR(V71*AF71+3%,0) -> 10492.43 | AH71: =V71/1.1*10%-((AI71*P71)+AG71+(AN71*P71)+(AL71*P71))*10% -> #REF! | AI71: =SUMIF(헤몬팜마진!$B$7:$B$32,$C71,헤몬팜마진!$V$7:$V$32) -> #REF! | AJ71: =V71-(Y71+AG71+AH71+(AN71*P71)) -> #REF! | AK71: =AJ71-Z71-AB71 -> #REF! | AL71: =SUMIF(헤몬팜마진!$B$7:$B$32,$C71,헤몬팜마진!$T$7:$T$32) -> 176.418 | AM71: =SUMIF(헤몬팜마진!$B$7:$B$32,$C71,헤몬팜마진!$U$7:$U$32) -> 900.3852 | AO71: 11680 | AP71: 35
A72: ACC-MOS-RAC-004 | C72: 모기지옥 | D72: =AK72/V72 -> 0.33134662 | E72: =AJ72/V72 -> 0.36298881 | F72: =(Z72+AB72)/V72 -> 0.031642188 | G72: =R72/AP72 -> 0.043478261 | H72: 1750 | I72: =N72*7 -> 350 | J72: =N72*14 -> 700 | K72: 1449 | L72: 1217 | N72: 50 | O72: 10 | P72: =O72-S72 -> 10 | Q72: 4 | R72: 1 | T72: =W72*O72 -> 192000 | U72: =W72*S72 -> 0 | V72: =T72-U72 -> 192000 | W72: 19200 | X72: =SUMIF(헤몬팜마진!$B$7:$B$32,$C72,헤몬팜마진!$R$7:$R$32) -> 6372.6192 | Y72: =AI72*P72 -> 67714.352 | Z72: =AA72*1.1 -> 6075.3 | AA72: 5523 | AC72: =(1210+1100)*Q72 -> 9240 | AD72: 0.08 | AE72: =3350*(P72) -> 33500 | AF72: =AD72+(AE72/V72) -> 0.25447917 | AG72: =IFERROR(V72*AF72+3%,0) -> 48860.03 | AH72: =V72/1.1*10%-((AI72*P72)+AG72+(AN72*P72)+(AL72*P72))*10% -> 5731.7673 | AI72: =SUMIF(헤몬팜마진!$B$7:$B$32,$C72,헤몬팜마진!$V$7:$V$32) -> 6771.4352 | AJ72: =V72-(Y72+AG72+AH72+(AN72*P72)) -> 69693.851 | AK72: =AJ72-Z72-AB72 -> 63618.551 | AL72: =SUMIF(헤몬팜마진!$B$7:$B$32,$C72,헤몬팜마진!$T$7:$T$32) -> 65.34 | AM72: =SUMIF(헤몬팜마진!$B$7:$B$32,$C72,헤몬팜마진!$U$7:$U$32) -> 333.476 | AO72: 7869 | AP72: 23
A73: ACC-TOL-SAW-008-BL | C73: 컷소 배터리 1개 | D73: =AK73/V73 -> #REF! | E73: =AJ73/V73 -> #REF! | F73: =(Z73+AB73)/V73 -> 0.15866697 | G73: =R73/AP73 -> 0.035714286 | H73: 0 | I73: =N73*7 -> 70 | J73: =N73*14 -> 140 | K73: 494 | L73: 0 | N73: 10 | O73: 2 | P73: =O73-S73 -> 2 | R73: 2 | T73: =W73*O73 -> 109600 | U73: =W73*S73 -> 0 | V73: =T73-U73 -> 109600 | W73: 54800 | X73: =SUMIF(헤몬팜마진!$B$7:$B$32,$C73,헤몬팜마진!$R$7:$R$32) -> 12169.932 | Y73: =AI73*P73 -> #REF! | Z73: =AA73*1.1 -> 17389.9 | AA73: 15809 | AC73: =(1210+1100)*Q73 -> 0 | AD73: 0.078 | AE73: =4825*(P73) -> 9650 | AF73: =AD73+(AE73/V73) -> 0.16604745 | AG73: =IFERROR(V73*AF73+3%,0) -> 18198.83 | AH73: =V73/1.1*10%-((AI73*P73)+AG73+(AN73*P73)+(AL73*P73))*10% -> #REF! | AI73: =SUMIF(헤몬팜마진!$B$7:$B$32,$C73,헤몬팜마진!$V$7:$V$32) -> #REF! | AJ73: =V73-(Y73+AG73+AH73+(AN73*P73)) -> #REF! | AK73: =AJ73-Z73-AB73 -> #REF! | AL73: =SUMIF(헤몬팜마진!$B$7:$B$32,$C73,헤몬팜마진!$T$7:$T$32) -> 181.44 | AM73: =SUMIF(헤몬팜마진!$B$7:$B$32,$C73,헤몬팜마진!$U$7:$U$32) -> 926.016 | AO73: 20476 | AP73: 56
C74: 컷소 배터리 2개 | D74: =AK74/V74 -> #REF! | E74: =AJ74/V74 -> #REF! | F74: =(Z74+AB74)/V74 -> 0.1142601 | G74: =R74/AP74 -> 0.048192771 | H74: 0 | I74: =N74*7 -> 70 | J74: =N74*14 -> 140 | L74: 1 | N74: 10 | O74: 6 | P74: =O74-S74 -> 6 | R74: 4 | T74: =W74*O74 -> 369240 | U74: =W74*S74 -> 0 | V74: =T74-U74 -> 369240 | W74: 61540 | X74: =SUMIF(헤몬팜마진!$B$7:$B$32,$C74,헤몬팜마진!$R$7:$R$32) -> 12169.932 | Y74: =AI74*P74 -> #REF! | Z74: =AA74*1.1 -> 42189.4 | AA74: 38354 | AC74: =(1210+1100)*Q74 -> 0 | AD74: 0.078 | AE74: =4825*(P74) -> 28950 | AF74: =AD74+(AE74/V74) -> 0.15640429 | AG74: =IFERROR(V74*AF74+3%,0) -> 57750.75 | AH74: =V74/1.1*10%-((AI74*P74)+AG74+(AN74*P74)+(AL74*P74))*10% -> #REF! | AI74: =SUMIF(헤몬팜마진!$B$7:$B$32,$C74,헤몬팜마진!$V$7:$V$32) -> #REF! | AJ74: =V74-(Y74+AG74+AH74+(AN74*P74)) -> #REF! | AK74: =AJ74-Z74-AB74 -> #REF! | AL74: =SUMIF(헤몬팜마진!$B$7:$B$32,$C74,헤몬팜마진!$T$7:$T$32) -> 181.44 | AM74: =SUMIF(헤몬팜마진!$B$7:$B$32,$C74,헤몬팜마진!$U$7:$U$32) -> 926.016 | AO74: 32026 | AP74: 83
A75: ACC-BLE-POR-001 | C75: 믹서기 | D75: =AK75/V75 -> 0.36002799 | E75: =AJ75/V75 -> 0.49826628 | F75: =(Z75+AB75)/V75 -> 0.13823829 | G75: =R75/AP75 -> 0.027624309 | H75: 2000 | I75: =N75*7 -> 700 | J75: =N75*14 -> 1400 | K75: 2373 | L75: 3 | N75: 100 | O75: 25 | P75: =O75-S75 -> 25 | Q75: 3 | R75: 10 | T75: =W75*O75 -> 444000 | U75: =W75*S75 -> 0 | V75: =T75-U75 -> 444000 | W75: 17760 | X75: =SUMIF(헤몬팜마진!$B$7:$B$32,$C75,헤몬팜마진!$R$7:$R$32) -> 3982.887 | Y75: =AI75*P75 -> 120930.25 | Z75: =AA75*1.1 -> 61377.8 | AA75: =34268+21530 -> 55798 | AC75: =(1210+1100)*Q75 -> 6930 | AD75: 0.078 | AE75: =1900*(P75) -> 47500 | AF75: =AD75+(AE75/V75) -> 0.18498198 | AG75: =IFERROR(V75*AF75+3%,0) -> 82132.03 | AH75: =V75/1.1*10%-((AI75*P75)+AG75+(AN75*P75)+(AL75*P75))*10% -> 19707.488 | AI75: =SUMIF(헤몬팜마진!$B$7:$B$32,$C75,헤몬팜마진!$V$7:$V$32) -> 4837.2102 | AJ75: =V75-(Y75+AG75+AH75+(AN75*P75)) -> 221230.23 | AK75: =AJ75-Z75-AB75 -> 159852.43 | AL75: =SUMIF(헤몬팜마진!$B$7:$B$32,$C75,헤몬팜마진!$T$7:$T$32) -> 139.968 | AM75: =SUMIF(헤몬팜마진!$B$7:$B$32,$C75,헤몬팜마진!$U$7:$U$32) -> 714.3552 | AO75: 69505 | AP75: 362
A76: ACC-CAR-PUM-001-BK | C76: 공기압 주입기 | D76: =AK76/V76 -> 0.21594674 | E76: =AJ76/V76 -> 0.4388919 | F76: =(Z76+AB76)/V76 -> 0.22294516 | G76: =R76/AP76 -> 0.053191489 | H76: 0 | I76: =N76*7 -> 350 | J76: =N76*14 -> 700 | K76: 87 | L76: 0 | N76: 50 | O76: 5 | P76: =O76-S76 -> 5 | Q76: 1 | R76: 5 | T76: =W76*O76 -> 124000 | U76: =W76*S76 -> 0 | V76: =T76-U76 -> 124000 | W76: 24800 | X76: =SUMIF(헤몬팜마진!$B$7:$B$32,$C76,헤몬팜마진!$R$7:$R$32) -> 8408.317 | Y76: =AI76*P76 -> 42898.545 | Z76: =AA76*1.1 -> 27645.2 | AA76: 25132 | AC76: =(1210+1100)*Q76 -> 2310 | AD76: 0.1 | AE76: =1900*(P76) -> 9500 | AF76: =AD76+(AE76/V76) -> 0.1766129 | AG76: =IFERROR(V76*AF76+3%,0) -> 21900.03 | AH76: =V76/1.1*10%-((AI76*P76)+AG76+(AN76*P76)+(AL76*P76))*10% -> 4778.8298 | AI76: =SUMIF(헤몬팜마진!$B$7:$B$32,$C76,헤몬팜마진!$V$7:$V$32) -> 8579.709 | AJ76: =V76-(Y76+AG76+AH76+(AN76*P76)) -> 54422.595 | AK76: =AJ76-Z76-AB76 -> 26777.395 | AL76: =SUMIF(헤몬팜마진!$B$7:$B$32,$C76,헤몬팜마진!$T$7:$T$32) -> 28.08 | AM76: =SUMIF(헤몬팜마진!$B$7:$B$32,$C76,헤몬팜마진!$U$7:$U$32) -> 143.312 | AO76: 73576 | AP76: 94
B77: 오픈이어 (신제품) | C77: 골전도이어폰 | D77: =AK77/V77 -> -0.13095502 | E77: =AJ77/V77 -> 0.4028195 | F77: =(Z77+AB77)/V77 -> 0.53377452 | G77: =R77/AP77 -> 0.044776119 | H77: 700 | I77: =N77*7 -> 210 | J77: =N77*14 -> 420 | K77: 954 | L77: 2 | N77: 30 | O77: 10 | P77: =O77-S77 -> 8 | Q77: 4 | R77: 9 | S77: 2 | T77: =W77*O77 -> 209000 | U77: =W77*S77 -> 41800 | V77: =T77-U77 -> 167200 | W77: 20900 | X77: =SUMIF(헤몬팜마진!$B$7:$B$32,$C77,헤몬팜마진!$R$7:$R$32) -> 6638.145 | Y77: =AI77*P77 -> 53484.859 | Z77: =AA77*1.1 -> 68278.1 | AA77: 62071 | AB77: =((20900*0.015)+(20900*0.19)+2100+2200+1900)*2 -> 20969 | AC77: =(1210+1100)*Q77 -> 9240 | AD77: 0.08 | AE77: =3400*(P77) -> 27200 | AF77: =AD77+(AE77/V77) -> 0.24267943 | AG77: =IFERROR(V77*AF77+3%,0) -> 40576.03 | AH77: =V77/1.1*10%-((AI77*P77)+AG77+(AN77*P77)+(AL77*P77))*10% -> 5787.6903 | AI77: =SUMIF(헤몬팜마진!$B$7:$B$32,$C77,헤몬팜마진!$V$7:$V$32) -> 6685.6074 | AJ77: =V77-(Y77+AG77+AH77+(AN77*P77)) -> 67351.421 | AK77: =AJ77-Z77-AB77 -> -21895.679 | AL77: =SUMIF(헤몬팜마진!$B$7:$B$32,$C77,헤몬팜마진!$T$7:$T$32) -> 7.776 | AM77: =SUMIF(헤몬팜마진!$B$7:$B$32,$C77,헤몬팜마진!$U$7:$U$32) -> 39.6864 | AO77: 168066 | AP77: 201
