Workbook

Sheet Sheet1
C1: 45945 | D1: 이윤율 | E1: 마진율 | F1: 광고비율 | G1: 전환율 | H1: 발주남은수량 | I1: 창고안전 | J1: 쿠팡안전 | K1: 창고재고 | L1: 쿠팡재고 | M1: 미포장분 | N1: 목표판매량 | O1: 판매수 | P1: 순판매개수 | Q1: 취소개수 | R1: 광고전환 | S1: 가구매 | T1: 매출 | U1: 가구매금액 | V1: 순매출 | W1: 판매가 | X1: 입고가 | Y1: 입고판매가 | Z1: 광고비1.1 | AA1: 광고비 | AB1: 가구매비용 | AC1: 반품회수비 | AD1: 수수료 | AE1: 택배비 | AF1: 판매수수료 | AG1: 수수료 | AH1: 부가세 | AI1: 도매가 | AJ1: 판매마진 | AK1: 순이익 | AL1: 1개당 한국 운임 물류비(KRW) | AM1: 1개당 물류비 (KRW) | AN1: 부자재값 | AO1: 노출수 | AP1: 클릭수
A2: ACC-SHA-BRD-001-BK | C2: 쉐이버 | D2: =AK2/V2 -> 0.20272171 | E2: =AJ2/V2 -> 0.42271098 | F2: =(Z2+AB2)/V2 -> 0.21998927 | G2: =R2/AP2 -> 0.070772555 | H2: 7410 | I2: =N2*7 -> 1400 | J2: =N2*14 -> 2800 | K2: 76 | L2: =1906+1320 -> 3226 | N2: 200 | O2: 169 | P2: =O2-S2 -> 169 | Q2: 16 | R2: 131 | T2: =W2*O2 -> 4715100 | U2: =W2*S2 -> 0 | V2: =T2-U2 -> 4715100 | W2: 27900 | X2: =SUMIF([1]헤몬팜마진!$B$7:$B$32,$C2,[1]헤몬팜마진!$R$7:$R$32) -> 8851 | Y2: =AI2*P2 -> 1562405 | Z2: =AA2*1.1 -> 1037271.4 | AA2: 942974 | AC2: =(1072+1100)*Q2 -> 34752 | AD2: 0.1 | AE2: =3050*(P2) -> 515450 | AF2: =AD2+(AE2/V2) -> 0.209319 | AG2: =IFERROR(V2*AF2+3%,0) -> 986960.03 | AH2: =V2/1.1*10%-((AI2*P2)+AG2+(AN2*P2)+(AL2*P2))*10% -> 172610.45 | AI2: =SUMIF([1]헤몬팜마진!$B$7:$B$32,$C2,[1]헤몬팜마진!$V$7:$V$32) -> 9245 | AJ2: =V2-(Y2+AG2+AH2+(AN2*P2)) -> 1993124.5 | AK2: =AJ2-Z2-AB2 -> 955853.12 | AL2: =SUMIF([1]헤몬팜마진!$B$7:$B$32,$C2,[1]헤몬팜마진!$T$7:$T$32) -> 65 | AM2: =SUMIF([1]헤몬팜마진!$B$7:$B$32,$C2,[1]헤몬팜마진!$U$7:$U$32) -> 330 | AO2: 364057 | AP2: 1851
A3: ACC-SHA-BRD-004-BK | C3: 일자면도기 | D3: =AK3/V3 -> #DIV/0! | E3: =AJ3/V3 -> #DIV/0! | F3: =(Z3+AB3)/V3 -> #DIV/0! | G3: =R3/AP3 -> 0 | H3: 1460 | I3: =N3*7 -> 140 | J3: =N3*14 -> 280 | K3: 325 | L3: 0 | N3: 20 | P3: =O3-S3 -> 0 | T3: =W3*O3 -> 0 | U3: =W3*S3 -> 0 | V3: =T3-U3 -> 0 | W3: 22700 | X3: =SUMIF([1]헤몬팜마진!$B$7:$B$32,$C3,[1]헤몬팜마진!$R$7:$R$32) -> 7081 | Y3: =AI3*P3 -> 0 | Z3: =AA3*1.1 -> 3245 | AA3: 2950 | AC3: =(1072+1100)*Q3 -> 0 | AD3: 0.1 | AE3: =2950*(P3) -> 0 | AF3: =AD3+(AE3/V3) -> #DIV/0! | AG3: =IFERROR(V3*AF3+3%,0) -> 0 | AH3: =V3/1.1*10%-((AI3*P3)+AG3+(AN3*P3)+(AL3*P3))*10% -> 0 | AI3: =SUMIF([1]헤몬팜마진!$B$7:$B$32,$C3,[1]헤몬팜마진!$V$7:$V$32) -> 7377 | AJ3: =V3-(Y3+AG3+AH3+(AN3*P3)) -> 0 | AK3: =AJ3-Z3-AB3 -> -3245 | AL3: =SUMIF([1]헤몬팜마진!$B$7:$B$32,$C3,[1]헤몬팜마진!$T$7:$T$32) -> 49 | AM3: =SUMIF([1]헤몬팜마진!$B$7:$B$32,$C3,[1]헤몬팜마진!$U$7:$U$32) -> 248 | AO3: 30840 | AP3: 9
A4: ACC-TOL-DRI-012-BL | C4: 프라임 1개 | D4: =AK4/V4 -> 0.30234253 | E4: =AJ4/V4 -> 0.38830905 | F4: =(Z4+AB4)/V4 -> 0.085966521 | G4: =R4/AP4 -> 0 | H4: 0 | I4: =N4*7 -> 105 | J4: =N4*14 -> 210 | K4: 430 | L4: =40+3+3 -> 46 | N4: 15 | O4: 3 | P4: =O4-S4 -> 3 | T4: =W4*O4 -> 137400 | U4: =W4*S4 -> 0 | V4: =T4-U4 -> 137400 | W4: 45800 | X4: =SUMIF([1]헤몬팜마진!$B$7:$B$32,$C4,[1]헤몬팜마진!$R$7:$R$32) -> 9990 | Y4: =AI4*P4 -> 51996 | Z4: =AA4*1.1 -> 11811.8 | AA4: 10738 | AC4: =(1210+1100)*Q4 -> 0 | AD4: 0.11 | AE4: =4150*(P4) -> 12450 | AF4: =AD4+(AE4/V4) -> 0.20061135 | AG4: =IFERROR(V4*AF4+3%,0) -> 27564.03 | AH4: =V4/1.1*10%-((AI4*P4)+AG4+(AN4*P4)+(AL4*P4))*10% -> 4486.3061 | AI4: =SUMIF([1]헤몬팜마진!$B$7:$B$32,$C4,[1]헤몬팜마진!$V$7:$V$32) -> 17332 | AJ4: =V4-(Y4+AG4+AH4+(AN4*P4)) -> 53353.664 | AK4: =AJ4-Z4-AB4 -> 41541.864 | AL4: =SUMIF([1]헤몬팜마진!$B$7:$B$32,$C4,[1]헤몬팜마진!$T$7:$T$32) -> 162 | AM4: =SUMIF([1]헤몬팜마진!$B$7:$B$32,$C4,[1]헤몬팜마진!$U$7:$U$32) -> 827 | AO4: 16111 | AP4: 85
C5: 프라임 2개 | D5: =AK5/V5 -> 0.080604313 | E5: =AJ5/V5 -> 0.31462931 | F5: =(Z5+AB5)/V5 -> 0.234025 | G5: =R5/AP5 -> 0.035294118 | H5: 0 | I5: =N5*7 -> 105 | J5: =N5*14 -> 210 | L5: =13+2 -> 15 | N5: 15 | O5: 10 | P5: =O5-S5 -> 10 | Q5: 1 | R5: 9 | T5: =W5*O5 -> 468000 | U5: =W5*S5 -> 0 | V5: =T5-U5 -> 468000 | W5: 46800 | X5: =SUMIF([1]헤몬팜마진!$B$7:$B$32,$C5,[1]헤몬팜마진!$R$7:$R$32) -> 9990 | Y5: =AI5*P5 -> 216320 | Z5: =AA5*1.1 -> 109523.7 | AA5: 99567 | AC5: =(1210+1100)*Q5 -> 2310 | AD5: 0.11 | AE5: =4150*(P5) -> 41500 | AF5: =AD5+(AE5/V5) -> 0.19867521 | AG5: =IFERROR(V5*AF5+3%,0) -> 92980.03 | AH5: =V5/1.1*10%-((AI5*P5)+AG5+(AN5*P5)+(AL5*P5))*10% -> 11453.452 | AI5: =SUMIF([1]헤몬팜마진!$B$7:$B$32,$C5,[1]헤몬팜마진!$V$7:$V$32) -> 21632 | AJ5: =V5-(Y5+AG5+AH5+(AN5*P5)) -> 147246.52 | AK5: =AJ5-Z5-AB5 -> 37722.818 | AL5: =SUMIF([1]헤몬팜마진!$B$7:$B$32,$C5,[1]헤몬팜마진!$T$7:$T$32) -> 162 | AM5: =SUMIF([1]헤몬팜마진!$B$7:$B$32,$C5,[1]헤몬팜마진!$U$7:$U$32) -> 827 | AO5: 93394 | AP5: 255
A6: ACC-TOL-MOW-001-BL | C6: 다밴다 1개 | D6: =AK6/V6 -> #DIV/0! | E6: =AJ6/V6 -> #DIV/0! | F6: =(Z6+AB6)/V6 -> #DIV/0! | G6: =R6/AP6 -> 0 | H6: 3504 | I6: =N6*7 -> 210 | J6: =N6*14 -> 420 | K6: 626 | L6: =30+13+6 -> 49 | N6: 30 | P6: =O6-S6 -> 0 | T6: =W6*O6 -> 0 | U6: =W6*S6 -> 0 | V6: =T6-U6 -> 0 | W6: 59800 | X6: =SUMIF([1]헤몬팜마진!$B$7:$B$32,$C6,[1]헤몬팜마진!$R$7:$R$32) -> 13276 | Y6: =AI6*P6 -> 0 | Z6: =AA6*1.1 -> 5242.6 | AA6: 4766 | AC6: =(1210+1100)*Q6 -> 0 | AD6: 0.108 | AE6: =4825*(P6) -> 0 | AF6: =AD6+(AE6/V6) -> #DIV/0! | AG6: =IFERROR(V6*AF6+3%,0) -> 0 | AH6: =V6/1.1*10%-((AI6*P6)+AG6+(AN6*P6)+(AL6*P6))*10% -> 0 | AI6: =SUMIF([1]헤몬팜마진!$B$7:$B$32,$C6,[1]헤몬팜마진!$V$7:$V$32) -> 21956 | AJ6: =V6-(Y6+AG6+AH6+(AN6*P6)) -> 0 | AK6: =AJ6-Z6-AB6 -> -5242.6 | AL6: =SUMIF([1]헤몬팜마진!$B$7:$B$32,$C6,[1]헤몬팜마진!$T$7:$T$32) -> 372 | AM6: =SUMIF([1]헤몬팜마진!$B$7:$B$32,$C6,[1]헤몬팜마진!$U$7:$U$32) -> 1896 | AO6: 14379 | AP6: 8
A7: ACC-TOL-MOW-001-BL | C7: 다벤다 2개 | D7: =AK7/V7 -> 0.41153824 | E7: =AJ7/V7 -> 0.41153824 | F7: =(Z7+AB7)/V7 -> 0 | G7: =R7/AP7 -> 0.057142857 | H7: 0 | I7: =N7*7 -> 210 | J7: =N7*14 -> 420 | L7: =4+11+18+38+129 -> 200 | N7: 30 | O7: 3 | P7: =O7-S7 -> 3 | R7: 2 | T7: =W7*O7 -> 209340 | U7: =W7*S7 -> 0 | V7: =T7-U7 -> 209340 | W7: 69780 | X7: =SUMIF([1]헤몬팜마진!$B$7:$B$32,$C7,[1]헤몬팜마진!$R$7:$R$32) -> 13276 | Y7: =AI7*P7 -> 78771 | Z7: =AA7*1.1 -> 0 | AC7: =(1210+1100)*Q7 -> 0 | AD7: 0.108 | AE7: =4825*(P7) -> 14475 | AF7: =AD7+(AE7/V7) -> 0.17714589 | AG7: =IFERROR(V7*AF7+3%,0) -> 37083.75 | AH7: =V7/1.1*10%-((AI7*P7)+AG7+(AN7*P7)+(AL7*P7))*10% -> 7333.8341 | AI7: =SUMIF([1]헤몬팜마진!$B$7:$B$32,$C7,[1]헤몬팜마진!$V$7:$V$32) -> 26257 | AJ7: =V7-(Y7+AG7+AH7+(AN7*P7)) -> 86151.416 | AK7: =AJ7-Z7-AB7 -> 86151.416 | AL7: =SUMIF([1]헤몬팜마진!$B$7:$B$32,$C7,[1]헤몬팜마진!$T$7:$T$32) -> 372 | AM7: =SUMIF([1]헤몬팜마진!$B$7:$B$32,$C7,[1]헤몬팜마진!$U$7:$U$32) -> 1896 | AO7: 24997 | AP7: 35
A8: ACC-CHA-CAR-002-BK | C8: 시거잭 | D8: =AK8/V8 -> -1.4659704 | E8: =AJ8/V8 -> 0.39082556 | F8: =(Z8+AB8)/V8 -> 1.8567959 | G8: =R8/AP8 -> 0.025210084 | H8: 500 | I8: =N8*7 -> 105 | J8: =N8*14 -> 210 | K8: 577 | L8: 211 | N8: 15 | O8: 2 | P8: =O8-S8 -> 2 | Q8: 2 | R8: 3 | T8: =W8*O8 -> 32240 | U8: =W8*S8 -> 0 | V8: =T8-U8 -> 32240 | W8: 16120 | X8: =SUMIF([1]헤몬팜마진!$B$7:$B$32,$C8,[1]헤몬팜마진!$R$7:$R$32) -> 5089 | Y8: =AI8*P8 -> 10252 | Z8: =AA8*1.1 -> 59863.1 | AA8: 54421 | AC8: =(1210+1100)*Q8 -> 4620 | AD8: 0.078 | AE8: =2900*(P8) -> 5800 | AF8: =AD8+(AE8/V8) -> 0.25790074 | AG8: =IFERROR(V8*AF8+3%,0) -> 8314.75 | AH8: =V8/1.1*10%-((AI8*P8)+AG8+(AN8*P8)+(AL8*P8))*10% -> 1073.0341 | AI8: =SUMIF([1]헤몬팜마진!$B$7:$B$32,$C8,[1]헤몬팜마진!$V$7:$V$32) -> 5126 | AJ8: =V8-(Y8+AG8+AH8+(AN8*P8)) -> 12600.216 | AK8: =AJ8-Z8-AB8 -> -47262.884 | AL8: =SUMIF([1]헤몬팜마진!$B$7:$B$32,$C8,[1]헤몬팜마진!$T$7:$T$32) -> 6 | AM8: =SUMIF([1]헤몬팜마진!$B$7:$B$32,$C8,[1]헤몬팜마진!$U$7:$U$32) -> 31 | AO8: 75052 | AP8: 119
A9: ACC-TOL-WAS-002-BK | C9: 뉴 고압세척기 배터리 1개 | D9: =AK9/V9 -> 0.12861701 | E9: =AJ9/V9 -> 0.40132699 | F9: =(Z9+AB9)/V9 -> 0.27270998 | G9: =R9/AP9 -> 0.024390244 | H9: 0 | I9: =N9*7 -> 140 | J9: =N9*14 -> 280 | K9: 343 | L9: =97+42+48+31+19+10 -> 247 | N9: 20 | O9: 7 | P9: =O9-S9 -> 7 | R9: 3 | T9: =W9*O9 -> 278600 | U9: =W9*S9 -> 0 | V9: =T9-U9 -> 278600 | W9: 39800 | X9: =SUMIF([1]헤몬팜마진!$B$7:$B$32,$C9,[1]헤몬팜마진!$R$7:$R$32) -> 7855 | Y9: =AI9*P9 -> 105980 | Z9: =AA9*1.1 -> 75977 | AA9: 69070 | AC9: =(1210+1100)*Q9 -> 0 | AD9: 0.08 | AE9: =4150*(P9) -> 29050 | AF9: =AD9+(AE9/V9) -> 0.18427136 | AG9: =IFERROR(V9*AF9+3%,0) -> 51338.03 | AH9: =V9/1.1*10%-((AI9*P9)+AG9+(AN9*P9)+(AL9*P9))*10% -> 9472.2697 | AI9: =SUMIF([1]헤몬팜마진!$B$7:$B$32,$C9,[1]헤몬팜마진!$V$7:$V$32) -> 15140 | AJ9: =V9-(Y9+AG9+AH9+(AN9*P9)) -> 111809.7 | AK9: =AJ9-Z9-AB9 -> 35832.7 | AL9: =SUMIF([1]헤몬팜마진!$B$7:$B$32,$C9,[1]헤몬팜마진!$T$7:$T$32) -> 176 | AM9: =SUMIF([1]헤몬팜마진!$B$7:$B$32,$C9,[1]헤몬팜마진!$U$7:$U$32) -> 900 | AO9: 52516 | AP9: 123
C10: 뉴 고압세척기 | D10: =AK10/V10 -> 0.053997821 | E10: =AJ10/V10 -> 0.39158756 | F10: =(Z10+AB10)/V10 -> 0.33758974 | G10: =R10/AP10 -> 0.01369863 | I10: =N10*7 -> 105 | J10: =N10*14 -> 210 | L10: =74+42+48+18+8+2 -> 192 | N10: 15 | O10: 2 | P10: =O10-S10 -> 2 | Q10: 1 | R10: 1 | T10: =W10*O10 -> 85800 | U10: =W10*S10 -> 0 | V10: =T10-U10 -> 85800 | W10: 42900 | X10: =SUMIF([1]헤몬팜마진!$B$7:$B$32,$C10,[1]헤몬팜마진!$R$7:$R$32) -> 7855 | Y10: =AI10*P10 -> 38882 | Z10: =AA10*1.1 -> 28965.2 | AA10: 26332 | AC10: =(1210+1100)*Q10 -> 2310 | AD10: 0.078 | AE10: =1900*(P10) -> 3800 | AF10: =AD10+(AE10/V10) -> 0.12228904 | AG10: =IFERROR(V10*AF10+3%,0) -> 10492.43 | AH10: =V10/1.1*10%-((AI10*P10)+AG10+(AN10*P10)+(AL10*P10))*10% -> 2827.357 | AI10: =SUMIF([1]헤몬팜마진!$B$7:$B$32,$C10,[1]헤몬팜마진!$V$7:$V$32) -> 19441 | AJ10: =V10-(Y10+AG10+AH10+(AN10*P10)) -> 33598.213 | AK10: =AJ10-Z10-AB10 -> 4633.013 | AL10: =SUMIF([1]헤몬팜마진!$B$7:$B$32,$C10,[1]헤몬팜마진!$T$7:$T$32) -> 176 | AM10: =SUMIF([1]헤몬팜마진!$B$7:$B$32,$C10,[1]헤몬팜마진!$U$7:$U$32) -> 900 | AO10: 23745 | AP10: 73
A11: ACC-MOS-RAC-004 | C11: 모기지옥 | D11: =AK11/V11 -> 0.060796464 | E11: =AJ11/V11 -> 0.36300751 | F11: =(Z11+AB11)/V11 -> 0.30221105 | G11: =R11/AP11 -> 0.1 | H11: 1750 | I11: =N11*7 -> 350 | J11: =N11*14 -> 700 | K11: 1449 | L11: 1217 | N11: 50 | O11: 23 | P11: =O11-S11 -> 23 | Q11: 3 | R11: 10 | T11: =W11*O11 -> 441600 | U11: =W11*S11 -> 0 | V11: =T11-U11 -> 441600 | W11: 19200 | X11: =SUMIF([1]헤몬팜마진!$B$7:$B$32,$C11,[1]헤몬팜마진!$R$7:$R$32) -> 6373 | Y11: =AI11*P11 -> 155733 | Z11: =AA11*1.1 -> 133456.4 | AA11: =100696+20628 -> 121324 | AC11: =(1210+1100)*Q11 -> 6930 | AD11: 0.08 | AE11: =3350*(P11) -> 77050 | AF11: =AD11+(AE11/V11) -> 0.25447917 | AG11: =IFERROR(V11*AF11+3%,0) -> 112378.03 | AH11: =V11/1.1*10%-((AI11*P11)+AG11+(AN11*P11)+(AL11*P11))*10% -> 13184.852 | AI11: =SUMIF([1]헤몬팜마진!$B$7:$B$32,$C11,[1]헤몬팜마진!$V$7:$V$32) -> 6771 | AJ11: =V11-(Y11+AG11+AH11+(AN11*P11)) -> 160304.12 | AK11: =AJ11-Z11-AB11 -> 26847.718 | AL11: =SUMIF([1]헤몬팜마진!$B$7:$B$32,$C11,[1]헤몬팜마진!$T$7:$T$32) -> 65 | AM11: =SUMIF([1]헤몬팜마진!$B$7:$B$32,$C11,[1]헤몬팜마진!$U$7:$U$32) -> 333 | AO11: 29984 | AP11: 100
A12: ACC-TOL-SAW-008-BL | C12: 컷소 배터리 1개 | D12: =AK12/V12 -> -0.11786437 | E12: =AJ12/V12 -> 0.41625975 | F12: =(Z12+AB12)/V12 -> 0.53412412 | G12: =R12/AP12 -> 0.016528926 | H12: 0 | I12: =N12*7 -> 70 | J12: =N12*14 -> 140 | K12: 494 | L12: 0 | N12: 10 | O12: 5 | P12: =O12-S12 -> 5 | R12: 2 | T12: =W12*O12 -> 248950 | U12: =W12*S12 -> 0 | V12: =T12-U12 -> 248950 | W12: 49790 | X12: =SUMIF([1]헤몬팜마진!$B$7:$B$32,$C12,[1]헤몬팜마진!$R$7:$R$32) -> 12170 | Y12: =AI12*P12 -> 92880 | Z12: =AA12*1.1 -> 132970.2 | AA12: 120882 | AC12: =(1210+1100)*Q12 -> 0 | AD12: 0.078 | AE12: =4825*(P12) -> 24125 | AF12: =AD12+(AE12/V12) -> 0.17490701 | AG12: =IFERROR(V12*AF12+3%,0) -> 43543.13 | AH12: =V12/1.1*10%-((AI12*P12)+AG12+(AN12*P12)+(AL12*P12))*10% -> 8899.0052 | AI12: =SUMIF([1]헤몬팜마진!$B$7:$B$32,$C12,[1]헤몬팜마진!$V$7:$V$32) -> 18576 | AJ12: =V12-(Y12+AG12+AH12+(AN12*P12)) -> 103627.86 | AK12: =AJ12-Z12-AB12 -> -29342.335 | AL12: =SUMIF([1]헤몬팜마진!$B$7:$B$32,$C12,[1]헤몬팜마진!$T$7:$T$32) -> 181 | AM12: =SUMIF([1]헤몬팜마진!$B$7:$B$32,$C12,[1]헤몬팜마진!$U$7:$U$32) -> 926 | AO12: 26984 | AP12: 121
C13: 컷소 배터리 2개 | D13: =AK13/V13 -> 0.18848194 | E13: =AJ13/V13 -> 0.40846927 | F13: =(Z13+AB13)/V13 -> 0.21998733 | G13: =R13/AP13 -> 0.026845638 | H13: 0 | I13: =N13*7 -> 70 | J13: =N13*14 -> 140 | L13: 1 | N13: 10 | O13: 6 | P13: =O13-S13 -> 6 | Q13: 1 | R13: 4 | T13: =W13*O13 -> 347280 | U13: =W13*S13 -> 0 | V13: =T13-U13 -> 347280 | W13: 57880 | X13: =SUMIF([1]헤몬팜마진!$B$7:$B$32,$C13,[1]헤몬팜마진!$R$7:$R$32) -> 12170 | Y13: =AI13*P13 -> 137256 | Z13: =AA13*1.1 -> 76397.2 | AA13: 69452 | AC13: =(1210+1100)*Q13 -> 2310 | AD13: 0.078 | AE13: =4825*(P13) -> 28950 | AF13: =AD13+(AE13/V13) -> 0.16136213 | AG13: =IFERROR(V13*AF13+3%,0) -> 56037.87 | AH13: =V13/1.1*10%-((AI13*P13)+AG13+(AN13*P13)+(AL13*P13))*10% -> 12132.922 | AI13: =SUMIF([1]헤몬팜마진!$B$7:$B$32,$C13,[1]헤몬팜마진!$V$7:$V$32) -> 22876 | AJ13: =V13-(Y13+AG13+AH13+(AN13*P13)) -> 141853.21 | AK13: =AJ13-Z13-AB13 -> 65456.008 | AL13: =SUMIF([1]헤몬팜마진!$B$7:$B$32,$C13,[1]헤몬팜마진!$T$7:$T$32) -> 181 | AM13: =SUMIF([1]헤몬팜마진!$B$7:$B$32,$C13,[1]헤몬팜마진!$U$7:$U$32) -> 926 | AO13: 27354 | AP13: 149
A14: ACC-BLE-POR-001 | C14: 믹서기 | D14: =AK14/V14 -> 0.3505979 | E14: =AJ14/V14 -> 0.4982771 | F14: =(Z14+AB14)/V14 -> 0.1476792 | G14: =R14/AP14 -> 0.052910053 | H14: 2000 | I14: =N14*7 -> 700 | J14: =N14*14 -> 1400 | K14: 2373 | L14: 3 | N14: 100 | O14: 23 | P14: =O14-S14 -> 23 | Q14: 5 | R14: 10 | T14: =W14*O14 -> 408480 | U14: =W14*S14 -> 0 | V14: =T14-U14 -> 408480 | W14: 17760 | X14: =SUMIF([1]헤몬팜마진!$B$7:$B$32,$C14,[1]헤몬팜마진!$R$7:$R$32) -> 3983 | Y14: =AI14*P14 -> 111251 | Z14: =AA14*1.1 -> 60324 | AA14: =30232+24608 -> 54840 | AC14: =(1210+1100)*Q14 -> 11550 | AD14: 0.078 | AE14: =1900*(P14) -> 43700 | AF14: =AD14+(AE14/V14) -> 0.18498198 | AG14: =IFERROR(V14*AF14+3%,0) -> 75561.47 | AH14: =V14/1.1*10%-((AI14*P14)+AG14+(AN14*P14)+(AL14*P14))*10% -> 18131.298 | AI14: =SUMIF([1]헤몬팜마진!$B$7:$B$32,$C14,[1]헤몬팜마진!$V$7:$V$32) -> 4837 | AJ14: =V14-(Y14+AG14+AH14+(AN14*P14)) -> 203536.23 | AK14: =AJ14-Z14-AB14 -> 143212.23 | AL14: =SUMIF([1]헤몬팜마진!$B$7:$B$32,$C14,[1]헤몬팜마진!$T$7:$T$32) -> 140 | AM14: =SUMIF([1]헤몬팜마진!$B$7:$B$32,$C14,[1]헤몬팜마진!$U$7:$U$32) -> 714 | AO14: 40480 | AP14: 189
A15: ACC-CAR-PUM-001-BK | C15: 공기압 주입기 | D15: =AK15/V15 -> 0.43888178 | E15: =AJ15/V15 -> 0.43888178 | F15: =(Z15+AB15)/V15 -> 0 | G15: =R15/AP15 -> 0 | H15: 0 | I15: =N15*7 -> 350 | J15: =N15*14 -> 700 | K15: 87 | L15: 0 | N15: 50 | O15: -2 | P15: =O15-S15 -> -2 | Q15: 2 | T15: =W15*O15 -> -49600 | U15: =W15*S15 -> 0 | V15: =T15-U15 -> -49600 | W15: 24800 | X15: =SUMIF([1]헤몬팜마진!$B$7:$B$32,$C15,[1]헤몬팜마진!$R$7:$R$32) -> 8408 | Y15: =AI15*P15 -> -17160 | Z15: =AA15*1.1 -> 0 | AC15: =(1210+1100)*Q15 -> 4620 | AD15: 0.1 | AE15: =1900*(P15) -> -3800 | AF15: =AD15+(AE15/V15) -> 0.1766129 | AG15: =IFERROR(V15*AF15+3%,0) -> -8759.97 | AH15: =V15/1.1*10%-((AI15*P15)+AG15+(AN15*P15)+(AL15*P15))*10% -> -1911.4939 | AI15: =SUMIF([1]헤몬팜마진!$B$7:$B$32,$C15,[1]헤몬팜마진!$V$7:$V$32) -> 8580 | AJ15: =V15-(Y15+AG15+AH15+(AN15*P15)) -> -21768.536 | AK15: =AJ15-Z15-AB15 -> -21768.536 | AL15: =SUMIF([1]헤몬팜마진!$B$7:$B$32,$C15,[1]헤몬팜마진!$T$7:$T$32) -> 28 | AM15: =SUMIF([1]헤몬팜마진!$B$7:$B$32,$C15,[1]헤몬팜마진!$U$7:$U$32) -> 143 | AO15: 75901 | AP15: 339
B16: 오픈이어 (신제품) | C16: 골전도이어폰 | D16: =AK16/V16 -> -0.13246597 | E16: =AJ16/V16 -> 0.37867671 | F16: =(Z16+AB16)/V16 -> 0.51114268 | G16: =R16/AP16 -> 0.058333333 | H16: 700 | I16: =N16*7 -> 210 | J16: =N16*14 -> 420 | K16: 954 | L16: 2 | N16: 30 | O16: 34 | P16: =O16-S16 -> 24 | Q16: 1 | R16: 21 | S16: 10 | T16: =W16*O16 -> 673200 | U16: =W16*S16 -> 198000 | V16: =T16-U16 -> 475200 | W16: 19800 | X16: =SUMIF([1]헤몬팜마진!$B$7:$B$32,$C16,[1]헤몬팜마진!$R$7:$R$32) -> 6638 | Y16: =AI16*P16 -> 160464 | Z16: =AA16*1.1 -> 138050 | AA16: 125500 | AB16: =((20900*0.015)+(20900*0.19)+2100+2200+1900)*10 -> 104845 | AC16: =(1210+1100)*Q16 -> 2310 | AD16: 0.08 | AE16: =3400*(P16) -> 81600 | AF16: =AD16+(AE16/V16) -> 0.25171717 | AG16: =IFERROR(V16*AF16+3%,0) -> 119616.03 | AH16: =V16/1.1*10%-((AI16*P16)+AG16+(AN16*P16)+(AL16*P16))*10% -> 15172.797 | AI16: =SUMIF([1]헤몬팜마진!$B$7:$B$32,$C16,[1]헤몬팜마진!$V$7:$V$32) -> 6686 | AJ16: =V16-(Y16+AG16+AH16+(AN16*P16)) -> 179947.17 | AK16: =AJ16-Z16-AB16 -> -62947.827 | AL16: =SUMIF([1]헤몬팜마진!$B$7:$B$32,$C16,[1]헤몬팜마진!$T$7:$T$32) -> 8 | AM16: =SUMIF([1]헤몬팜마진!$B$7:$B$32,$C16,[1]헤몬팜마진!$U$7:$U$32) -> 40 | AO16: 299288 | AP16: 360
A17: ACC-SHA-PET-002-WH | B17: 멀티클리퍼 (신제품) | C17: 강아지바리깡 | D17: =AK17/V17 -> 0.20957625 | E17: =AJ17/V17 -> 0.43443623 | F17: =(Z17+AB17)/V17 -> 0.22485998 | G17: =R17/AP17 -> 0.13402062 | H17: 2000 | I17: =N17*7 -> 280 | J17: =N17*14 -> 560 | K17: 1048 | L17: =311+240+1 -> 552 | N17: 40 | O17: 19 | P17: =O17-S17 -> 19 | Q17: 5 | R17: 13 | T17: =W17*O17 -> 471010 | U17: =W17*S17 -> 0 | V17: =T17-U17 -> 471010 | W17: 24790 | X17: =SUMIF([1]헤몬팜마진!$B$7:$B$32,$C17,[1]헤몬팜마진!$R$7:$R$32) -> 6859 | Y17: =AI17*P17 -> 137826 | Z17: =AA17*1.1 -> 105911.3 | AA17: 96283 | AC17: =(1210+1100)*Q17 -> 11550 | AD17: 0.108 | AE17: =3150*(P17) -> 59850 | AF17: =AD17+(AE17/V17) -> 0.23506737 | AG17: =IFERROR(V17*AF17+3%,0) -> 110719.11 | AH17: =V17/1.1*10%-((AI17*P17)+AG17+(AN17*P17)+(AL17*P17))*10% -> 17841.08 | AI17: =SUMIF([1]헤몬팜마진!$B$7:$B$32,$C17,[1]헤몬팜마진!$V$7:$V$32) -> 7254 | AJ17: =V17-(Y17+AG17+AH17+(AN17*P17)) -> 204623.81 | AK17: =AJ17-Z17-AB17 -> 98712.51 | AL17: =SUMIF([1]헤몬팜마진!$B$7:$B$32,$C17,[1]헤몬팜마진!$T$7:$T$32) -> 65 | AM17: =SUMIF([1]헤몬팜마진!$B$7:$B$32,$C17,[1]헤몬팜마진!$U$7:$U$32) -> 330 | AO17: 29145 | AP17: 97
B18: 신제품 | C18: 강아지바리깡 2개 | D18: =AK18/V18 -> 0.13222234 | E18: =AJ18/V18 -> 0.41263943 | F18: =(Z18+AB18)/V18 -> 0.28041709 | G18: =R18/AP18 -> 0.024793388 | H18: 0 | I18: =N18*7 -> 105 | J18: =N18*14 -> 210 | L18: =22+3 -> 25 | N18: 15 | O18: 3 | P18: =O18-S18 -> 3 | R18: 3 | T18: =W18*O18 -> 119400 | U18: =W18*S18 -> 0 | V18: =T18-U18 -> 119400 | W18: 39800 | X18: =SUMIF([1]헤몬팜마진!$B$7:$B$32,$C18,[1]헤몬팜마진!$R$7:$R$32) -> 13719 | Y18: =AI18*P18 -> 42339 | Z18: =AA18*1.1 -> 33481.8 | AA18: 30438 | AC18: =(1210+1100)*Q18 -> 0 | AD18: 0.108 | AE18: =3550*(P18) -> 10650 | AF18: =AD18+(AE18/V18) -> 0.19719598 | AG18: =IFERROR(V18*AF18+3%,0) -> 23545.23 | AH18: =V18/1.1*10%-((AI18*P18)+AG18+(AN18*P18)+(AL18*P18))*10% -> 4246.6225 | AI18: =SUMIF([1]헤몬팜마진!$B$7:$B$32,$C18,[1]헤몬팜마진!$V$7:$V$32) -> 14113 | AJ18: =V18-(Y18+AG18+AH18+(AN18*P18)) -> 49269.148 | AK18: =AJ18-Z18-AB18 -> 15787.348 | AL18: =SUMIF([1]헤몬팜마진!$B$7:$B$32,$C18,[1]헤몬팜마진!$T$7:$T$32) -> 65 | AM18: =SUMIF([1]헤몬팜마진!$B$7:$B$32,$C18,[1]헤몬팜마진!$U$7:$U$32) -> 330 | AO18: 34925 | AP18: 121
D19: =AK19/V19 -> 0.15996824 | E19: =AJ19/V19 -> 0.41236855 | F19: =(Z19+AB19)/V19 -> 0.25240031 | O19: =SUM(O2:O18) -> 307 | P19: =SUM(P2:P18) -> 297 | Q19: =SUM(Q2:Q18) -> 37 | R19: =SUM(R2:R18) -> 212 | S19: =SUM(S2:S18) -> 10 | T19: =SUM(T2:T18) -> 8586800 | U19: =SUM(U2:U18) -> 198000 | V19: =SUM(V2:V18) -> 8388800 | X19: =SUM(X2:X18) -> 153583 | Y19: =SUM(Y2:Y18) -> 2885195 | Z19: =SUM(Z2:Z18) -> 2012490.7 | AA19: =SUM(AA2:AA18) -> 1829537 | AB19: =SUM(AB2:AB18) -> 104845 | AC19: =SUM(AC2:AC18) -> 83262 | AD19: 0.09 | AE19: =SUM(AE2:AE18) -> 944650 | AF19: =AD19+(AE19/V19) -> 0.20260848 | AG19: =SUM(AG2:AG18) -> 1747374 | AH19: =SUM(AH2:AH18) -> 296953.79 | AI19: =SUM(AI2:AI18) -> 233199 | AJ19: =V19-(Y19+AG19+AH19+(AN19*P19)) -> 3459277.3 | AK19: =AJ19-Z19-AB19 -> 1341941.6 | AO19: =SUM(AO2:AO3) -> 394897 | AP19: =SUM(AP2:AP3) -> 1860
C21: 45946 | D21: 이윤율 | E21: 마진율 | F21: 광고비율 | G21: 전환율 | H21: 발주남은수량 | I21: 창고안전 | J21: 쿠팡안전 | K21: 창고재고 | L21: 쿠팡재고 | M21: 미포장분 | N21: 목표판매량 | O21: 판매수 | P21: 순판매개수 | Q21: 취소개수 | R21: 광고전환 | S21: 가구매 | T21: 매출 | U21: 가구매금액 | V21: 순매출 | W21: 판매가 | X21: 입고가 | Y21: 입고판매가 | Z21: 광고비1.1 | AA21: 광고비 | AB21: 가구매비용 | AC21: 반품회수비 | AD21: 수수료 | AE21: 택배비 | AF21: 판매수수료 | AG21: 수수료 | AH21: 부가세 | AI21: 도매가 | AJ21: 판매마진 | AK21: 순이익 | AL21: 1개당 한국 운임 물류비(KRW) | AM21: 1개당 물류비 (KRW) | AN21: 부자재값 | AO21: 노출수 | AP21: 클릭수
A22: ACC-SHA-BRD-001-BK | C22: 쉐이버 | D22: =AK22/V22 -> 0.18429177 | E22: =AJ22/V22 -> 0.42271098 | F22: =(Z22+AB22)/V22 -> 0.2384192 | G22: =R22/AP22 -> 0.071751129 | H22: 7410 | I22: =N22*7 -> 1400 | J22: =N22*14 -> 2800 | K22: 76 | L22: =1906+1320 -> 3226 | N22: 200 | O22: 191 | P22: =O22-S22 -> 191 | Q22: 10 | R22: 143 | T22: =W22*O22 -> 5328900 | U22: =W22*S22 -> 0 | V22: =T22-U22 -> 5328900 | W22: 27900 | X22: =SUMIF([1]헤몬팜마진!$B$7:$B$32,$C22,[1]헤몬팜마진!$R$7:$R$32) -> 8851 | Y22: =AI22*P22 -> 1765795 | Z22: =AA22*1.1 -> 1270512.1 | AA22: 1155011 | AC22: =(1072+1100)*Q22 -> 21720 | AD22: 0.1 | AE22: =3050*(P22) -> 582550 | AF22: =AD22+(AE22/V22) -> 0.209319 | AG22: =IFERROR(V22*AF22+3%,0) -> 1115440 | AH22: =V22/1.1*10%-((AI22*P22)+AG22+(AN22*P22)+(AL22*P22))*10% -> 195080.45 | AI22: =SUMIF([1]헤몬팜마진!$B$7:$B$32,$C22,[1]헤몬팜마진!$V$7:$V$32) -> 9245 | AJ22: =V22-(Y22+AG22+AH22+(AN22*P22)) -> 2252584.5 | AK22: =AJ22-Z22-AB22 -> 982072.42 | AL22: =SUMIF([1]헤몬팜마진!$B$7:$B$32,$C22,[1]헤몬팜마진!$T$7:$T$32) -> 65 | AM22: =SUMIF([1]헤몬팜마진!$B$7:$B$32,$C22,[1]헤몬팜마진!$U$7:$U$32) -> 330 | AO22: 371303 | AP22: 1993
A23: ACC-SHA-BRD-004-BK | C23: 일자면도기 | D23: =AK23/V23 -> 0.35098899 | E23: =AJ23/V23 -> 0.40986564 | F23: =(Z23+AB23)/V23 -> 0.058876652 | G23: =R23/AP23 -> 0 | H23: 1460 | I23: =N23*7 -> 140 | J23: =N23*14 -> 280 | K23: 325 | L23: 0 | N23: 20 | O23: 2 | P23: =O23-S23 -> 2 | T23: =W23*O23 -> 45400 | U23: =W23*S23 -> 0 | V23: =T23-U23 -> 45400 | W23: 22700 | X23: =SUMIF([1]헤몬팜마진!$B$7:$B$32,$C23,[1]헤몬팜마진!$R$7:$R$32) -> 7081 | Y23: =AI23*P23 -> 14754 | Z23: =AA23*1.1 -> 2673 | AA23: 2430 | AC23: =(1072+1100)*Q23 -> 0 | AD23: 0.1 | AE23: =2950*(P23) -> 5900 | AF23: =AD23+(AE23/V23) -> 0.22995595 | AG23: =IFERROR(V23*AF23+3%,0) -> 10440.03 | AH23: =V23/1.1*10%-((AI23*P23)+AG23+(AN23*P23)+(AL23*P23))*10% -> 1598.0697 | AI23: =SUMIF([1]헤몬팜마진!$B$7:$B$32,$C23,[1]헤몬팜마진!$V$7:$V$32) -> 7377 | AJ23: =V23-(Y23+AG23+AH23+(AN23*P23)) -> 18607.9 | AK23: =AJ23-Z23-AB23 -> 15934.9 | AL23: =SUMIF([1]헤몬팜마진!$B$7:$B$32,$C23,[1]헤몬팜마진!$T$7:$T$32) -> 49 | AM23: =SUMIF([1]헤몬팜마진!$B$7:$B$32,$C23,[1]헤몬팜마진!$U$7:$U$32) -> 248 | AO23: 13582 | AP23: 3
A24: ACC-TOL-DRI-012-BL | C24: 프라임 1개 | D24: =AK24/V24 -> #DIV/0! | E24: =AJ24/V24 -> #DIV/0! | F24: =(Z24+AB24)/V24 -> #DIV/0! | G24: =R24/AP24 -> 0 | H24: 0 | I24: =N24*7 -> 105 | J24: =N24*14 -> 210 | K24: 430 | L24: =40+3+3 -> 46 | N24: 15 | P24: =O24-S24 -> 0 | Q24: 1 | T24: =W24*O24 -> 0 | U24: =W24*S24 -> 0 | V24: =T24-U24 -> 0 | W24: 45800 | X24: =SUMIF([1]헤몬팜마진!$B$7:$B$32,$C24,[1]헤몬팜마진!$R$7:$R$32) -> 9990 | Y24: =AI24*P24 -> 0 | Z24: =AA24*1.1 -> 8209.3 | AA24: 7463 | AC24: =(1210+1100)*Q24 -> 2310 | AD24: 0.11 | AE24: =4150*(P24) -> 0 | AF24: =AD24+(AE24/V24) -> #DIV/0! | AG24: =IFERROR(V24*AF24+3%,0) -> 0 | AH24: =V24/1.1*10%-((AI24*P24)+AG24+(AN24*P24)+(AL24*P24))*10% -> 0 | AI24: =SUMIF([1]헤몬팜마진!$B$7:$B$32,$C24,[1]헤몬팜마진!$V$7:$V$32) -> 17332 | AJ24: =V24-(Y24+AG24+AH24+(AN24*P24)) -> 0 | AK24: =AJ24-Z24-AB24 -> -8209.3 | AL24: =SUMIF([1]헤몬팜마진!$B$7:$B$32,$C24,[1]헤몬팜마진!$T$7:$T$32) -> 162 | AM24: =SUMIF([1]헤몬팜마진!$B$7:$B$32,$C24,[1]헤몬팜마진!$U$7:$U$32) -> 827 | AO24: 13653 | AP24: 51
C25: 프라임 2개 | D25: =AK25/V25 -> -0.059834082 | E25: =AJ25/V25 -> 0.31462929 | F25: =(Z25+AB25)/V25 -> 0.37446337 | G25: =R25/AP25 -> 0.01510574 | H25: 0 | I25: =N25*7 -> 105 | J25: =N25*14 -> 210 | L25: =13+2 -> 15 | N25: 15 | O25: 7 | P25: =O25-S25 -> 7 | Q25: 1 | R25: 5 | T25: =W25*O25 -> 327600 | U25: =W25*S25 -> 0 | V25: =T25-U25 -> 327600 | W25: 46800 | X25: =SUMIF([1]헤몬팜마진!$B$7:$B$32,$C25,[1]헤몬팜마진!$R$7:$R$32) -> 9990 | Y25: =AI25*P25 -> 151424 | Z25: =AA25*1.1 -> 122674.2 | AA25: 111522 | AC25: =(1210+1100)*Q25 -> 2310 | AD25: 0.11 | AE25: =4150*(P25) -> 29050 | AF25: =AD25+(AE25/V25) -> 0.19867521 | AG25: =IFERROR(V25*AF25+3%,0) -> 65086.03 | AH25: =V25/1.1*10%-((AI25*P25)+AG25+(AN25*P25)+(AL25*P25))*10% -> 8017.4152 | AI25: =SUMIF([1]헤몬팜마진!$B$7:$B$32,$C25,[1]헤몬팜마진!$V$7:$V$32) -> 21632 | AJ25: =V25-(Y25+AG25+AH25+(AN25*P25)) -> 103072.55 | AK25: =AJ25-Z25-AB25 -> -19601.645 | AL25: =SUMIF([1]헤몬팜마진!$B$7:$B$32,$C25,[1]헤몬팜마진!$T$7:$T$32) -> 162 | AM25: =SUMIF([1]헤몬팜마진!$B$7:$B$32,$C25,[1]헤몬팜마진!$U$7:$U$32) -> 827 | AO25: 118599 | AP25: 331
A26: ACC-TOL-MOW-001-BL | C26: 다밴다 1개 | D26: =AK26/V26 -> 0.34805266 | E26: =AJ26/V26 -> 0.409454 | F26: =(Z26+AB26)/V26 -> 0.061401338 | G26: =R26/AP26 -> #DIV/0! | H26: 3504 | I26: =N26*7 -> 210 | J26: =N26*14 -> 420 | K26: 626 | L26: =30+13+6 -> 49 | N26: 30 | O26: 1 | P26: =O26-S26 -> 1 | T26: =W26*O26 -> 59800 | U26: =W26*S26 -> 0 | V26: =T26-U26 -> 59800 | W26: 59800 | X26: =SUMIF([1]헤몬팜마진!$B$7:$B$32,$C26,[1]헤몬팜마진!$R$7:$R$32) -> 13276 | Y26: =AI26*P26 -> 21956 | Z26: =AA26*1.1 -> 3671.8 | AA26: 3338 | AC26: =(1210+1100)*Q26 -> 0 | AD26: 0.108 | AE26: =4825*(P26) -> 4825 | AF26: =AD26+(AE26/V26) -> 0.18868562 | AG26: =IFERROR(V26*AF26+3%,0) -> 11283.43 | AH26: =V26/1.1*10%-((AI26*P26)+AG26+(AN26*P26)+(AL26*P26))*10% -> 2075.2206 | AI26: =SUMIF([1]헤몬팜마진!$B$7:$B$32,$C26,[1]헤몬팜마진!$V$7:$V$32) -> 21956 | AJ26: =V26-(Y26+AG26+AH26+(AN26*P26)) -> 24485.349 | AK26: =AJ26-Z26-AB26 -> 20813.549 | AL26: =SUMIF([1]헤몬팜마진!$B$7:$B$32,$C26,[1]헤몬팜마진!$T$7:$T$32) -> 372 | AM26: =SUMIF([1]헤몬팜마진!$B$7:$B$32,$C26,[1]헤몬팜마진!$U$7:$U$32) -> 1896
A27: ACC-TOL-MOW-001-BL | C27: 다벤다 2개 | D27: =AK27/V27 -> -0.030322146 | E27: =AJ27/V27 -> 0.41153799 | F27: =(Z27+AB27)/V27 -> 0.44186013 | G27: =R27/AP27 -> 0 | H27: 0 | I27: =N27*7 -> 210 | J27: =N27*14 -> 420 | L27: =4+11+18+38+129 -> 200 | N27: 30 | O27: 1 | P27: =O27-S27 -> 1 | T27: =W27*O27 -> 69780 | U27: =W27*S27 -> 0 | V27: =T27-U27 -> 69780 | W27: 69780 | X27: =SUMIF([1]헤몬팜마진!$B$7:$B$32,$C27,[1]헤몬팜마진!$R$7:$R$32) -> 13276 | Y27: =AI27*P27 -> 26257 | Z27: =AA27*1.1 -> 30833 | AA27: 28030 | AC27: =(1210+1100)*Q27 -> 0 | AD27: 0.108 | AE27: =4825*(P27) -> 4825 | AF27: =AD27+(AE27/V27) -> 0.17714589 | AG27: =IFERROR(V27*AF27+3%,0) -> 12361.27 | AH27: =V27/1.1*10%-((AI27*P27)+AG27+(AN27*P27)+(AL27*P27))*10% -> 2444.6094 | AI27: =SUMIF([1]헤몬팜마진!$B$7:$B$32,$C27,[1]헤몬팜마진!$V$7:$V$32) -> 26257 | AJ27: =V27-(Y27+AG27+AH27+(AN27*P27)) -> 28717.121 | AK27: =AJ27-Z27-AB27 -> -2115.8794 | AL27: =SUMIF([1]헤몬팜마진!$B$7:$B$32,$C27,[1]헤몬팜마진!$T$7:$T$32) -> 372 | AM27: =SUMIF([1]헤몬팜마진!$B$7:$B$32,$C27,[1]헤몬팜마진!$U$7:$U$32) -> 1896 | AO27: 29096 | AP27: 43
A28: ACC-CHA-CAR-002-BK | C28: 시거잭 | D28: =AK28/V28 -> 0.020195291 | E28: =AJ28/V28 -> 0.39082627 | F28: =(Z28+AB28)/V28 -> 0.37063098 | G28: =R28/AP28 -> 0.10687023 | H28: 500 | I28: =N28*7 -> 105 | J28: =N28*14 -> 210 | K28: 577 | L28: 211 | N28: 15 | O28: 14 | P28: =O28-S28 -> 14 | Q28: 1 | R28: 14 | T28: =W28*O28 -> 225680 | U28: =W28*S28 -> 0 | V28: =T28-U28 -> 225680 | W28: 16120 | X28: =SUMIF([1]헤몬팜마진!$B$7:$B$32,$C28,[1]헤몬팜마진!$R$7:$R$32) -> 5089 | Y28: =AI28*P28 -> 71764 | Z28: =AA28*1.1 -> 83644 | AA28: 76040 | AC28: =(1210+1100)*Q28 -> 2310 | AD28: 0.078 | AE28: =2900*(P28) -> 40600 | AF28: =AD28+(AE28/V28) -> 0.25790074 | AG28: =IFERROR(V28*AF28+3%,0) -> 58203.07 | AH28: =V28/1.1*10%-((AI28*P28)+AG28+(AN28*P28)+(AL28*P28))*10% -> 7511.2566 | AI28: =SUMIF([1]헤몬팜마진!$B$7:$B$32,$C28,[1]헤몬팜마진!$V$7:$V$32) -> 5126 | AJ28: =V28-(Y28+AG28+AH28+(AN28*P28)) -> 88201.673 | AK28: =AJ28-Z28-AB28 -> 4557.6734 | AL28: =SUMIF([1]헤몬팜마진!$B$7:$B$32,$C28,[1]헤몬팜마진!$T$7:$T$32) -> 6 | AM28: =SUMIF([1]헤몬팜마진!$B$7:$B$32,$C28,[1]헤몬팜마진!$U$7:$U$32) -> 31 | AO28: 65392 | AP28: 131
A29: ACC-TOL-WAS-002-BK | C29: 뉴 고압세척기 배터리 1개 | D29: =AK29/V29 -> 0.10140427 | E29: =AJ29/V29 -> 0.40132701 | F29: =(Z29+AB29)/V29 -> 0.29992274 | G29: =R29/AP29 -> 0.034482759 | H29: 0 | I29: =N29*7 -> 140 | J29: =N29*14 -> 280 | K29: 343 | L29: =97+42+48+31+19+10 -> 247 | N29: 20 | O29: 8 | P29: =O29-S29 -> 8 | R29: 5 | T29: =W29*O29 -> 318400 | U29: =W29*S29 -> 0 | V29: =T29-U29 -> 318400 | W29: 39800 | X29: =SUMIF([1]헤몬팜마진!$B$7:$B$32,$C29,[1]헤몬팜마진!$R$7:$R$32) -> 7855 | Y29: =AI29*P29 -> 121120 | Z29: =AA29*1.1 -> 95495.4 | AA29: 86814 | AC29: =(1210+1100)*Q29 -> 0 | AD29: 0.08 | AE29: =4150*(P29) -> 33200 | AF29: =AD29+(AE29/V29) -> 0.18427136 | AG29: =IFERROR(V29*AF29+3%,0) -> 58672.03 | AH29: =V29/1.1*10%-((AI29*P29)+AG29+(AN29*P29)+(AL29*P29))*10% -> 10825.452 | AI29: =SUMIF([1]헤몬팜마진!$B$7:$B$32,$C29,[1]헤몬팜마진!$V$7:$V$32) -> 15140 | AJ29: =V29-(Y29+AG29+AH29+(AN29*P29)) -> 127782.52 | AK29: =AJ29-Z29-AB29 -> 32287.118 | AL29: =SUMIF([1]헤몬팜마진!$B$7:$B$32,$C29,[1]헤몬팜마진!$T$7:$T$32) -> 176 | AM29: =SUMIF([1]헤몬팜마진!$B$7:$B$32,$C29,[1]헤몬팜마진!$U$7:$U$32) -> 900 | AO29: 61804 | AP29: 145
C30: 뉴 고압세척기 | D30: =AK30/V30 -> 0.2665057 | E30: =AJ30/V30 -> 0.39158775 | F30: =(Z30+AB30)/V30 -> 0.12508205 | G30: =R30/AP30 -> 0.074626866 | I30: =N30*7 -> 105 | J30: =N30*14 -> 210 | L30: =74+42+48+18+8+2 -> 192 | N30: 15 | O30: 5 | P30: =O30-S30 -> 5 | R30: 5 | T30: =W30*O30 -> 214500 | U30: =W30*S30 -> 0 | V30: =T30-U30 -> 214500 | W30: 42900 | X30: =SUMIF([1]헤몬팜마진!$B$7:$B$32,$C30,[1]헤몬팜마진!$R$7:$R$32) -> 7855 | Y30: =AI30*P30 -> 97205 | Z30: =AA30*1.1 -> 26830.1 | AA30: 24391 | AC30: =(1210+1100)*Q30 -> 0 | AD30: 0.078 | AE30: =1900*(P30) -> 9500 | AF30: =AD30+(AE30/V30) -> 0.12228904 | AG30: =IFERROR(V30*AF30+3%,0) -> 26231.03 | AH30: =V30/1.1*10%-((AI30*P30)+AG30+(AN30*P30)+(AL30*P30))*10% -> 7068.397 | AI30: =SUMIF([1]헤몬팜마진!$B$7:$B$32,$C30,[1]헤몬팜마진!$V$7:$V$32) -> 19441 | AJ30: =V30-(Y30+AG30+AH30+(AN30*P30)) -> 83995.573 | AK30: =AJ30-Z30-AB30 -> 57165.473 | AL30: =SUMIF([1]헤몬팜마진!$B$7:$B$32,$C30,[1]헤몬팜마진!$T$7:$T$32) -> 176 | AM30: =SUMIF([1]헤몬팜마진!$B$7:$B$32,$C30,[1]헤몬팜마진!$U$7:$U$32) -> 900 | AO30: 17841 | AP30: 67
A31: ACC-MOS-RAC-004 | C31: 모기지옥 | D31: =AK31/V31 -> 0.1145534 | E31: =AJ31/V31 -> 0.36300752 | F31: =(Z31+AB31)/V31 -> 0.24845413 | G31: =R31/AP31 -> 0.090909091 | H31: 1750 | I31: =N31*7 -> 350 | J31: =N31*14 -> 700 | K31: 1449 | L31: 1217 | N31: 50 | O31: 26 | P31: =O31-S31 -> 26 | Q31: 1 | R31: 12 | T31: =W31*O31 -> 499200 | U31: =W31*S31 -> 0 | V31: =T31-U31 -> 499200 | W31: 19200 | X31: =SUMIF([1]헤몬팜마진!$B$7:$B$32,$C31,[1]헤몬팜마진!$R$7:$R$32) -> 6373 | Y31: =AI31*P31 -> 176046 | Z31: =AA31*1.1 -> 124028.3 | AA31: =101407+11346 -> 112753 | AC31: =(1210+1100)*Q31 -> 2310 | AD31: 0.08 | AE31: =3350*(P31) -> 87100 | AF31: =AD31+(AE31/V31) -> 0.25447917 | AG31: =IFERROR(V31*AF31+3%,0) -> 127036.03 | AH31: =V31/1.1*10%-((AI31*P31)+AG31+(AN31*P31)+(AL31*P31))*10% -> 14904.615 | AI31: =SUMIF([1]헤몬팜마진!$B$7:$B$32,$C31,[1]헤몬팜마진!$V$7:$V$32) -> 6771 | AJ31: =V31-(Y31+AG31+AH31+(AN31*P31)) -> 181213.35 | AK31: =AJ31-Z31-AB31 -> 57185.055 | AL31: =SUMIF([1]헤몬팜마진!$B$7:$B$32,$C31,[1]헤몬팜마진!$T$7:$T$32) -> 65 | AM31: =SUMIF([1]헤몬팜마진!$B$7:$B$32,$C31,[1]헤몬팜마진!$U$7:$U$32) -> 333 | AO31: 32529 | AP31: 132
A32: ACC-TOL-SAW-008-BL | C32: 컷소 배터리 1개 | D32: =AK32/V32 -> 0.10573827 | E32: =AJ32/V32 -> 0.4162598 | F32: =(Z32+AB32)/V32 -> 0.31052152 | G32: =R32/AP32 -> 0.045454545 | H32: 0 | I32: =N32*7 -> 70 | J32: =N32*14 -> 140 | K32: 494 | L32: 0 | N32: 10 | O32: 9 | P32: =O32-S32 -> 9 | Q32: 1 | R32: 7 | T32: =W32*O32 -> 448110 | U32: =W32*S32 -> 0 | V32: =T32-U32 -> 448110 | W32: 49790 | X32: =SUMIF([1]헤몬팜마진!$B$7:$B$32,$C32,[1]헤몬팜마진!$R$7:$R$32) -> 12170 | Y32: =AI32*P32 -> 167184 | Z32: =AA32*1.1 -> 139147.8 | AA32: 126498 | AC32: =(1210+1100)*Q32 -> 2310 | AD32: 0.078 | AE32: =4825*(P32) -> 43425 | AF32: =AD32+(AE32/V32) -> 0.17490701 | AG32: =IFERROR(V32*AF32+3%,0) -> 78377.61 | AH32: =V32/1.1*10%-((AI32*P32)+AG32+(AN32*P32)+(AL32*P32))*10% -> 16018.212 | AI32: =SUMIF([1]헤몬팜마진!$B$7:$B$32,$C32,[1]헤몬팜마진!$V$7:$V$32) -> 18576 | AJ32: =V32-(Y32+AG32+AH32+(AN32*P32)) -> 186530.18 | AK32: =AJ32-Z32-AB32 -> 47382.378 | AL32: =SUMIF([1]헤몬팜마진!$B$7:$B$32,$C32,[1]헤몬팜마진!$T$7:$T$32) -> 181 | AM32: =SUMIF([1]헤몬팜마진!$B$7:$B$32,$C32,[1]헤몬팜마진!$U$7:$U$32) -> 926 | AO32: 33743 | AP32: 154
C33: 컷소 배터리 2개 | D33: =AK33/V33 -> 0.32303148 | E33: =AJ33/V33 -> 0.40846931 | F33: =(Z33+AB33)/V33 -> 0.085437831 | G33: =R33/AP33 -> 0.034682081 | H33: 0 | I33: =N33*7 -> 70 | J33: =N33*14 -> 140 | L33: 1 | N33: 10 | O33: 12 | P33: =O33-S33 -> 12 | Q33: 1 | R33: 6 | T33: =W33*O33 -> 694560 | U33: =W33*S33 -> 0 | V33: =T33-U33 -> 694560 | W33: 57880 | X33: =SUMIF([1]헤몬팜마진!$B$7:$B$32,$C33,[1]헤몬팜마진!$R$7:$R$32) -> 12170 | Y33: =AI33*P33 -> 274512 | Z33: =AA33*1.1 -> 59341.7 | AA33: 53947 | AC33: =(1210+1100)*Q33 -> 2310 | AD33: 0.078 | AE33: =4825*(P33) -> 57900 | AF33: =AD33+(AE33/V33) -> 0.16136213 | AG33: =IFERROR(V33*AF33+3%,0) -> 112075.71 | AH33: =V33/1.1*10%-((AI33*P33)+AG33+(AN33*P33)+(AL33*P33))*10% -> 24265.847 | AI33: =SUMIF([1]헤몬팜마진!$B$7:$B$32,$C33,[1]헤몬팜마진!$V$7:$V$32) -> 22876 | AJ33: =V33-(Y33+AG33+AH33+(AN33*P33)) -> 283706.44 | AK33: =AJ33-Z33-AB33 -> 224364.74 | AL33: =SUMIF([1]헤몬팜마진!$B$7:$B$32,$C33,[1]헤몬팜마진!$T$7:$T$32) -> 181 | AM33: =SUMIF([1]헤몬팜마진!$B$7:$B$32,$C33,[1]헤몬팜마진!$U$7:$U$32) -> 926 | AO33: 32496 | AP33: 173
A34: ACC-BLE-POR-001 | C34: 믹서기 | D34: =AK34/V34 -> 0.32737121 | E34: =AJ34/V34 -> 0.49827708 | F34: =(Z34+AB34)/V34 -> 0.17090587 | G34: =R34/AP34 -> 0.010666667 | H34: 2000 | I34: =N34*7 -> 700 | J34: =N34*14 -> 1400 | K34: 2373 | L34: 3 | N34: 100 | O34: 17 | P34: =O34-S34 -> 17 | Q34: 6 | R34: 4 | T34: =W34*O34 -> 301920 | U34: =W34*S34 -> 0 | V34: =T34-U34 -> 301920 | W34: 17760 | X34: =SUMIF([1]헤몬팜마진!$B$7:$B$32,$C34,[1]헤몬팜마진!$R$7:$R$32) -> 3983 | Y34: =AI34*P34 -> 82229 | Z34: =AA34*1.1 -> 51599.9 | AA34: =26708+20201 -> 46909 | AC34: =(1210+1100)*Q34 -> 13860 | AD34: 0.078 | AE34: =1900*(P34) -> 32300 | AF34: =AD34+(AE34/V34) -> 0.18498198 | AG34: =IFERROR(V34*AF34+3%,0) -> 55849.79 | AH34: =V34/1.1*10%-((AI34*P34)+AG34+(AN34*P34)+(AL34*P34))*10% -> 13401.394 | AI34: =SUMIF([1]헤몬팜마진!$B$7:$B$32,$C34,[1]헤몬팜마진!$V$7:$V$32) -> 4837 | AJ34: =V34-(Y34+AG34+AH34+(AN34*P34)) -> 150439.82 | AK34: =AJ34-Z34-AB34 -> 98839.916 | AL34: =SUMIF([1]헤몬팜마진!$B$7:$B$32,$C34,[1]헤몬팜마진!$T$7:$T$32) -> 140 | AM34: =SUMIF([1]헤몬팜마진!$B$7:$B$32,$C34,[1]헤몬팜마진!$U$7:$U$32) -> 714 | AO34: 68389 | AP34: 375
A35: ACC-CAR-PUM-001-BK | C35: 공기압 주입기 | D35: =AK35/V35 -> 0.43888159 | E35: =AJ35/V35 -> 0.43888159 | F35: =(Z35+AB35)/V35 -> 0 | G35: =R35/AP35 -> #DIV/0! | H35: 0 | I35: =N35*7 -> 350 | J35: =N35*14 -> 700 | K35: 87 | L35: 0 | N35: 50 | O35: -3 | P35: =O35-S35 -> -3 | Q35: 3 | T35: =W35*O35 -> -74400 | U35: =W35*S35 -> 0 | V35: =T35-U35 -> -74400 | W35: 24800 | X35: =SUMIF([1]헤몬팜마진!$B$7:$B$32,$C35,[1]헤몬팜마진!$R$7:$R$32) -> 8408 | Y35: =AI35*P35 -> -25740 | Z35: =AA35*1.1 -> 0 | AC35: =(1210+1100)*Q35 -> 6930 | AD35: 0.1 | AE35: =1900*(P35) -> -5700 | AF35: =AD35+(AE35/V35) -> 0.1766129 | AG35: =IFERROR(V35*AF35+3%,0) -> -13139.97 | AH35: =V35/1.1*10%-((AI35*P35)+AG35+(AN35*P35)+(AL35*P35))*10% -> -2867.2394 | AI35: =SUMIF([1]헤몬팜마진!$B$7:$B$32,$C35,[1]헤몬팜마진!$V$7:$V$32) -> 8580 | AJ35: =V35-(Y35+AG35+AH35+(AN35*P35)) -> -32652.791 | AK35: =AJ35-Z35-AB35 -> -32652.791 | AL35: =SUMIF([1]헤몬팜마진!$B$7:$B$32,$C35,[1]헤몬팜마진!$T$7:$T$32) -> 28 | AM35: =SUMIF([1]헤몬팜마진!$B$7:$B$32,$C35,[1]헤몬팜마진!$U$7:$U$32) -> 143
B36: 오픈이어 (신제품) | C36: 골전도이어폰 | D36: =AK36/V36 -> -0.43035807 | E36: =AJ36/V36 -> 0.37867669 | F36: =(Z36+AB36)/V36 -> 0.80903476 | G36: =R36/AP36 -> 0.033195021 | H36: 700 | I36: =N36*7 -> 210 | J36: =N36*14 -> 420 | K36: 954 | L36: 2 | N36: 30 | O36: 27 | P36: =O36-S36 -> 17 | Q36: 2 | R36: 16 | S36: 10 | T36: =W36*O36 -> 534600 | U36: =W36*S36 -> 198000 | V36: =T36-U36 -> 336600 | W36: 19800 | X36: =SUMIF([1]헤몬팜마진!$B$7:$B$32,$C36,[1]헤몬팜마진!$R$7:$R$32) -> 6638 | Y36: =AI36*P36 -> 113662 | Z36: =AA36*1.1 -> 167476.1 | AA36: 152251 | AB36: =((20900*0.015)+(20900*0.19)+2100+2200+1900)*10 -> 104845 | AC36: =(1210+1100)*Q36 -> 4620 | AD36: 0.08 | AE36: =3400*(P36) -> 57800 | AF36: =AD36+(AE36/V36) -> 0.25171717 | AG36: =IFERROR(V36*AF36+3%,0) -> 84728.03 | AH36: =V36/1.1*10%-((AI36*P36)+AG36+(AN36*P36)+(AL36*P36))*10% -> 10747.397 | AI36: =SUMIF([1]헤몬팜마진!$B$7:$B$32,$C36,[1]헤몬팜마진!$V$7:$V$32) -> 6686 | AJ36: =V36-(Y36+AG36+AH36+(AN36*P36)) -> 127462.57 | AK36: =AJ36-Z36-AB36 -> -144858.53 | AL36: =SUMIF([1]헤몬팜마진!$B$7:$B$32,$C36,[1]헤몬팜마진!$T$7:$T$32) -> 8 | AM36: =SUMIF([1]헤몬팜마진!$B$7:$B$32,$C36,[1]헤몬팜마진!$U$7:$U$32) -> 40 | AO36: 359020 | AP36: 482
A37: ACC-SHA-PET-002-WH | B37: 멀티클리퍼 (신제품) | C37: 강아지바리깡 | D37: =AK37/V37 -> 0.27162505 | E37: =AJ37/V37 -> 0.43443625 | F37: =(Z37+AB37)/V37 -> 0.1628112 | G37: =R37/AP37 -> 0.14705882 | H37: 2000 | I37: =N37*7 -> 280 | J37: =N37*14 -> 560 | K37: 1048 | L37: =311+240+1 -> 552 | N37: 40 | O37: 29 | P37: =O37-S37 -> 29 | Q37: 6 | R37: 20 | T37: =W37*O37 -> 718910 | U37: =W37*S37 -> 0 | V37: =T37-U37 -> 718910 | W37: 24790 | X37: =SUMIF([1]헤몬팜마진!$B$7:$B$32,$C37,[1]헤몬팜마진!$R$7:$R$32) -> 6859 | Y37: =AI37*P37 -> 210366 | Z37: =AA37*1.1 -> 117046.6 | AA37: 106406 | AC37: =(1210+1100)*Q37 -> 13860 | AD37: 0.108 | AE37: =3150*(P37) -> 91350 | AF37: =AD37+(AE37/V37) -> 0.23506737 | AG37: =IFERROR(V37*AF37+3%,0) -> 168992.31 | AH37: =V37/1.1*10%-((AI37*P37)+AG37+(AN37*P37)+(AL37*P37))*10% -> 27231.124 | AI37: =SUMIF([1]헤몬팜마진!$B$7:$B$32,$C37,[1]헤몬팜마진!$V$7:$V$32) -> 7254 | AJ37: =V37-(Y37+AG37+AH37+(AN37*P37)) -> 312320.57 | AK37: =AJ37-Z37-AB37 -> 195273.97 | AL37: =SUMIF([1]헤몬팜마진!$B$7:$B$32,$C37,[1]헤몬팜마진!$T$7:$T$32) -> 65 | AM37: =SUMIF([1]헤몬팜마진!$B$7:$B$32,$C37,[1]헤몬팜마진!$U$7:$U$32) -> 330 | AO37: 38190 | AP37: 136
B38: 신제품 | C38: 강아지바리깡 2개 | D38: =AK38/V38 -> #DIV/0! | E38: =AJ38/V38 -> #DIV/0! | F38: =(Z38+AB38)/V38 -> #DIV/0! | G38: =R38/AP38 -> 0 | H38: 0 | I38: =N38*7 -> 105 | J38: =N38*14 -> 210 | L38: =22+3 -> 25 | N38: 15 | O38: 0 | P38: =O38-S38 -> 0 | T38: =W38*O38 -> 0 | U38: =W38*S38 -> 0 | V38: =T38-U38 -> 0 | W38: 39800 | X38: =SUMIF([1]헤몬팜마진!$B$7:$B$32,$C38,[1]헤몬팜마진!$R$7:$R$32) -> 13719 | Y38: =AI38*P38 -> 0 | Z38: =AA38*1.1 -> 47648.7 | AA38: 43317 | AC38: =(1210+1100)*Q38 -> 0 | AD38: 0.108 | AE38: =3550*(P38) -> 0 | AF38: =AD38+(AE38/V38) -> #DIV/0! | AG38: =IFERROR(V38*AF38+3%,0) -> 0 | AH38: =V38/1.1*10%-((AI38*P38)+AG38+(AN38*P38)+(AL38*P38))*10% -> 0 | AI38: =SUMIF([1]헤몬팜마진!$B$7:$B$32,$C38,[1]헤몬팜마진!$V$7:$V$32) -> 14113 | AJ38: =V38-(Y38+AG38+AH38+(AN38*P38)) -> 0 | AK38: =AJ38-Z38-AB38 -> -47648.7 | AL38: =SUMIF([1]헤몬팜마진!$B$7:$B$32,$C38,[1]헤몬팜마진!$T$7:$T$32) -> 65 | AM38: =SUMIF([1]헤몬팜마진!$B$7:$B$32,$C38,[1]헤몬팜마진!$U$7:$U$32) -> 330 | AO38: 45068 | AP38: 101
D39: =AK39/V39 -> 0.1556276 | E39: =AJ39/V39 -> 0.41371349 | F39: =(Z39+AB39)/V39 -> 0.2580859 | O39: =SUM(O22:O38) -> 346 | P39: =SUM(P22:P38) -> 336 | Q39: =SUM(Q22:Q38) -> 33 | R39: =SUM(R22:R38) -> 237 | S39: =SUM(S22:S38) -> 10 | T39: =SUM(T22:T38) -> 9712960 | U39: =SUM(U22:U38) -> 198000 | V39: =SUM(V22:V38) -> 9514960 | X39: =SUM(X22:X38) -> 153583 | Y39: =SUM(Y22:Y38) -> 3268534 | Z39: =SUM(Z22:Z38) -> 2350832 | AA39: =SUM(AA22:AA38) -> 2137120 | AB39: =SUM(AB22:AB38) -> 104845 | AC39: =SUM(AC22:AC38) -> 74850 | AD39: 0.09 | AE39: =SUM(AE22:AE38) -> 1074625 | AF39: =AD39+(AE39/V39) -> 0.20294057 | AG39: =SUM(AG22:AG38) -> 1971636.4 | AH39: =SUM(AH22:AH38) -> 338322.22 | AI39: =SUM(AI22:AI38) -> 233199 | AJ39: =V39-(Y39+AG39+AH39+(AN39*P39)) -> 3936467.3 | AK39: =AJ39-Z39-AB39 -> 1480790.3 | AO39: =SUM(AO22:AO23) -> 384885 | AP39: =SUM(AP22:AP23) -> 1996
C41: 45947 | D41: 이윤율 | E41: 마진율 | F41: 광고비율 | G41: 전환율 | H41: 발주남은수량 | I41: 창고안전 | J41: 쿠팡안전 | K41: 창고재고 | L41: 쿠팡재고 | M41: 미포장분 | N41: 목표판매량 | O41: 판매수 | P41: 순판매개수 | Q41: 취소개수 | R41: 광고전환 | S41: 가구매 | T41: 매출 | U41: 가구매금액 | V41: 순매출 | W41: 판매가 | X41: 입고가 | Y41: 입고판매가 | Z41: 광고비1.1 | AA41: 광고비 | AB41: 가구매비용 | AC41: 반품회수비 | AD41: 수수료 | AE41: 택배비 | AF41: 판매수수료 | AG41: 수수료 | AH41: 부가세 | AI41: 도매가 | AJ41: 판매마진 | AK41: 순이익 | AL41: 1개당 한국 운임 물류비(KRW) | AM41: 1개당 물류비 (KRW) | AN41: 부자재값 | AO41: 노출수 | AP41: 클릭수
A42: ACC-SHA-BRD-001-BK | C42: 쉐이버 | D42: =AK42/V42 -> 0.16826857 | E42: =AJ42/V42 -> 0.42271098 | F42: =(Z42+AB42)/V42 -> 0.2544424 | G42: =R42/AP42 -> 0.072410632 | H42: 7410 | I42: =N42*7 -> 1400 | J42: =N42*14 -> 2800 | K42: 76 | L42: =1906+1320 -> 3226 | N42: 200 | O42: 195 | P42: =O42-S42 -> 195 | Q42: 14 | R42: 158 | T42: =W42*O42 -> 5440500 | U42: =W42*S42 -> 0 | V42: =T42-U42 -> 5440500 | W42: 27900 | X42: =SUMIF([1]헤몬팜마진!$B$7:$B$32,$C42,[1]헤몬팜마진!$R$7:$R$32) -> 8851 | Y42: =AI42*P42 -> 1802775 | Z42: =AA42*1.1 -> 1384293.9 | AA42: 1258449 | AC42: =(1072+1100)*Q42 -> 30408 | AD42: 0.1 | AE42: =3050*(P42) -> 594750 | AF42: =AD42+(AE42/V42) -> 0.209319 | AG42: =IFERROR(V42*AF42+3%,0) -> 1138800 | AH42: =V42/1.1*10%-((AI42*P42)+AG42+(AN42*P42)+(AL42*P42))*10% -> 199165.91 | AI42: =SUMIF([1]헤몬팜마진!$B$7:$B$32,$C42,[1]헤몬팜마진!$V$7:$V$32) -> 9245 | AJ42: =V42-(Y42+AG42+AH42+(AN42*P42)) -> 2299759.1 | AK42: =AJ42-Z42-AB42 -> 915465.16 | AL42: =SUMIF([1]헤몬팜마진!$B$7:$B$32,$C42,[1]헤몬팜마진!$T$7:$T$32) -> 65 | AM42: =SUMIF([1]헤몬팜마진!$B$7:$B$32,$C42,[1]헤몬팜마진!$U$7:$U$32) -> 330 | AO42: 405479 | AP42: 2182
A43: ACC-SHA-BRD-004-BK | C43: 일자면도기 | D43: =AK43/V43 -> #DIV/0! | E43: =AJ43/V43 -> #DIV/0! | F43: =(Z43+AB43)/V43 -> #DIV/0! | G43: =R43/AP43 -> #DIV/0! | H43: 1460 | I43: =N43*7 -> 140 | J43: =N43*14 -> 280 | K43: 325 | L43: 0 | N43: 20 | P43: =O43-S43 -> 0 | T43: =W43*O43 -> 0 | U43: =W43*S43 -> 0 | V43: =T43-U43 -> 0 | W43: 22700 | X43: =SUMIF([1]헤몬팜마진!$B$7:$B$32,$C43,[1]헤몬팜마진!$R$7:$R$32) -> 7081 | Y43: =AI43*P43 -> 0 | Z43: =AA43*1.1 -> 0 | AC43: =(1072+1100)*Q43 -> 0 | AD43: 0.1 | AE43: =2950*(P43) -> 0 | AF43: =AD43+(AE43/V43) -> #DIV/0! | AG43: =IFERROR(V43*AF43+3%,0) -> 0 | AH43: =V43/1.1*10%-((AI43*P43)+AG43+(AN43*P43)+(AL43*P43))*10% -> 0 | AI43: =SUMIF([1]헤몬팜마진!$B$7:$B$32,$C43,[1]헤몬팜마진!$V$7:$V$32) -> 7377 | AJ43: =V43-(Y43+AG43+AH43+(AN43*P43)) -> 0 | AK43: =AJ43-Z43-AB43 -> 0 | AL43: =SUMIF([1]헤몬팜마진!$B$7:$B$32,$C43,[1]헤몬팜마진!$T$7:$T$32) -> 49 | AM43: =SUMIF([1]헤몬팜마진!$B$7:$B$32,$C43,[1]헤몬팜마진!$U$7:$U$32) -> 248
A44: ACC-TOL-DRI-012-BL | C44: 프라임 1개 | D44: =AK44/V44 -> 0.16031114 | E44: =AJ44/V44 -> 0.38830895 | F44: =(Z44+AB44)/V44 -> 0.22799782 | G44: =R44/AP44 -> 0.01010101 | H44: 0 | I44: =N44*7 -> 105 | J44: =N44*14 -> 210 | K44: 430 | L44: =40+3+3 -> 46 | N44: 15 | O44: 2 | P44: =O44-S44 -> 2 | R44: 1 | T44: =W44*O44 -> 91600 | U44: =W44*S44 -> 0 | V44: =T44-U44 -> 91600 | W44: 45800 | X44: =SUMIF([1]헤몬팜마진!$B$7:$B$32,$C44,[1]헤몬팜마진!$R$7:$R$32) -> 9990 | Y44: =AI44*P44 -> 34664 | Z44: =AA44*1.1 -> 20884.6 | AA44: 18986 | AC44: =(1210+1100)*Q44 -> 0 | AD44: 0.11 | AE44: =4150*(P44) -> 8300 | AF44: =AD44+(AE44/V44) -> 0.20061135 | AG44: =IFERROR(V44*AF44+3%,0) -> 18376.03 | AH44: =V44/1.1*10%-((AI44*P44)+AG44+(AN44*P44)+(AL44*P44))*10% -> 2990.8697 | AI44: =SUMIF([1]헤몬팜마진!$B$7:$B$32,$C44,[1]헤몬팜마진!$V$7:$V$32) -> 17332 | AJ44: =V44-(Y44+AG44+AH44+(AN44*P44)) -> 35569.1 | AK44: =AJ44-Z44-AB44 -> 14684.5 | AL44: =SUMIF([1]헤몬팜마진!$B$7:$B$32,$C44,[1]헤몬팜마진!$T$7:$T$32) -> 162 | AM44: =SUMIF([1]헤몬팜마진!$B$7:$B$32,$C44,[1]헤몬팜마진!$U$7:$U$32) -> 827 | AO44: 24633 | AP44: 99
C45: 프라임 2개 | D45: =AK45/V45 -> -0.22436604 | E45: =AJ45/V45 -> 0.31462926 | F45: =(Z45+AB45)/V45 -> 0.5389953 | G45: =R45/AP45 -> 0.01056338 | H45: 0 | I45: =N45*7 -> 105 | J45: =N45*14 -> 210 | L45: =13+2 -> 15 | N45: 15 | O45: 5 | P45: =O45-S45 -> 5 | Q45: 1 | R45: 3 | T45: =W45*O45 -> 234000 | U45: =W45*S45 -> 0 | V45: =T45-U45 -> 234000 | W45: 46800 | X45: =SUMIF([1]헤몬팜마진!$B$7:$B$32,$C45,[1]헤몬팜마진!$R$7:$R$32) -> 9990 | Y45: =AI45*P45 -> 108160 | Z45: =AA45*1.1 -> 126124.9 | AA45: 114659 | AC45: =(1210+1100)*Q45 -> 2310 | AD45: 0.11 | AE45: =4150*(P45) -> 20750 | AF45: =AD45+(AE45/V45) -> 0.19867521 | AG45: =IFERROR(V45*AF45+3%,0) -> 46490.03 | AH45: =V45/1.1*10%-((AI45*P45)+AG45+(AN45*P45)+(AL45*P45))*10% -> 5726.7243 | AI45: =SUMIF([1]헤몬팜마진!$B$7:$B$32,$C45,[1]헤몬팜마진!$V$7:$V$32) -> 21632 | AJ45: =V45-(Y45+AG45+AH45+(AN45*P45)) -> 73623.246 | AK45: =AJ45-Z45-AB45 -> -52501.654 | AL45: =SUMIF([1]헤몬팜마진!$B$7:$B$32,$C45,[1]헤몬팜마진!$T$7:$T$32) -> 162 | AM45: =SUMIF([1]헤몬팜마진!$B$7:$B$32,$C45,[1]헤몬팜마진!$U$7:$U$32) -> 827 | AO45: 80319 | AP45: 284
A46: ACC-TOL-WAS-002-BK | C46: 뉴 고압세척기 배터리 1개 | D46: =AK46/V46 -> 0.06124695 | E46: =AJ46/V46 -> 0.40132699 | F46: =(Z46+AB46)/V46 -> 0.34008004 | G46: =R46/AP46 -> 0.038961039 | H46: 0 | I46: =N46*7 -> 140 | J46: =N46*14 -> 280 | K46: 343 | L46: =97+42+48+31+19+10 -> 247 | N46: 20 | O46: 7 | P46: =O46-S46 -> 7 | Q46: 1 | R46: 6 | T46: =W46*O46 -> 278600 | U46: =W46*S46 -> 0 | V46: =T46-U46 -> 278600 | W46: 39800 | X46: =SUMIF([1]헤몬팜마진!$B$7:$B$32,$C46,[1]헤몬팜마진!$R$7:$R$32) -> 7855 | Y46: =AI46*P46 -> 105980 | Z46: =AA46*1.1 -> 94746.3 | AA46: 86133 | AC46: =(1210+1100)*Q46 -> 2310 | AD46: 0.08 | AE46: =4150*(P46) -> 29050 | AF46: =AD46+(AE46/V46) -> 0.18427136 | AG46: =IFERROR(V46*AF46+3%,0) -> 51338.03 | AH46: =V46/1.1*10%-((AI46*P46)+AG46+(AN46*P46)+(AL46*P46))*10% -> 9472.2697 | AI46: =SUMIF([1]헤몬팜마진!$B$7:$B$32,$C46,[1]헤몬팜마진!$V$7:$V$32) -> 15140 | AJ46: =V46-(Y46+AG46+AH46+(AN46*P46)) -> 111809.7 | AK46: =AJ46-Z46-AB46 -> 17063.4 | AL46: =SUMIF([1]헤몬팜마진!$B$7:$B$32,$C46,[1]헤몬팜마진!$T$7:$T$32) -> 176 | AM46: =SUMIF([1]헤몬팜마진!$B$7:$B$32,$C46,[1]헤몬팜마진!$U$7:$U$32) -> 900 | AO46: 54110 | AP46: 154
C47: 뉴 고압세척기 | D47: =AK47/V47 -> -0.21489993 | E47: =AJ47/V47 -> 0.39158725 | F47: =(Z47+AB47)/V47 -> 0.60648718 | G47: =R47/AP47 -> 0 | I47: =N47*7 -> 105 | J47: =N47*14 -> 210 | L47: =74+42+48+18+8+2 -> 192 | N47: 15 | O47: 1 | P47: =O47-S47 -> 1 | T47: =W47*O47 -> 42900 | U47: =W47*S47 -> 0 | V47: =T47-U47 -> 42900 | W47: 42900 | X47: =SUMIF([1]헤몬팜마진!$B$7:$B$32,$C47,[1]헤몬팜마진!$R$7:$R$32) -> 7855 | Y47: =AI47*P47 -> 19441 | Z47: =AA47*1.1 -> 26018.3 | AA47: 23653 | AC47: =(1210+1100)*Q47 -> 0 | AD47: 0.078 | AE47: =1900*(P47) -> 1900 | AF47: =AD47+(AE47/V47) -> 0.12228904 | AG47: =IFERROR(V47*AF47+3%,0) -> 5246.23 | AH47: =V47/1.1*10%-((AI47*P47)+AG47+(AN47*P47)+(AL47*P47))*10% -> 1413.677 | AI47: =SUMIF([1]헤몬팜마진!$B$7:$B$32,$C47,[1]헤몬팜마진!$V$7:$V$32) -> 19441 | AJ47: =V47-(Y47+AG47+AH47+(AN47*P47)) -> 16799.093 | AK47: =AJ47-Z47-AB47 -> -9219.207 | AL47: =SUMIF([1]헤몬팜마진!$B$7:$B$32,$C47,[1]헤몬팜마진!$T$7:$T$32) -> 176 | AM47: =SUMIF([1]헤몬팜마진!$B$7:$B$32,$C47,[1]헤몬팜마진!$U$7:$U$32) -> 900 | AO47: 22658 | AP47: 70
A48: ACC-TOL-MOW-001-BL | C48: 다밴다 1개 | D48: =AK48/V48 -> #DIV/0! | E48: =AJ48/V48 -> #DIV/0! | F48: =(Z48+AB48)/V48 -> #DIV/0! | G48: =R48/AP48 -> #DIV/0! | H48: 3504 | I48: =N48*7 -> 210 | J48: =N48*14 -> 420 | K48: 626 | L48: =30+13+6 -> 49 | N48: 30 | P48: =O48-S48 -> 0 | T48: =W48*O48 -> 0 | U48: =W48*S48 -> 0 | V48: =T48-U48 -> 0 | W48: 59800 | X48: =SUMIF([1]헤몬팜마진!$B$7:$B$32,$C48,[1]헤몬팜마진!$R$7:$R$32) -> 13276 | Y48: =AI48*P48 -> 0 | Z48: =AA48*1.1 -> 0 | AC48: =(1210+1100)*Q48 -> 0 | AD48: 0.108 | AE48: =4825*(P48) -> 0 | AF48: =AD48+(AE48/V48) -> #DIV/0! | AG48: =IFERROR(V48*AF48+3%,0) -> 0 | AH48: =V48/1.1*10%-((AI48*P48)+AG48+(AN48*P48)+(AL48*P48))*10% -> 0 | AI48: =SUMIF([1]헤몬팜마진!$B$7:$B$32,$C48,[1]헤몬팜마진!$V$7:$V$32) -> 21956 | AJ48: =V48-(Y48+AG48+AH48+(AN48*P48)) -> 0 | AK48: =AJ48-Z48-AB48 -> 0 | AL48: =SUMIF([1]헤몬팜마진!$B$7:$B$32,$C48,[1]헤몬팜마진!$T$7:$T$32) -> 372 | AM48: =SUMIF([1]헤몬팜마진!$B$7:$B$32,$C48,[1]헤몬팜마진!$U$7:$U$32) -> 1896
A49: ACC-TOL-MOW-001-BL | C49: 다벤다 2개 | D49: =AK49/V49 -> 0.04215994 | E49: =AJ49/V49 -> 0.41153799 | F49: =(Z49+AB49)/V49 -> 0.36937805 | G49: =R49/AP49 -> 0 | H49: 0 | I49: =N49*7 -> 210 | J49: =N49*14 -> 420 | L49: =4+11+18+38+129 -> 200 | N49: 30 | O49: 1 | P49: =O49-S49 -> 1 | T49: =W49*O49 -> 69780 | U49: =W49*S49 -> 0 | V49: =T49-U49 -> 69780 | W49: 69780 | X49: =SUMIF([1]헤몬팜마진!$B$7:$B$32,$C49,[1]헤몬팜마진!$R$7:$R$32) -> 13276 | Y49: =AI49*P49 -> 26257 | Z49: =AA49*1.1 -> 25775.2 | AA49: 23432 | AC49: =(1210+1100)*Q49 -> 0 | AD49: 0.108 | AE49: =4825*(P49) -> 4825 | AF49: =AD49+(AE49/V49) -> 0.17714589 | AG49: =IFERROR(V49*AF49+3%,0) -> 12361.27 | AH49: =V49/1.1*10%-((AI49*P49)+AG49+(AN49*P49)+(AL49*P49))*10% -> 2444.6094 | AI49: =SUMIF([1]헤몬팜마진!$B$7:$B$32,$C49,[1]헤몬팜마진!$V$7:$V$32) -> 26257 | AJ49: =V49-(Y49+AG49+AH49+(AN49*P49)) -> 28717.121 | AK49: =AJ49-Z49-AB49 -> 2941.9206 | AL49: =SUMIF([1]헤몬팜마진!$B$7:$B$32,$C49,[1]헤몬팜마진!$T$7:$T$32) -> 372 | AM49: =SUMIF([1]헤몬팜마진!$B$7:$B$32,$C49,[1]헤몬팜마진!$U$7:$U$32) -> 1896 | AO49: 24277 | AP49: 33
A50: ACC-CHA-CAR-002-BK | C50: 시거잭 | D50: =AK50/V50 -> -0.09008567 | E50: =AJ50/V50 -> 0.39082624 | F50: =(Z50+AB50)/V50 -> 0.48091191 | G50: =R50/AP50 -> 0.049180328 | H50: 500 | I50: =N50*7 -> 105 | J50: =N50*14 -> 210 | K50: 577 | L50: 211 | N50: 15 | O50: 11 | P50: =O50-S50 -> 11 | R50: 6 | T50: =W50*O50 -> 177320 | U50: =W50*S50 -> 0 | V50: =T50-U50 -> 177320 | W50: 16120 | X50: =SUMIF([1]헤몬팜마진!$B$7:$B$32,$C50,[1]헤몬팜마진!$R$7:$R$32) -> 5089 | Y50: =AI50*P50 -> 56386 | Z50: =AA50*1.1 -> 85275.3 | AA50: 77523 | AC50: =(1210+1100)*Q50 -> 0 | AD50: 0.078 | AE50: =2900*(P50) -> 31900 | AF50: =AD50+(AE50/V50) -> 0.25790074 | AG50: =IFERROR(V50*AF50+3%,0) -> 45730.99 | AH50: =V50/1.1*10%-((AI50*P50)+AG50+(AN50*P50)+(AL50*P50))*10% -> 5901.701 | AI50: =SUMIF([1]헤몬팜마진!$B$7:$B$32,$C50,[1]헤몬팜마진!$V$7:$V$32) -> 5126 | AJ50: =V50-(Y50+AG50+AH50+(AN50*P50)) -> 69301.309 | AK50: =AJ50-Z50-AB50 -> -15973.991 | AL50: =SUMIF([1]헤몬팜마진!$B$7:$B$32,$C50,[1]헤몬팜마진!$T$7:$T$32) -> 6 | AM50: =SUMIF([1]헤몬팜마진!$B$7:$B$32,$C50,[1]헤몬팜마진!$U$7:$U$32) -> 31 | AO50: 55425 | AP50: 122
A51: ACC-MOS-RAC-004 | C51: 모기지옥 | D51: =AK51/V51 -> 0.1243959 | E51: =AJ51/V51 -> 0.36300751 | F51: =(Z51+AB51)/V51 -> 0.23861161 | G51: =R51/AP51 -> 0.0859375 | H51: 1750 | I51: =N51*7 -> 350 | J51: =N51*14 -> 700 | K51: 1449 | L51: 1217 | N51: 50 | O51: 21 | P51: =O51-S51 -> 21 | Q51: 2 | R51: 11 | T51: =W51*O51 -> 403200 | U51: =W51*S51 -> 0 | V51: =T51-U51 -> 403200 | W51: 19200 | X51: =SUMIF([1]헤몬팜마진!$B$7:$B$32,$C51,[1]헤몬팜마진!$R$7:$R$32) -> 6373 | Y51: =AI51*P51 -> 142191 | Z51: =AA51*1.1 -> 96208.2 | AA51: 87462 | AC51: =(1210+1100)*Q51 -> 4620 | AD51: 0.08 | AE51: =3350*(P51) -> 70350 | AF51: =AD51+(AE51/V51) -> 0.25447917 | AG51: =IFERROR(V51*AF51+3%,0) -> 102606.03 | AH51: =V51/1.1*10%-((AI51*P51)+AG51+(AN51*P51)+(AL51*P51))*10% -> 12038.342 | AI51: =SUMIF([1]헤몬팜마진!$B$7:$B$32,$C51,[1]헤몬팜마진!$V$7:$V$32) -> 6771 | AJ51: =V51-(Y51+AG51+AH51+(AN51*P51)) -> 146364.63 | AK51: =AJ51-Z51-AB51 -> 50156.428 | AL51: =SUMIF([1]헤몬팜마진!$B$7:$B$32,$C51,[1]헤몬팜마진!$T$7:$T$32) -> 65 | AM51: =SUMIF([1]헤몬팜마진!$B$7:$B$32,$C51,[1]헤몬팜마진!$U$7:$U$32) -> 333 | AO51: 38772 | AP51: 128
A52: ACC-TOL-SAW-008-BL | C52: 컷소 배터리 1개 | D52: =AK52/V52 -> 0.069564984 | E52: =AJ52/V52 -> 0.41625977 | F52: =(Z52+AB52)/V52 -> 0.34669478 | G52: =R52/AP52 -> 0.036697248 | H52: 0 | I52: =N52*7 -> 70 | J52: =N52*14 -> 140 | K52: 494 | L52: 0 | N52: 10 | O52: 6 | P52: =O52-S52 -> 6 | R52: 4 | T52: =W52*O52 -> 298740 | U52: =W52*S52 -> 0 | V52: =T52-U52 -> 298740 | W52: 49790 | X52: =SUMIF([1]헤몬팜마진!$B$7:$B$32,$C52,[1]헤몬팜마진!$R$7:$R$32) -> 12170 | Y52: =AI52*P52 -> 111456 | Z52: =AA52*1.1 -> 103571.6 | AA52: 94156 | AC52: =(1210+1100)*Q52 -> 0 | AD52: 0.078 | AE52: =4825*(P52) -> 28950 | AF52: =AD52+(AE52/V52) -> 0.17490701 | AG52: =IFERROR(V52*AF52+3%,0) -> 52251.75 | AH52: =V52/1.1*10%-((AI52*P52)+AG52+(AN52*P52)+(AL52*P52))*10% -> 10678.807 | AI52: =SUMIF([1]헤몬팜마진!$B$7:$B$32,$C52,[1]헤몬팜마진!$V$7:$V$32) -> 18576 | AJ52: =V52-(Y52+AG52+AH52+(AN52*P52)) -> 124353.44 | AK52: =AJ52-Z52-AB52 -> 20781.843 | AL52: =SUMIF([1]헤몬팜마진!$B$7:$B$32,$C52,[1]헤몬팜마진!$T$7:$T$32) -> 181 | AM52: =SUMIF([1]헤몬팜마진!$B$7:$B$32,$C52,[1]헤몬팜마진!$U$7:$U$32) -> 926 | AO52: 25452 | AP52: 109
C53: 컷소 배터리 2개 | D53: =AK53/V53 -> 0.14008929 | E53: =AJ53/V53 -> 0.40846927 | F53: =(Z53+AB53)/V53 -> 0.26837998 | G53: =R53/AP53 -> 0.022222222 | H53: 0 | I53: =N53*7 -> 70 | J53: =N53*14 -> 140 | L53: 1 | N53: 10 | O53: 6 | P53: =O53-S53 -> 6 | Q53: 2 | R53: 4 | T53: =W53*O53 -> 347280 | U53: =W53*S53 -> 0 | V53: =T53-U53 -> 347280 | W53: 57880 | X53: =SUMIF([1]헤몬팜마진!$B$7:$B$32,$C53,[1]헤몬팜마진!$R$7:$R$32) -> 12170 | Y53: =AI53*P53 -> 137256 | Z53: =AA53*1.1 -> 93203 | AA53: 84730 | AC53: =(1210+1100)*Q53 -> 4620 | AD53: 0.078 | AE53: =4825*(P53) -> 28950 | AF53: =AD53+(AE53/V53) -> 0.16136213 | AG53: =IFERROR(V53*AF53+3%,0) -> 56037.87 | AH53: =V53/1.1*10%-((AI53*P53)+AG53+(AN53*P53)+(AL53*P53))*10% -> 12132.922 | AI53: =SUMIF([1]헤몬팜마진!$B$7:$B$32,$C53,[1]헤몬팜마진!$V$7:$V$32) -> 22876 | AJ53: =V53-(Y53+AG53+AH53+(AN53*P53)) -> 141853.21 | AK53: =AJ53-Z53-AB53 -> 48650.208 | AL53: =SUMIF([1]헤몬팜마진!$B$7:$B$32,$C53,[1]헤몬팜마진!$T$7:$T$32) -> 181 | AM53: =SUMIF([1]헤몬팜마진!$B$7:$B$32,$C53,[1]헤몬팜마진!$U$7:$U$32) -> 926 | AO53: 28101 | AP53: 180
A54: ACC-BLE-POR-001 | C54: 믹서기 | D54: =AK54/V54 -> 0.35200486 | E54: =AJ54/V54 -> 0.49827709 | F54: =(Z54+AB54)/V54 -> 0.14627223 | G54: =R54/AP54 -> 0.052356021 | H54: 2000 | I54: =N54*7 -> 700 | J54: =N54*14 -> 1400 | K54: 2373 | L54: 3 | N54: 100 | O54: 19 | P54: =O54-S54 -> 19 | Q54: 6 | R54: 10 | T54: =W54*O54 -> 337440 | U54: =W54*S54 -> 0 | V54: =T54-U54 -> 337440 | W54: 17760 | X54: =SUMIF([1]헤몬팜마진!$B$7:$B$32,$C54,[1]헤몬팜마진!$R$7:$R$32) -> 3983 | Y54: =AI54*P54 -> 91903 | Z54: =AA54*1.1 -> 49358.1 | AA54: =23432+21439 -> 44871 | AC54: =(1210+1100)*Q54 -> 13860 | AD54: 0.078 | AE54: =1900*(P54) -> 36100 | AF54: =AD54+(AE54/V54) -> 0.18498198 | AG54: =IFERROR(V54*AF54+3%,0) -> 62420.35 | AH54: =V54/1.1*10%-((AI54*P54)+AG54+(AN54*P54)+(AL54*P54))*10% -> 14978.029 | AI54: =SUMIF([1]헤몬팜마진!$B$7:$B$32,$C54,[1]헤몬팜마진!$V$7:$V$32) -> 4837 | AJ54: =V54-(Y54+AG54+AH54+(AN54*P54)) -> 168138.62 | AK54: =AJ54-Z54-AB54 -> 118780.52 | AL54: =SUMIF([1]헤몬팜마진!$B$7:$B$32,$C54,[1]헤몬팜마진!$T$7:$T$32) -> 140 | AM54: =SUMIF([1]헤몬팜마진!$B$7:$B$32,$C54,[1]헤몬팜마진!$U$7:$U$32) -> 714 | AO54: 42154 | AP54: 191
A55: ACC-SHA-PET-002-WH | B55: 멀티클리퍼 (신제품) | C55: 강아지바리깡 | D55: =AK55/V55 -> 0.1666662 | E55: =AJ55/V55 -> 0.43443622 | F55: =(Z55+AB55)/V55 -> 0.26777002 | G55: =R55/AP55 -> 0.096153846 | H55: 2000 | I55: =N55*7 -> 280 | J55: =N55*14 -> 560 | K55: 1048 | L55: =311+240+1 -> 552 | N55: 40 | O55: 16 | P55: =O55-S55 -> 16 | Q55: 6 | R55: 10 | T55: =W55*O55 -> 396640 | U55: =W55*S55 -> 0 | V55: =T55-U55 -> 396640 | W55: 24790 | X55: =SUMIF([1]헤몬팜마진!$B$7:$B$32,$C55,[1]헤몬팜마진!$R$7:$R$32) -> 6859 | Y55: =AI55*P55 -> 116064 | Z55: =AA55*1.1 -> 106208.3 | AA55: 96553 | AC55: =(1210+1100)*Q55 -> 13860 | AD55: 0.108 | AE55: =3150*(P55) -> 50400 | AF55: =AD55+(AE55/V55) -> 0.23506737 | AG55: =IFERROR(V55*AF55+3%,0) -> 93237.15 | AH55: =V55/1.1*10%-((AI55*P55)+AG55+(AN55*P55)+(AL55*P55))*10% -> 15024.067 | AI55: =SUMIF([1]헤몬팜마진!$B$7:$B$32,$C55,[1]헤몬팜마진!$V$7:$V$32) -> 7254 | AJ55: =V55-(Y55+AG55+AH55+(AN55*P55)) -> 172314.78 | AK55: =AJ55-Z55-AB55 -> 66106.483 | AL55: =SUMIF([1]헤몬팜마진!$B$7:$B$32,$C55,[1]헤몬팜마진!$T$7:$T$32) -> 65 | AM55: =SUMIF([1]헤몬팜마진!$B$7:$B$32,$C55,[1]헤몬팜마진!$U$7:$U$32) -> 330 | AO55: 36707 | AP55: 104
B56: 신제품 | C56: 강아지바리깡 2개 | D56: =AK56/V56 -> -0.35454159 | E56: =AJ56/V56 -> 0.41263931 | F56: =(Z56+AB56)/V56 -> 0.7671809 | G56: =R56/AP56 -> 0.018018018 | H56: 0 | I56: =N56*7 -> 105 | J56: =N56*14 -> 210 | L56: =22+3 -> 25 | N56: 15 | O56: 2 | P56: =O56-S56 -> 2 | R56: 2 | T56: =W56*O56 -> 79600 | U56: =W56*S56 -> 0 | V56: =T56-U56 -> 79600 | W56: 39800 | X56: =SUMIF([1]헤몬팜마진!$B$7:$B$32,$C56,[1]헤몬팜마진!$R$7:$R$32) -> 13719 | Y56: =AI56*P56 -> 28226 | Z56: =AA56*1.1 -> 61067.6 | AA56: 55516 | AC56: =(1210+1100)*Q56 -> 0 | AD56: 0.108 | AE56: =3550*(P56) -> 7100 | AF56: =AD56+(AE56/V56) -> 0.19719598 | AG56: =IFERROR(V56*AF56+3%,0) -> 15696.83 | AH56: =V56/1.1*10%-((AI56*P56)+AG56+(AN56*P56)+(AL56*P56))*10% -> 2831.0806 | AI56: =SUMIF([1]헤몬팜마진!$B$7:$B$32,$C56,[1]헤몬팜마진!$V$7:$V$32) -> 14113 | AJ56: =V56-(Y56+AG56+AH56+(AN56*P56)) -> 32846.089 | AK56: =AJ56-Z56-AB56 -> -28221.511 | AL56: =SUMIF([1]헤몬팜마진!$B$7:$B$32,$C56,[1]헤몬팜마진!$T$7:$T$32) -> 65 | AM56: =SUMIF([1]헤몬팜마진!$B$7:$B$32,$C56,[1]헤몬팜마진!$U$7:$U$32) -> 330 | AO56: 35861 | AP56: 111
B57: 오픈이어 (신제품) | C57: 골전도이어폰 | D57: =AK57/V57 -> 0.10675737 | E57: =AJ57/V57 -> 0.37867672 | F57: =(Z57+AB57)/V57 -> 0.27191935 | G57: =R57/AP57 -> 0.043137255 | H57: 700 | I57: =N57*7 -> 210 | J57: =N57*14 -> 420 | K57: 954 | L57: 2 | N57: 30 | O57: 31 | P57: =O57-S57 -> 31 | Q57: 2 | R57: 22 | T57: =W57*O57 -> 613800 | U57: =W57*S57 -> 0 | V57: =T57-U57 -> 613800 | W57: 19800 | X57: =SUMIF([1]헤몬팜마진!$B$7:$B$32,$C57,[1]헤몬팜마진!$R$7:$R$32) -> 6638 | Y57: =AI57*P57 -> 207266 | Z57: =AA57*1.1 -> 166904.1 | AA57: 151731 | AC57: =(1210+1100)*Q57 -> 4620 | AD57: 0.08 | AE57: =3400*(P57) -> 105400 | AF57: =AD57+(AE57/V57) -> 0.25171717 | AG57: =IFERROR(V57*AF57+3%,0) -> 154504.03 | AH57: =V57/1.1*10%-((AI57*P57)+AG57+(AN57*P57)+(AL57*P57))*10% -> 19598.197 | AI57: =SUMIF([1]헤몬팜마진!$B$7:$B$32,$C57,[1]헤몬팜마진!$V$7:$V$32) -> 6686 | AJ57: =V57-(Y57+AG57+AH57+(AN57*P57)) -> 232431.77 | AK57: =AJ57-Z57-AB57 -> 65527.673 | AL57: =SUMIF([1]헤몬팜마진!$B$7:$B$32,$C57,[1]헤몬팜마진!$T$7:$T$32) -> 8 | AM57: =SUMIF([1]헤몬팜마진!$B$7:$B$32,$C57,[1]헤몬팜마진!$U$7:$U$32) -> 40 | AO57: 331558 | AP57: 510
A58: ACC-CAR-PUM-001-BK | C58: 공기압 주입기 | D58: =AK58/V58 -> #DIV/0! | E58: =AJ58/V58 -> #DIV/0! | F58: =(Z58+AB58)/V58 -> #DIV/0! | G58: =R58/AP58 -> #DIV/0! | H58: 0 | I58: =N58*7 -> 350 | J58: =N58*14 -> 700 | K58: 87 | L58: 0 | N58: 50 | O58: 0 | P58: =O58-S58 -> 0 | T58: =W58*O58 -> 0 | U58: =W58*S58 -> 0 | V58: =T58-U58 -> 0 | W58: 24800 | X58: =SUMIF([1]헤몬팜마진!$B$7:$B$32,$C58,[1]헤몬팜마진!$R$7:$R$32) -> 8408 | Y58: =AI58*P58 -> 0 | Z58: =AA58*1.1 -> 0 | AC58: =(1210+1100)*Q58 -> 0 | AD58: 0.1 | AE58: =1900*(P58) -> 0 | AF58: =AD58+(AE58/V58) -> #DIV/0! | AG58: =IFERROR(V58*AF58+3%,0) -> 0 | AH58: =V58/1.1*10%-((AI58*P58)+AG58+(AN58*P58)+(AL58*P58))*10% -> 0 | AI58: =SUMIF([1]헤몬팜마진!$B$7:$B$32,$C58,[1]헤몬팜마진!$V$7:$V$32) -> 8580 | AJ58: =V58-(Y58+AG58+AH58+(AN58*P58)) -> 0 | AK58: =AJ58-Z58-AB58 -> 0 | AL58: =SUMIF([1]헤몬팜마진!$B$7:$B$32,$C58,[1]헤몬팜마진!$T$7:$T$32) -> 28 | AM58: =SUMIF([1]헤몬팜마진!$B$7:$B$32,$C58,[1]헤몬팜마진!$U$7:$U$32) -> 143
D59: =AK59/V59 -> 0.1378035 | E59: =AJ59/V59 -> 0.41467658 | F59: =(Z59+AB59)/V59 -> 0.27687307 | O59: =SUM(O42:O57) -> 323 | P59: =SUM(P42:P57) -> 323 | Q59: =SUM(Q42:Q57) -> 34 | R59: =SUM(R42:R57) -> 237 | S59: =SUM(S42:S57) -> 0 | T59: =SUM(T42:T57) -> 8811400 | U59: =SUM(U42:U57) -> 0 | V59: =SUM(V42:V57) -> 8811400 | X59: =SUM(X42:X57) -> 145175 | Y59: =SUM(Y42:Y57) -> 2988025 | Z59: =SUM(Z42:Z57) -> 2439639.4 | AA59: =SUM(AA42:AA57) -> 2217854 | AB59: =SUM(AB42:AB57) -> 0 | AC59: =SUM(AC42:AC57) -> 76608 | AD59: 0.09 | AE59: =SUM(AE42:AE57) -> 1018725 | AF59: =AD59+(AE59/V59) -> 0.20561443 | AG59: =SUM(AG42:AG57) -> 1855096.6 | AH59: =SUM(AH42:AH57) -> 314397.2 | AI59: =SUM(AI42:AI57) -> 224619 | AJ59: =V59-(Y59+AG59+AH59+(AN59*P59)) -> 3653881.2 | AK59: =AJ59-Z59-AB59 -> 1214241.8 | AO59: =SUM(AO42:AO43) -> 405479 | AP59: =SUM(AP42:AP43) -> 2182
C61: 45948 | D61: 이윤율 | E61: 마진율 | F61: 광고비율 | G61: 전환율 | H61: 발주남은수량 | I61: 창고안전 | J61: 쿠팡안전 | K61: 창고재고 | L61: 쿠팡재고 | M61: 미포장분 | N61: 목표판매량 | O61: 판매수 | P61: 순판매개수 | Q61: 취소개수 | R61: 광고전환 | S61: 가구매 | T61: 매출 | U61: 가구매금액 | V61: 순매출 | W61: 판매가 | X61: 입고가 | Y61: 입고판매가 | Z61: 광고비1.1 | AA61: 광고비 | AB61: 가구매비용 | AC61: 반품회수비 | AD61: 수수료 | AE61: 택배비 | AF61: 판매수수료 | AG61: 수수료 | AH61: 부가세 | AI61: 도매가 | AJ61: 판매마진 | AK61: 순이익 | AL61: 1개당 한국 운임 물류비(KRW) | AM61: 1개당 물류비 (KRW) | AN61: 부자재값 | AO61: 노출수 | AP61: 클릭수
A62: ACC-SHA-BRD-001-BK | C62: 쉐이버 | D62: =AK62/V62 -> 0.17367686 | E62: =AJ62/V62 -> 0.42271098 | F62: =(Z62+AB62)/V62 -> 0.24903412 | G62: =R62/AP62 -> 0.082783883 | H62: 7410 | I62: =N62*7 -> 1400 | J62: =N62*14 -> 2800 | K62: 76 | L62: =1906+1320 -> 3226 | N62: 200 | O62: 258 | P62: =O62-S62 -> 258 | Q62: 11 | R62: 226 | T62: =W62*O62 -> 7198200 | U62: =W62*S62 -> 0 | V62: =T62-U62 -> 7198200 | W62: 27900 | X62: =SUMIF([1]헤몬팜마진!$B$7:$B$32,$C62,[1]헤몬팜마진!$R$7:$R$32) -> 8851 | Y62: =AI62*P62 -> 2385210 | Z62: =AA62*1.1 -> 1792597.4 | AA62: 1629634 | AC62: =(1072+1100)*Q62 -> 23892 | AD62: 0.1 | AE62: =3050*(P62) -> 786900 | AF62: =AD62+(AE62/V62) -> 0.209319 | AG62: =IFERROR(V62*AF62+3%,0) -> 1506720 | AH62: =V62/1.1*10%-((AI62*P62)+AG62+(AN62*P62)+(AL62*P62))*10% -> 263511.82 | AI62: =SUMIF([1]헤몬팜마진!$B$7:$B$32,$C62,[1]헤몬팜마진!$V$7:$V$32) -> 9245 | AJ62: =V62-(Y62+AG62+AH62+(AN62*P62)) -> 3042758.2 | AK62: =AJ62-Z62-AB62 -> 1250160.8 | AL62: =SUMIF([1]헤몬팜마진!$B$7:$B$32,$C62,[1]헤몬팜마진!$T$7:$T$32) -> 65 | AM62: =SUMIF([1]헤몬팜마진!$B$7:$B$32,$C62,[1]헤몬팜마진!$U$7:$U$32) -> 330 | AO62: 513963 | AP62: 2730
A63: ACC-SHA-BRD-004-BK | C63: 일자면도기 | D63: =AK63/V63 -> #DIV/0! | E63: =AJ63/V63 -> #DIV/0! | F63: =(Z63+AB63)/V63 -> #DIV/0! | G63: =R63/AP63 -> #DIV/0! | H63: 1460 | I63: =N63*7 -> 140 | J63: =N63*14 -> 280 | K63: 325 | L63: 0 | N63: 20 | O63: 0 | P63: =O63-S63 -> 0 | T63: =W63*O63 -> 0 | U63: =W63*S63 -> 0 | V63: =T63-U63 -> 0 | W63: 22700 | X63: =SUMIF([1]헤몬팜마진!$B$7:$B$32,$C63,[1]헤몬팜마진!$R$7:$R$32) -> 7081 | Y63: =AI63*P63 -> 0 | Z63: =AA63*1.1 -> 0 | AC63: =(1072+1100)*Q63 -> 0 | AD63: 0.1 | AE63: =2950*(P63) -> 0 | AF63: =AD63+(AE63/V63) -> #DIV/0! | AG63: =IFERROR(V63*AF63+3%,0) -> 0 | AH63: =V63/1.1*10%-((AI63*P63)+AG63+(AN63*P63)+(AL63*P63))*10% -> 0 | AI63: =SUMIF([1]헤몬팜마진!$B$7:$B$32,$C63,[1]헤몬팜마진!$V$7:$V$32) -> 7377 | AJ63: =V63-(Y63+AG63+AH63+(AN63*P63)) -> 0 | AK63: =AJ63-Z63-AB63 -> 0 | AL63: =SUMIF([1]헤몬팜마진!$B$7:$B$32,$C63,[1]헤몬팜마진!$T$7:$T$32) -> 49 | AM63: =SUMIF([1]헤몬팜마진!$B$7:$B$32,$C63,[1]헤몬팜마진!$U$7:$U$32) -> 248
A64: ACC-TOL-DRI-012-BL | C64: 프라임 1개 | D64: =AK64/V64 -> 0.28583006 | E64: =AJ64/V64 -> 0.38830917 | F64: =(Z64+AB64)/V64 -> 0.1024791 | G64: =R64/AP64 -> 0.032432432 | H64: 0 | I64: =N64*7 -> 105 | J64: =N64*14 -> 210 | K64: 430 | L64: =40+3+3 -> 46 | N64: 15 | O64: 7 | P64: =O64-S64 -> 7 | R64: 6 | T64: =W64*O64 -> 320600 | U64: =W64*S64 -> 0 | V64: =T64-U64 -> 320600 | W64: 45800 | X64: =SUMIF([1]헤몬팜마진!$B$7:$B$32,$C64,[1]헤몬팜마진!$R$7:$R$32) -> 9990 | Y64: =AI64*P64 -> 121324 | Z64: =AA64*1.1 -> 32854.8 | AA64: 29868 | AC64: =(1210+1100)*Q64 -> 0 | AD64: 0.11 | AE64: =4150*(P64) -> 29050 | AF64: =AD64+(AE64/V64) -> 0.20061135 | AG64: =IFERROR(V64*AF64+3%,0) -> 64316.03 | AH64: =V64/1.1*10%-((AI64*P64)+AG64+(AN64*P64)+(AL64*P64))*10% -> 10468.052 | AI64: =SUMIF([1]헤몬팜마진!$B$7:$B$32,$C64,[1]헤몬팜마진!$V$7:$V$32) -> 17332 | AJ64: =V64-(Y64+AG64+AH64+(AN64*P64)) -> 124491.92 | AK64: =AJ64-Z64-AB64 -> 91637.118 | AL64: =SUMIF([1]헤몬팜마진!$B$7:$B$32,$C64,[1]헤몬팜마진!$T$7:$T$32) -> 162 | AM64: =SUMIF([1]헤몬팜마진!$B$7:$B$32,$C64,[1]헤몬팜마진!$U$7:$U$32) -> 827 | AO64: 41209 | AP64: 185
C65: 프라임 2개 | D65: =AK65/V65 -> -0.32096159 | E65: =AJ65/V65 -> 0.31462923 | F65: =(Z65+AB65)/V65 -> 0.63559081 | G65: =R65/AP65 -> 0.027777778 | H65: 0 | I65: =N65*7 -> 105 | J65: =N65*14 -> 210 | L65: =13+2 -> 15 | N65: 15 | O65: 4 | P65: =O65-S65 -> 4 | Q65: 1 | R65: 5 | T65: =W65*O65 -> 187200 | U65: =W65*S65 -> 0 | V65: =T65-U65 -> 187200 | W65: 46800 | X65: =SUMIF([1]헤몬팜마진!$B$7:$B$32,$C65,[1]헤몬팜마진!$R$7:$R$32) -> 9990 | Y65: =AI65*P65 -> 86528 | Z65: =AA65*1.1 -> 118982.6 | AA65: =84900+23266 -> 108166 | AC65: =(1210+1100)*Q65 -> 2310 | AD65: 0.11 | AE65: =4150*(P65) -> 16600 | AF65: =AD65+(AE65/V65) -> 0.19867521 | AG65: =IFERROR(V65*AF65+3%,0) -> 37192.03 | AH65: =V65/1.1*10%-((AI65*P65)+AG65+(AN65*P65)+(AL65*P65))*10% -> 4581.3788 | AI65: =SUMIF([1]헤몬팜마진!$B$7:$B$32,$C65,[1]헤몬팜마진!$V$7:$V$32) -> 21632 | AJ65: =V65-(Y65+AG65+AH65+(AN65*P65)) -> 58898.591 | AK65: =AJ65-Z65-AB65 -> -60084.009 | AL65: =SUMIF([1]헤몬팜마진!$B$7:$B$32,$C65,[1]헤몬팜마진!$T$7:$T$32) -> 162 | AM65: =SUMIF([1]헤몬팜마진!$B$7:$B$32,$C65,[1]헤몬팜마진!$U$7:$U$32) -> 827 | AO65: 49875 | AP65: 180
A66: ACC-TOL-WAS-002-BK | C66: 뉴 고압세척기 배터리 1개 | D66: =AK66/V66 -> -0.42441937 | E66: =AJ66/V66 -> 0.40132686 | F66: =(Z66+AB66)/V66 -> 0.82574623 | G66: =R66/AP66 -> 0.013986014 | H66: 0 | I66: =N66*7 -> 140 | J66: =N66*14 -> 280 | K66: 343 | L66: =97+42+48+31+19+10 -> 247 | N66: 20 | O66: 3 | P66: =O66-S66 -> 3 | R66: 2 | T66: =W66*O66 -> 119400 | U66: =W66*S66 -> 0 | V66: =T66-U66 -> 119400 | W66: 39800 | X66: =SUMIF([1]헤몬팜마진!$B$7:$B$32,$C66,[1]헤몬팜마진!$R$7:$R$32) -> 7855 | Y66: =AI66*P66 -> 45420 | Z66: =AA66*1.1 -> 98594.1 | AA66: 89631 | AC66: =(1210+1100)*Q66 -> 0 | AD66: 0.08 | AE66: =4150*(P66) -> 12450 | AF66: =AD66+(AE66/V66) -> 0.18427136 | AG66: =IFERROR(V66*AF66+3%,0) -> 22002.03 | AH66: =V66/1.1*10%-((AI66*P66)+AG66+(AN66*P66)+(AL66*P66))*10% -> 4059.5425 | AI66: =SUMIF([1]헤몬팜마진!$B$7:$B$32,$C66,[1]헤몬팜마진!$V$7:$V$32) -> 15140 | AJ66: =V66-(Y66+AG66+AH66+(AN66*P66)) -> 47918.428 | AK66: =AJ66-Z66-AB66 -> -50675.672 | AL66: =SUMIF([1]헤몬팜마진!$B$7:$B$32,$C66,[1]헤몬팜마진!$T$7:$T$32) -> 176 | AM66: =SUMIF([1]헤몬팜마진!$B$7:$B$32,$C66,[1]헤몬팜마진!$U$7:$U$32) -> 900 | AO66: 36067 | AP66: 143
C67: 뉴 고압세척기 | D67: =AK67/V67 -> -0.10666874 | E67: =AJ67/V67 -> 0.39158767 | F67: =(Z67+AB67)/V67 -> 0.49825641 | G67: =R67/AP67 -> 0 | I67: =N67*7 -> 105 | J67: =N67*14 -> 210 | L67: =74+42+48+18+8+2 -> 192 | N67: 15 | O67: 3 | P67: =O67-S67 -> 3 | R67: 0 | T67: =W67*O67 -> 128700 | U67: =W67*S67 -> 0 | V67: =T67-U67 -> 128700 | W67: 42900 | X67: =SUMIF([1]헤몬팜마진!$B$7:$B$32,$C67,[1]헤몬팜마진!$R$7:$R$32) -> 7855 | Y67: =AI67*P67 -> 58323 | Z67: =AA67*1.1 -> 64125.6 | AA67: 58296 | AC67: =(1210+1100)*Q67 -> 0 | AD67: 0.078 | AE67: =1900*(P67) -> 5700 | AF67: =AD67+(AE67/V67) -> 0.12228904 | AG67: =IFERROR(V67*AF67+3%,0) -> 15738.63 | AH67: =V67/1.1*10%-((AI67*P67)+AG67+(AN67*P67)+(AL67*P67))*10% -> 4241.037 | AI67: =SUMIF([1]헤몬팜마진!$B$7:$B$32,$C67,[1]헤몬팜마진!$V$7:$V$32) -> 19441 | AJ67: =V67-(Y67+AG67+AH67+(AN67*P67)) -> 50397.333 | AK67: =AJ67-Z67-AB67 -> -13728.267 | AL67: =SUMIF([1]헤몬팜마진!$B$7:$B$32,$C67,[1]헤몬팜마진!$T$7:$T$32) -> 176 | AM67: =SUMIF([1]헤몬팜마진!$B$7:$B$32,$C67,[1]헤몬팜마진!$U$7:$U$32) -> 900 | AO67: 51259 | AP67: 133
A68: ACC-TOL-MOW-001-BL | C68: 다밴다 1개 | D68: =AK68/V68 -> #DIV/0! | E68: =AJ68/V68 -> #DIV/0! | F68: =(Z68+AB68)/V68 -> #DIV/0! | G68: =R68/AP68 -> #DIV/0! | H68: 3504 | I68: =N68*7 -> 210 | J68: =N68*14 -> 420 | K68: 626 | L68: =30+13+6 -> 49 | N68: 30 | P68: =O68-S68 -> 0 | T68: =W68*O68 -> 0 | U68: =W68*S68 -> 0 | V68: =T68-U68 -> 0 | W68: 59800 | X68: =SUMIF([1]헤몬팜마진!$B$7:$B$32,$C68,[1]헤몬팜마진!$R$7:$R$32) -> 13276 | Y68: =AI68*P68 -> 0 | Z68: =AA68*1.1 -> 0 | AC68: =(1210+1100)*Q68 -> 0 | AD68: 0.108 | AE68: =4825*(P68) -> 0 | AF68: =AD68+(AE68/V68) -> #DIV/0! | AG68: =IFERROR(V68*AF68+3%,0) -> 0 | AH68: =V68/1.1*10%-((AI68*P68)+AG68+(AN68*P68)+(AL68*P68))*10% -> 0 | AI68: =SUMIF([1]헤몬팜마진!$B$7:$B$32,$C68,[1]헤몬팜마진!$V$7:$V$32) -> 21956 | AJ68: =V68-(Y68+AG68+AH68+(AN68*P68)) -> 0 | AK68: =AJ68-Z68-AB68 -> 0 | AL68: =SUMIF([1]헤몬팜마진!$B$7:$B$32,$C68,[1]헤몬팜마진!$T$7:$T$32) -> 372 | AM68: =SUMIF([1]헤몬팜마진!$B$7:$B$32,$C68,[1]헤몬팜마진!$U$7:$U$32) -> 1896
A69: ACC-TOL-MOW-001-BL | C69: 다벤다 2개 | D69: =AK69/V69 -> 0.80024326 | E69: =AJ69/V69 -> 0.41153876 | F69: =(Z69+AB69)/V69 -> -0.3887045 | G69: =R69/AP69 -> 0 | H69: 0 | I69: =N69*7 -> 210 | J69: =N69*14 -> 420 | L69: =4+11+18+38+129 -> 200 | N69: 30 | O69: -1 | P69: =O69-S69 -> -1 | Q69: 1 | T69: =W69*O69 -> -69780 | U69: =W69*S69 -> 0 | V69: =T69-U69 -> -69780 | W69: 69780 | X69: =SUMIF([1]헤몬팜마진!$B$7:$B$32,$C69,[1]헤몬팜마진!$R$7:$R$32) -> 13276 | Y69: =AI69*P69 -> -26257 | Z69: =AA69*1.1 -> 27123.8 | AA69: 24658 | AC69: =(1210+1100)*Q69 -> 2310 | AD69: 0.108 | AE69: =4825*(P69) -> -4825 | AF69: =AD69+(AE69/V69) -> 0.17714589 | AG69: =IFERROR(V69*AF69+3%,0) -> -12361.21 | AH69: =V69/1.1*10%-((AI69*P69)+AG69+(AN69*P69)+(AL69*P69))*10% -> -2444.6154 | AI69: =SUMIF([1]헤몬팜마진!$B$7:$B$32,$C69,[1]헤몬팜마진!$V$7:$V$32) -> 26257 | AJ69: =V69-(Y69+AG69+AH69+(AN69*P69)) -> -28717.175 | AK69: =AJ69-Z69-AB69 -> -55840.975 | AL69: =SUMIF([1]헤몬팜마진!$B$7:$B$32,$C69,[1]헤몬팜마진!$T$7:$T$32) -> 372 | AM69: =SUMIF([1]헤몬팜마진!$B$7:$B$32,$C69,[1]헤몬팜마진!$U$7:$U$32) -> 1896 | AO69: 13867 | AP69: 38
A70: ACC-CHA-CAR-002-BK | C70: 시거잭 | D70: =AK70/V70 -> -1.1944161 | E70: =AJ70/V70 -> 0.39082583 | F70: =(Z70+AB70)/V70 -> 1.5852419 | G70: =R70/AP70 -> 0 | H70: 500 | I70: =N70*7 -> 105 | J70: =N70*14 -> 210 | K70: 577 | L70: 211 | N70: 15 | O70: 3 | P70: =O70-S70 -> 3 | Q70: 1 | T70: =W70*O70 -> 48360 | U70: =W70*S70 -> 0 | V70: =T70-U70 -> 48360 | W70: 16120 | X70: =SUMIF([1]헤몬팜마진!$B$7:$B$32,$C70,[1]헤몬팜마진!$R$7:$R$32) -> 5089 | Y70: =AI70*P70 -> 15378 | Z70: =AA70*1.1 -> 76662.3 | AA70: 69693 | AC70: =(1210+1100)*Q70 -> 2310 | AD70: 0.078 | AE70: =2900*(P70) -> 8700 | AF70: =AD70+(AE70/V70) -> 0.25790074 | AG70: =IFERROR(V70*AF70+3%,0) -> 12472.11 | AH70: =V70/1.1*10%-((AI70*P70)+AG70+(AN70*P70)+(AL70*P70))*10% -> 1609.5526 | AI70: =SUMIF([1]헤몬팜마진!$B$7:$B$32,$C70,[1]헤몬팜마진!$V$7:$V$32) -> 5126 | AJ70: =V70-(Y70+AG70+AH70+(AN70*P70)) -> 18900.337 | AK70: =AJ70-Z70-AB70 -> -57761.963 | AL70: =SUMIF([1]헤몬팜마진!$B$7:$B$32,$C70,[1]헤몬팜마진!$T$7:$T$32) -> 6 | AM70: =SUMIF([1]헤몬팜마진!$B$7:$B$32,$C70,[1]헤몬팜마진!$U$7:$U$32) -> 31 | AO70: 55279 | AP70: 120
A71: ACC-MOS-RAC-004 | C71: 모기지옥 | D71: =AK71/V71 -> 0.092015197 | E71: =AJ71/V71 -> 0.36300751 | F71: =(Z71+AB71)/V71 -> 0.27099231 | G71: =R71/AP71 -> 0.12 | H71: 1750 | I71: =N71*7 -> 350 | J71: =N71*14 -> 700 | K71: 1449 | L71: 1217 | N71: 50 | O71: 21 | P71: =O71-S71 -> 21 | Q71: 4 | R71: 15 | T71: =W71*O71 -> 403200 | U71: =W71*S71 -> 0 | V71: =T71-U71 -> 403200 | W71: 19200 | X71: =SUMIF([1]헤몬팜마진!$B$7:$B$32,$C71,[1]헤몬팜마진!$R$7:$R$32) -> 6373 | Y71: =AI71*P71 -> 142191 | Z71: =AA71*1.1 -> 109264.1 | AA71: =81864+17467 -> 99331 | AC71: =(1210+1100)*Q71 -> 9240 | AD71: 0.08 | AE71: =3350*(P71) -> 70350 | AF71: =AD71+(AE71/V71) -> 0.25447917 | AG71: =IFERROR(V71*AF71+3%,0) -> 102606.03 | AH71: =V71/1.1*10%-((AI71*P71)+AG71+(AN71*P71)+(AL71*P71))*10% -> 12038.342 | AI71: =SUMIF([1]헤몬팜마진!$B$7:$B$32,$C71,[1]헤몬팜마진!$V$7:$V$32) -> 6771 | AJ71: =V71-(Y71+AG71+AH71+(AN71*P71)) -> 146364.63 | AK71: =AJ71-Z71-AB71 -> 37100.528 | AL71: =SUMIF([1]헤몬팜마진!$B$7:$B$32,$C71,[1]헤몬팜마진!$T$7:$T$32) -> 65 | AM71: =SUMIF([1]헤몬팜마진!$B$7:$B$32,$C71,[1]헤몬팜마진!$U$7:$U$32) -> 333 | AO71: 47191 | AP71: 125
A72: ACC-TOL-SAW-008-BL | C72: 컷소 배터리 1개 | D72: =AK72/V72 -> -1.7985649 | E72: =AJ72/V72 -> 0.41625932 | F72: =(Z72+AB72)/V72 -> 2.2148243 | G72: =R72/AP72 -> 0.013986014 | H72: 0 | I72: =N72*7 -> 70 | J72: =N72*14 -> 140 | K72: 494 | L72: 0 | N72: 10 | O72: 1 | P72: =O72-S72 -> 1 | Q72: 2 | R72: 2 | T72: =W72*O72 -> 49790 | U72: =W72*S72 -> 0 | V72: =T72-U72 -> 49790 | W72: 49790 | X72: =SUMIF([1]헤몬팜마진!$B$7:$B$32,$C72,[1]헤몬팜마진!$R$7:$R$32) -> 12170 | Y72: =AI72*P72 -> 18576 | Z72: =AA72*1.1 -> 110276.1 | AA72: 100251 | AC72: =(1210+1100)*Q72 -> 4620 | AD72: 0.078 | AE72: =4825*(P72) -> 4825 | AF72: =AD72+(AE72/V72) -> 0.17490701 | AG72: =IFERROR(V72*AF72+3%,0) -> 8708.65 | AH72: =V72/1.1*10%-((AI72*P72)+AG72+(AN72*P72)+(AL72*P72))*10% -> 1779.7986 | AI72: =SUMIF([1]헤몬팜마진!$B$7:$B$32,$C72,[1]헤몬팜마진!$V$7:$V$32) -> 18576 | AJ72: =V72-(Y72+AG72+AH72+(AN72*P72)) -> 20725.551 | AK72: =AJ72-Z72-AB72 -> -89550.549 | AL72: =SUMIF([1]헤몬팜마진!$B$7:$B$32,$C72,[1]헤몬팜마진!$T$7:$T$32) -> 181 | AM72: =SUMIF([1]헤몬팜마진!$B$7:$B$32,$C72,[1]헤몬팜마진!$U$7:$U$32) -> 926 | AO72: 30959 | AP72: 143
C73: 컷소 배터리 2개 | D73: =AK73/V73 -> 0.24111692 | E73: =AJ73/V73 -> 0.4084693 | F73: =(Z73+AB73)/V73 -> 0.16735238 | G73: =R73/AP73 -> 0.040816327 | H73: 0 | I73: =N73*7 -> 70 | J73: =N73*14 -> 140 | L73: 1 | N73: 10 | O73: 9 | P73: =O73-S73 -> 9 | Q73: 1 | R73: 8 | T73: =W73*O73 -> 520920 | U73: =W73*S73 -> 0 | V73: =T73-U73 -> 520920 | W73: 57880 | X73: =SUMIF([1]헤몬팜마진!$B$7:$B$32,$C73,[1]헤몬팜마진!$R$7:$R$32) -> 12170 | Y73: =AI73*P73 -> 205884 | Z73: =AA73*1.1 -> 87177.2 | AA73: 79252 | AC73: =(1210+1100)*Q73 -> 2310 | AD73: 0.078 | AE73: =4825*(P73) -> 43425 | AF73: =AD73+(AE73/V73) -> 0.16136213 | AG73: =IFERROR(V73*AF73+3%,0) -> 84056.79 | AH73: =V73/1.1*10%-((AI73*P73)+AG73+(AN73*P73)+(AL73*P73))*10% -> 18199.385 | AI73: =SUMIF([1]헤몬팜마진!$B$7:$B$32,$C73,[1]헤몬팜마진!$V$7:$V$32) -> 22876 | AJ73: =V73-(Y73+AG73+AH73+(AN73*P73)) -> 212779.83 | AK73: =AJ73-Z73-AB73 -> 125602.63 | AL73: =SUMIF([1]헤몬팜마진!$B$7:$B$32,$C73,[1]헤몬팜마진!$T$7:$T$32) -> 181 | AM73: =SUMIF([1]헤몬팜마진!$B$7:$B$32,$C73,[1]헤몬팜마진!$U$7:$U$32) -> 926 | AO73: 37878 | AP73: 196
A74: ACC-BLE-POR-001 | C74: 믹서기 | D74: =AK74/V74 -> 0.2941548 | E74: =AJ74/V74 -> 0.49827708 | F74: =(Z74+AB74)/V74 -> 0.20412228 | G74: =R74/AP74 -> 0.03202847 | H74: 2000 | I74: =N74*7 -> 700 | J74: =N74*14 -> 1400 | K74: 2373 | L74: 3 | N74: 100 | O74: 17 | P74: =O74-S74 -> 17 | R74: 9 | T74: =W74*O74 -> 301920 | U74: =W74*S74 -> 0 | V74: =T74-U74 -> 301920 | W74: 17760 | X74: =SUMIF([1]헤몬팜마진!$B$7:$B$32,$C74,[1]헤몬팜마진!$R$7:$R$32) -> 3983 | Y74: =AI74*P74 -> 82229 | Z74: =AA74*1.1 -> 61628.6 | AA74: =30166+25860 -> 56026 | AC74: =(1210+1100)*Q74 -> 0 | AD74: 0.078 | AE74: =1900*(P74) -> 32300 | AF74: =AD74+(AE74/V74) -> 0.18498198 | AG74: =IFERROR(V74*AF74+3%,0) -> 55849.79 | AH74: =V74/1.1*10%-((AI74*P74)+AG74+(AN74*P74)+(AL74*P74))*10% -> 13401.394 | AI74: =SUMIF([1]헤몬팜마진!$B$7:$B$32,$C74,[1]헤몬팜마진!$V$7:$V$32) -> 4837 | AJ74: =V74-(Y74+AG74+AH74+(AN74*P74)) -> 150439.82 | AK74: =AJ74-Z74-AB74 -> 88811.216 | AL74: =SUMIF([1]헤몬팜마진!$B$7:$B$32,$C74,[1]헤몬팜마진!$T$7:$T$32) -> 140 | AM74: =SUMIF([1]헤몬팜마진!$B$7:$B$32,$C74,[1]헤몬팜마진!$U$7:$U$32) -> 714 | AO74: 63207 | AP74: 281
A75: ACC-SHA-PET-002-WH | B75: 멀티클리퍼 (신제품) | C75: 강아지바리깡 | D75: =AK75/V75 -> 0.27597989 | E75: =AJ75/V75 -> 0.43443626 | F75: =(Z75+AB75)/V75 -> 0.15845637 | G75: =R75/AP75 -> 0.13888889 | H75: 2000 | I75: =N75*7 -> 280 | J75: =N75*14 -> 560 | K75: 1048 | L75: =311+240+1 -> 552 | N75: 40 | O75: 33 | P75: =O75-S75 -> 33 | Q75: 3 | R75: 20 | T75: =W75*O75 -> 818070 | U75: =W75*S75 -> 0 | V75: =T75-U75 -> 818070 | W75: 24790 | X75: =SUMIF([1]헤몬팜마진!$B$7:$B$32,$C75,[1]헤몬팜마진!$R$7:$R$32) -> 6859 | Y75: =AI75*P75 -> 239382 | Z75: =AA75*1.1 -> 129628.4 | AA75: 117844 | AC75: =(1210+1100)*Q75 -> 6930 | AD75: 0.108 | AE75: =3150*(P75) -> 103950 | AF75: =AD75+(AE75/V75) -> 0.23506737 | AG75: =IFERROR(V75*AF75+3%,0) -> 192301.59 | AH75: =V75/1.1*10%-((AI75*P75)+AG75+(AN75*P75)+(AL75*P75))*10% -> 30987.141 | AI75: =SUMIF([1]헤몬팜마진!$B$7:$B$32,$C75,[1]헤몬팜마진!$V$7:$V$32) -> 7254 | AJ75: =V75-(Y75+AG75+AH75+(AN75*P75)) -> 355399.27 | AK75: =AJ75-Z75-AB75 -> 225770.87 | AL75: =SUMIF([1]헤몬팜마진!$B$7:$B$32,$C75,[1]헤몬팜마진!$T$7:$T$32) -> 65 | AM75: =SUMIF([1]헤몬팜마진!$B$7:$B$32,$C75,[1]헤몬팜마진!$U$7:$U$32) -> 330 | AO75: 37015 | AP75: 144
B76: 신제품 | C76: 강아지바리깡 2개 | D76: =AK76/V76 -> -0.10752526 | E76: =AJ76/V76 -> 0.41263931 | F76: =(Z76+AB76)/V76 -> 0.52016457 | G76: =R76/AP76 -> 0.0084745763 | H76: 0 | I76: =N76*7 -> 105 | J76: =N76*14 -> 210 | L76: =22+3 -> 25 | N76: 15 | O76: 2 | P76: =O76-S76 -> 2 | R76: 1 | T76: =W76*O76 -> 79600 | U76: =W76*S76 -> 0 | V76: =T76-U76 -> 79600 | W76: 39800 | X76: =SUMIF([1]헤몬팜마진!$B$7:$B$32,$C76,[1]헤몬팜마진!$R$7:$R$32) -> 13719 | Y76: =AI76*P76 -> 28226 | Z76: =AA76*1.1 -> 41405.1 | AA76: 37641 | AC76: =(1210+1100)*Q76 -> 0 | AD76: 0.108 | AE76: =3550*(P76) -> 7100 | AF76: =AD76+(AE76/V76) -> 0.19719598 | AG76: =IFERROR(V76*AF76+3%,0) -> 15696.83 | AH76: =V76/1.1*10%-((AI76*P76)+AG76+(AN76*P76)+(AL76*P76))*10% -> 2831.0806 | AI76: =SUMIF([1]헤몬팜마진!$B$7:$B$32,$C76,[1]헤몬팜마진!$V$7:$V$32) -> 14113 | AJ76: =V76-(Y76+AG76+AH76+(AN76*P76)) -> 32846.089 | AK76: =AJ76-Z76-AB76 -> -8559.0106 | AL76: =SUMIF([1]헤몬팜마진!$B$7:$B$32,$C76,[1]헤몬팜마진!$T$7:$T$32) -> 65 | AM76: =SUMIF([1]헤몬팜마진!$B$7:$B$32,$C76,[1]헤몬팜마진!$U$7:$U$32) -> 330 | AO76: 39693 | AP76: 118
B77: 오픈이어 (신제품) | C77: 골전도이어폰 | D77: =AK77/V77 -> 0.1425059 | E77: =AJ77/V77 -> 0.37867673 | F77: =(Z77+AB77)/V77 -> 0.23617083 | G77: =R77/AP77 -> 0.041139241 | H77: 700 | I77: =N77*7 -> 210 | J77: =N77*14 -> 420 | K77: 954 | L77: 2 | N77: 30 | O77: 40 | P77: =O77-S77 -> 40 | Q77: 1 | R77: 26 | T77: =W77*O77 -> 792000 | U77: =W77*S77 -> 0 | V77: =T77-U77 -> 792000 | W77: 19800 | X77: =SUMIF([1]헤몬팜마진!$B$7:$B$32,$C77,[1]헤몬팜마진!$R$7:$R$32) -> 6638 | Y77: =AI77*P77 -> 267440 | Z77: =AA77*1.1 -> 187047.3 | AA77: 170043 | AC77: =(1210+1100)*Q77 -> 2310 | AD77: 0.08 | AE77: =3400*(P77) -> 136000 | AF77: =AD77+(AE77/V77) -> 0.25171717 | AG77: =IFERROR(V77*AF77+3%,0) -> 199360.03 | AH77: =V77/1.1*10%-((AI77*P77)+AG77+(AN77*P77)+(AL77*P77))*10% -> 25287.997 | AI77: =SUMIF([1]헤몬팜마진!$B$7:$B$32,$C77,[1]헤몬팜마진!$V$7:$V$32) -> 6686 | AJ77: =V77-(Y77+AG77+AH77+(AN77*P77)) -> 299911.97 | AK77: =AJ77-Z77-AB77 -> 112864.67 | AL77: =SUMIF([1]헤몬팜마진!$B$7:$B$32,$C77,[1]헤몬팜마진!$T$7:$T$32) -> 8 | AM77: =SUMIF([1]헤몬팜마진!$B$7:$B$32,$C77,[1]헤몬팜마진!$U$7:$U$32) -> 40 | AO77: 273425 | AP77: 632
A78: ACC-CAR-PUM-001-BK | C78: 공기압 주입기 | D78: =AK78/V78 -> 0.43888232 | E78: =AJ78/V78 -> 0.43888232 | F78: =(Z78+AB78)/V78 -> 0 | G78: =R78/AP78 -> #DIV/0! | H78: 0 | I78: =N78*7 -> 350 | J78: =N78*14 -> 700 | K78: 87 | L78: 0 | N78: 50 | O78: -1 | P78: =O78-S78 -> -1 | Q78: 1 | T78: =W78*O78 -> -24800 | U78: =W78*S78 -> 0 | V78: =T78-U78 -> -24800 | W78: 24800 | X78: =SUMIF([1]헤몬팜마진!$B$7:$B$32,$C78,[1]헤몬팜마진!$R$7:$R$32) -> 8408 | Y78: =AI78*P78 -> -8580 | Z78: =AA78*1.1 -> 0 | AC78: =(1210+1100)*Q78 -> 2310 | AD78: 0.1 | AE78: =1900*(P78) -> -1900 | AF78: =AD78+(AE78/V78) -> 0.1766129 | AG78: =IFERROR(V78*AF78+3%,0) -> -4379.97 | AH78: =V78/1.1*10%-((AI78*P78)+AG78+(AN78*P78)+(AL78*P78))*10% -> -955.74845 | AI78: =SUMIF([1]헤몬팜마진!$B$7:$B$32,$C78,[1]헤몬팜마진!$V$7:$V$32) -> 8580 | AJ78: =V78-(Y78+AG78+AH78+(AN78*P78)) -> -10884.282 | AK78: =AJ78-Z78-AB78 -> -10884.282 | AL78: =SUMIF([1]헤몬팜마진!$B$7:$B$32,$C78,[1]헤몬팜마진!$T$7:$T$32) -> 28 | AM78: =SUMIF([1]헤몬팜마진!$B$7:$B$32,$C78,[1]헤몬팜마진!$U$7:$U$32) -> 143
D79: =AK79/V79 -> 0.14642329 | E79: =AJ79/V79 -> 0.41595154 | F79: =(Z79+AB79)/V79 -> 0.26952825 | O79: =SUM(O62:O78) -> 399 | P79: =SUM(P62:P77) -> 400 | Q79: =SUM(Q62:Q78) -> 26 | R79: =SUM(R62:R77) -> 320 | S79: =SUM(S62:S77) -> 0 | T79: =SUM(T62:T77) -> 10898180 | U79: =SUM(U62:U77) -> 0 | V79: =SUM(V62:V77) -> 10898180 | X79: =SUM(X62:X77) -> 145175 | Y79: =SUM(Y62:Y77) -> 3669854 | Z79: =SUM(Z62:Z77) -> 2937367.4 | AA79: =SUM(AA62:AA77) -> 2670334 | AB79: =SUM(AB62:AB77) -> 0 | AC79: =SUM(AC62:AC77) -> 56232 | AD79: 0.09 | AE79: =SUM(AE62:AE77) -> 1252525 | AF79: =AD79+(AE79/V79) -> 0.20492974 | AG79: =SUM(AG62:AG77) -> 2304659.4 | AH79: =SUM(AH62:AH77) -> 390551.9 | AI79: =SUM(AI62:AI77) -> 224619 | AJ79: =V79-(Y79+AG79+AH79+(AN79*P79)) -> 4533114.7 | AK79: =AJ79-Z79-AB79 -> 1595747.3 | AO79: =SUM(AO62:AO63) -> 513963 | AP79: =SUM(AP62:AP63) -> 2730
C81: 45949 | D81: 이윤율 | E81: 마진율 | F81: 광고비율 | G81: 전환율 | H81: 발주남은수량 | I81: 창고안전 | J81: 쿠팡안전 | K81: 창고재고 | L81: 쿠팡재고 | M81: 미포장분 | N81: 목표판매량 | O81: 판매수 | P81: 순판매개수 | Q81: 취소개수 | R81: 광고전환 | S81: 가구매 | T81: 매출 | U81: 가구매금액 | V81: 순매출 | W81: 판매가 | X81: 입고가 | Y81: 입고판매가 | Z81: 광고비1.1 | AA81: 광고비 | AB81: 가구매비용 | AC81: 반품회수비 | AD81: 수수료 | AE81: 택배비 | AF81: 판매수수료 | AG81: 수수료 | AH81: 부가세 | AI81: 도매가 | AJ81: 판매마진 | AK81: 순이익 | AL81: 1개당 한국 운임 물류비(KRW) | AM81: 1개당 물류비 (KRW) | AN81: 부자재값 | AO81: 노출수 | AP81: 클릭수
A82: ACC-SHA-BRD-001-BK | C82: 쉐이버 | D82: =AK82/V82 -> 0.15552345 | E82: =AJ82/V82 -> 0.42271098 | F82: =(Z82+AB82)/V82 -> 0.26718753 | G82: =R82/AP82 -> 0.063772955 | H82: 7410 | I82: =N82*7 -> 1400 | J82: =N82*14 -> 2800 | K82: 76 | L82: =1906+1320 -> 3226 | N82: 200 | O82: 249 | P82: =O82-S82 -> 249 | Q82: 16 | R82: 191 | T82: =W82*O82 -> 6947100 | U82: =W82*S82 -> 0 | V82: =T82-U82 -> 6947100 | W82: 27900 | X82: =SUMIF([1]헤몬팜마진!$B$7:$B$32,$C82,[1]헤몬팜마진!$R$7:$R$32) -> 8851 | Y82: =AI82*P82 -> 2302005 | Z82: =AA82*1.1 -> 1856178.5 | AA82: 1687435 | AC82: =(1072+1100)*Q82 -> 34752 | AD82: 0.1 | AE82: =3050*(P82) -> 759450 | AF82: =AD82+(AE82/V82) -> 0.209319 | AG82: =IFERROR(V82*AF82+3%,0) -> 1454160 | AH82: =V82/1.1*10%-((AI82*P82)+AG82+(AN82*P82)+(AL82*P82))*10% -> 254319.54 | AI82: =SUMIF([1]헤몬팜마진!$B$7:$B$32,$C82,[1]헤몬팜마진!$V$7:$V$32) -> 9245 | AJ82: =V82-(Y82+AG82+AH82+(AN82*P82)) -> 2936615.4 | AK82: =AJ82-Z82-AB82 -> 1080436.9 | AL82: =SUMIF([1]헤몬팜마진!$B$7:$B$32,$C82,[1]헤몬팜마진!$T$7:$T$32) -> 65 | AM82: =SUMIF([1]헤몬팜마진!$B$7:$B$32,$C82,[1]헤몬팜마진!$U$7:$U$32) -> 330 | AO82: 538830 | AP82: 2995
A83: ACC-SHA-BRD-004-BK | C83: 일자면도기 | D83: =AK83/V83 -> #DIV/0! | E83: =AJ83/V83 -> #DIV/0! | F83: =(Z83+AB83)/V83 -> #DIV/0! | G83: =R83/AP83 -> #DIV/0! | H83: 1460 | I83: =N83*7 -> 140 | J83: =N83*14 -> 280 | K83: 325 | L83: 0 | N83: 20 | P83: =O83-S83 -> 0 | T83: =W83*O83 -> 0 | U83: =W83*S83 -> 0 | V83: =T83-U83 -> 0 | W83: 22700 | X83: =SUMIF([1]헤몬팜마진!$B$7:$B$32,$C83,[1]헤몬팜마진!$R$7:$R$32) -> 7081 | Y83: =AI83*P83 -> 0 | Z83: =AA83*1.1 -> 0 | AC83: =(1072+1100)*Q83 -> 0 | AD83: 0.1 | AE83: =2950*(P83) -> 0 | AF83: =AD83+(AE83/V83) -> #DIV/0! | AG83: =IFERROR(V83*AF83+3%,0) -> 0 | AH83: =V83/1.1*10%-((AI83*P83)+AG83+(AN83*P83)+(AL83*P83))*10% -> 0 | AI83: =SUMIF([1]헤몬팜마진!$B$7:$B$32,$C83,[1]헤몬팜마진!$V$7:$V$32) -> 7377 | AJ83: =V83-(Y83+AG83+AH83+(AN83*P83)) -> 0 | AK83: =AJ83-Z83-AB83 -> 0 | AL83: =SUMIF([1]헤몬팜마진!$B$7:$B$32,$C83,[1]헤몬팜마진!$T$7:$T$32) -> 49 | AM83: =SUMIF([1]헤몬팜마진!$B$7:$B$32,$C83,[1]헤몬팜마진!$U$7:$U$32) -> 248
A84: ACC-TOL-DRI-012-BL | C84: 프라임 1개 | D84: =AK84/V84 -> 0.21973045 | E84: =AJ84/V84 -> 0.38830905 | F84: =(Z84+AB84)/V84 -> 0.1685786 | G84: =R84/AP84 -> 0.0095238095 | H84: 0 | I84: =N84*7 -> 105 | J84: =N84*14 -> 210 | K84: 430 | L84: =40+3+3 -> 46 | N84: 15 | O84: 3 | P84: =O84-S84 -> 3 | Q84: 1 | R84: 1 | T84: =W84*O84 -> 137400 | U84: =W84*S84 -> 0 | V84: =T84-U84 -> 137400 | W84: 45800 | X84: =SUMIF([1]헤몬팜마진!$B$7:$B$32,$C84,[1]헤몬팜마진!$R$7:$R$32) -> 9990 | Y84: =AI84*P84 -> 51996 | Z84: =AA84*1.1 -> 23162.7 | AA84: 21057 | AC84: =(1210+1100)*Q84 -> 2310 | AD84: 0.11 | AE84: =4150*(P84) -> 12450 | AF84: =AD84+(AE84/V84) -> 0.20061135 | AG84: =IFERROR(V84*AF84+3%,0) -> 27564.03 | AH84: =V84/1.1*10%-((AI84*P84)+AG84+(AN84*P84)+(AL84*P84))*10% -> 4486.3061 | AI84: =SUMIF([1]헤몬팜마진!$B$7:$B$32,$C84,[1]헤몬팜마진!$V$7:$V$32) -> 17332 | AJ84: =V84-(Y84+AG84+AH84+(AN84*P84)) -> 53353.664 | AK84: =AJ84-Z84-AB84 -> 30190.964 | AL84: =SUMIF([1]헤몬팜마진!$B$7:$B$32,$C84,[1]헤몬팜마진!$T$7:$T$32) -> 162 | AM84: =SUMIF([1]헤몬팜마진!$B$7:$B$32,$C84,[1]헤몬팜마진!$U$7:$U$32) -> 827 | AO84: 14257 | AP84: 105
C85: 프라임 2개 | D85: =AK85/V85 -> -0.024776352 | E85: =AJ85/V85 -> 0.31462927 | F85: =(Z85+AB85)/V85 -> 0.33940563 | G85: =R85/AP85 -> 0.02 | H85: 0 | I85: =N85*7 -> 105 | J85: =N85*14 -> 210 | L85: =13+2 -> 15 | N85: 15 | O85: 6 | P85: =O85-S85 -> 6 | Q85: 2 | R85: 6 | T85: =W85*O85 -> 280800 | U85: =W85*S85 -> 0 | V85: =T85-U85 -> 280800 | W85: 46800 | X85: =SUMIF([1]헤몬팜마진!$B$7:$B$32,$C85,[1]헤몬팜마진!$R$7:$R$32) -> 9990 | Y85: =AI85*P85 -> 129792 | Z85: =AA85*1.1 -> 95305.1 | AA85: 86641 | AC85: =(1210+1100)*Q85 -> 4620 | AD85: 0.11 | AE85: =4150*(P85) -> 24900 | AF85: =AD85+(AE85/V85) -> 0.19867521 | AG85: =IFERROR(V85*AF85+3%,0) -> 55788.03 | AH85: =V85/1.1*10%-((AI85*P85)+AG85+(AN85*P85)+(AL85*P85))*10% -> 6872.0697 | AI85: =SUMIF([1]헤몬팜마진!$B$7:$B$32,$C85,[1]헤몬팜마진!$V$7:$V$32) -> 21632 | AJ85: =V85-(Y85+AG85+AH85+(AN85*P85)) -> 88347.9 | AK85: =AJ85-Z85-AB85 -> -6957.1997 | AL85: =SUMIF([1]헤몬팜마진!$B$7:$B$32,$C85,[1]헤몬팜마진!$T$7:$T$32) -> 162 | AM85: =SUMIF([1]헤몬팜마진!$B$7:$B$32,$C85,[1]헤몬팜마진!$U$7:$U$32) -> 827 | AO85: 96645 | AP85: 300
A86: ACC-TOL-WAS-002-BK | C86: 뉴 고압세척기 배터리 1개 | D86: =AK86/V86 -> 0.067623437 | E86: =AJ86/V86 -> 0.40132695 | F86: =(Z86+AB86)/V86 -> 0.33370352 | G86: =R86/AP86 -> 0.018691589 | H86: 0 | I86: =N86*7 -> 140 | J86: =N86*14 -> 280 | K86: 343 | L86: =97+42+48+31+19+10 -> 247 | N86: 20 | O86: 5 | P86: =O86-S86 -> 5 | Q86: 1 | R86: 2 | T86: =W86*O86 -> 199000 | U86: =W86*S86 -> 0 | V86: =T86-U86 -> 199000 | W86: 39800 | X86: =SUMIF([1]헤몬팜마진!$B$7:$B$32,$C86,[1]헤몬팜마진!$R$7:$R$32) -> 7855 | Y86: =AI86*P86 -> 75700 | Z86: =AA86*1.1 -> 66407 | AA86: 60370 | AC86: =(1210+1100)*Q86 -> 2310 | AD86: 0.08 | AE86: =4150*(P86) -> 20750 | AF86: =AD86+(AE86/V86) -> 0.18427136 | AG86: =IFERROR(V86*AF86+3%,0) -> 36670.03 | AH86: =V86/1.1*10%-((AI86*P86)+AG86+(AN86*P86)+(AL86*P86))*10% -> 6765.9061 | AI86: =SUMIF([1]헤몬팜마진!$B$7:$B$32,$C86,[1]헤몬팜마진!$V$7:$V$32) -> 15140 | AJ86: =V86-(Y86+AG86+AH86+(AN86*P86)) -> 79864.064 | AK86: =AJ86-Z86-AB86 -> 13457.064 | AL86: =SUMIF([1]헤몬팜마진!$B$7:$B$32,$C86,[1]헤몬팜마진!$T$7:$T$32) -> 176 | AM86: =SUMIF([1]헤몬팜마진!$B$7:$B$32,$C86,[1]헤몬팜마진!$U$7:$U$32) -> 900 | AO86: 32973 | AP86: 107
C87: 뉴 고압세척기 | D87: =AK87/V87 -> 0.032083395 | E87: =AJ87/V87 -> 0.39158767 | F87: =(Z87+AB87)/V87 -> 0.35950427 | G87: =R87/AP87 -> 0.033707865 | I87: =N87*7 -> 105 | J87: =N87*14 -> 210 | L87: =74+42+48+18+8+2 -> 192 | N87: 15 | O87: 3 | P87: =O87-S87 -> 3 | Q87: 1 | R87: 3 | T87: =W87*O87 -> 128700 | U87: =W87*S87 -> 0 | V87: =T87-U87 -> 128700 | W87: 42900 | X87: =SUMIF([1]헤몬팜마진!$B$7:$B$32,$C87,[1]헤몬팜마진!$R$7:$R$32) -> 7855 | Y87: =AI87*P87 -> 58323 | Z87: =AA87*1.1 -> 46268.2 | AA87: 42062 | AC87: =(1210+1100)*Q87 -> 2310 | AD87: 0.078 | AE87: =1900*(P87) -> 5700 | AF87: =AD87+(AE87/V87) -> 0.12228904 | AG87: =IFERROR(V87*AF87+3%,0) -> 15738.63 | AH87: =V87/1.1*10%-((AI87*P87)+AG87+(AN87*P87)+(AL87*P87))*10% -> 4241.037 | AI87: =SUMIF([1]헤몬팜마진!$B$7:$B$32,$C87,[1]헤몬팜마진!$V$7:$V$32) -> 19441 | AJ87: =V87-(Y87+AG87+AH87+(AN87*P87)) -> 50397.333 | AK87: =AJ87-Z87-AB87 -> 4129.133 | AL87: =SUMIF([1]헤몬팜마진!$B$7:$B$32,$C87,[1]헤몬팜마진!$T$7:$T$32) -> 176 | AM87: =SUMIF([1]헤몬팜마진!$B$7:$B$32,$C87,[1]헤몬팜마진!$U$7:$U$32) -> 900 | AO87: 49373 | AP87: 89
A88: ACC-TOL-MOW-001-BL | C88: 다밴다 1개 | D88: =AK88/V88 -> #DIV/0! | E88: =AJ88/V88 -> #DIV/0! | F88: =(Z88+AB88)/V88 -> #DIV/0! | G88: =R88/AP88 -> #DIV/0! | H88: 3504 | I88: =N88*7 -> 210 | J88: =N88*14 -> 420 | K88: 626 | L88: =30+13+6 -> 49 | N88: 30 | O88: 0 | P88: =O88-S88 -> 0 | T88: =W88*O88 -> 0 | U88: =W88*S88 -> 0 | V88: =T88-U88 -> 0 | W88: 59800 | X88: =SUMIF([1]헤몬팜마진!$B$7:$B$32,$C88,[1]헤몬팜마진!$R$7:$R$32) -> 13276 | Y88: =AI88*P88 -> 0 | Z88: =AA88*1.1 -> 0 | AC88: =(1210+1100)*Q88 -> 0 | AD88: 0.108 | AE88: =4825*(P88) -> 0 | AF88: =AD88+(AE88/V88) -> #DIV/0! | AG88: =IFERROR(V88*AF88+3%,0) -> 0 | AH88: =V88/1.1*10%-((AI88*P88)+AG88+(AN88*P88)+(AL88*P88))*10% -> 0 | AI88: =SUMIF([1]헤몬팜마진!$B$7:$B$32,$C88,[1]헤몬팜마진!$V$7:$V$32) -> 21956 | AJ88: =V88-(Y88+AG88+AH88+(AN88*P88)) -> 0 | AK88: =AJ88-Z88-AB88 -> 0 | AL88: =SUMIF([1]헤몬팜마진!$B$7:$B$32,$C88,[1]헤몬팜마진!$T$7:$T$32) -> 372 | AM88: =SUMIF([1]헤몬팜마진!$B$7:$B$32,$C88,[1]헤몬팜마진!$U$7:$U$32) -> 1896
A89: ACC-TOL-MOW-001-BL | C89: 다벤다 2개 | D89: =AK89/V89 -> -0.2320834 | E89: =AJ89/V89 -> 0.41153799 | F89: =(Z89+AB89)/V89 -> 0.64362138 | G89: =R89/AP89 -> 0.021276596 | H89: 0 | I89: =N89*7 -> 210 | J89: =N89*14 -> 420 | L89: =4+11+18+38+129 -> 200 | N89: 30 | O89: 1 | P89: =O89-S89 -> 1 | R89: 1 | T89: =W89*O89 -> 69780 | U89: =W89*S89 -> 0 | V89: =T89-U89 -> 69780 | W89: 69780 | X89: =SUMIF([1]헤몬팜마진!$B$7:$B$32,$C89,[1]헤몬팜마진!$R$7:$R$32) -> 13276 | Y89: =AI89*P89 -> 26257 | Z89: =AA89*1.1 -> 44911.9 | AA89: 40829 | AC89: =(1210+1100)*Q89 -> 0 | AD89: 0.108 | AE89: =4825*(P89) -> 4825 | AF89: =AD89+(AE89/V89) -> 0.17714589 | AG89: =IFERROR(V89*AF89+3%,0) -> 12361.27 | AH89: =V89/1.1*10%-((AI89*P89)+AG89+(AN89*P89)+(AL89*P89))*10% -> 2444.6094 | AI89: =SUMIF([1]헤몬팜마진!$B$7:$B$32,$C89,[1]헤몬팜마진!$V$7:$V$32) -> 26257 | AJ89: =V89-(Y89+AG89+AH89+(AN89*P89)) -> 28717.121 | AK89: =AJ89-Z89-AB89 -> -16194.779 | AL89: =SUMIF([1]헤몬팜마진!$B$7:$B$32,$C89,[1]헤몬팜마진!$T$7:$T$32) -> 372 | AM89: =SUMIF([1]헤몬팜마진!$B$7:$B$32,$C89,[1]헤몬팜마진!$U$7:$U$32) -> 1896 | AO89: 17242 | AP89: 47
A90: ACC-CHA-CAR-002-BK | C90: 시거잭 | D90: =AK90/V90 -> -0.20368027 | E90: =AJ90/V90 -> 0.39082621 | F90: =(Z90+AB90)/V90 -> 0.59450648 | G90: =R90/AP90 -> 0.051948052 | H90: 500 | I90: =N90*7 -> 105 | J90: =N90*14 -> 210 | K90: 577 | L90: 211 | N90: 15 | O90: 9 | P90: =O90-S90 -> 9 | R90: 8 | T90: =W90*O90 -> 145080 | U90: =W90*S90 -> 0 | V90: =T90-U90 -> 145080 | W90: 16120 | X90: =SUMIF([1]헤몬팜마진!$B$7:$B$32,$C90,[1]헤몬팜마진!$R$7:$R$32) -> 5089 | Y90: =AI90*P90 -> 46134 | Z90: =AA90*1.1 -> 86251 | AA90: 78410 | AC90: =(1210+1100)*Q90 -> 0 | AD90: 0.078 | AE90: =2900*(P90) -> 26100 | AF90: =AD90+(AE90/V90) -> 0.25790074 | AG90: =IFERROR(V90*AF90+3%,0) -> 37416.27 | AH90: =V90/1.1*10%-((AI90*P90)+AG90+(AN90*P90)+(AL90*P90))*10% -> 4828.6639 | AI90: =SUMIF([1]헤몬팜마진!$B$7:$B$32,$C90,[1]헤몬팜마진!$V$7:$V$32) -> 5126 | AJ90: =V90-(Y90+AG90+AH90+(AN90*P90)) -> 56701.066 | AK90: =AJ90-Z90-AB90 -> -29549.934 | AL90: =SUMIF([1]헤몬팜마진!$B$7:$B$32,$C90,[1]헤몬팜마진!$T$7:$T$32) -> 6 | AM90: =SUMIF([1]헤몬팜마진!$B$7:$B$32,$C90,[1]헤몬팜마진!$U$7:$U$32) -> 31 | AO90: 54223 | AP90: 154
A91: ACC-MOS-RAC-004 | C91: 모기지옥 | D91: =AK91/V91 -> 0.042958998 | E91: =AJ91/V91 -> 0.36300744 | F91: =(Z91+AB91)/V91 -> 0.32004844 | G91: =R91/AP91 -> 0.038095238 | H91: 1750 | I91: =N91*7 -> 350 | J91: =N91*14 -> 700 | K91: 1449 | L91: 1217 | N91: 50 | O91: 10 | P91: =O91-S91 -> 10 | Q91: 5 | R91: 4 | T91: =W91*O91 -> 192000 | U91: =W91*S91 -> 0 | V91: =T91-U91 -> 192000 | W91: 19200 | X91: =SUMIF([1]헤몬팜마진!$B$7:$B$32,$C91,[1]헤몬팜마진!$R$7:$R$32) -> 6373 | Y91: =AI91*P91 -> 67710 | Z91: =AA91*1.1 -> 61449.3 | AA91: 55863 | AC91: =(1210+1100)*Q91 -> 11550 | AD91: 0.08 | AE91: =3350*(P91) -> 33500 | AF91: =AD91+(AE91/V91) -> 0.25447917 | AG91: =IFERROR(V91*AF91+3%,0) -> 48860.03 | AH91: =V91/1.1*10%-((AI91*P91)+AG91+(AN91*P91)+(AL91*P91))*10% -> 5732.5425 | AI91: =SUMIF([1]헤몬팜마진!$B$7:$B$32,$C91,[1]헤몬팜마진!$V$7:$V$32) -> 6771 | AJ91: =V91-(Y91+AG91+AH91+(AN91*P91)) -> 69697.428 | AK91: =AJ91-Z91-AB91 -> 8248.1275 | AL91: =SUMIF([1]헤몬팜마진!$B$7:$B$32,$C91,[1]헤몬팜마진!$T$7:$T$32) -> 65 | AM91: =SUMIF([1]헤몬팜마진!$B$7:$B$32,$C91,[1]헤몬팜마진!$U$7:$U$32) -> 333 | AO91: 52205 | AP91: 105
A92: ACC-TOL-SAW-008-BL | C92: 컷소 배터리 1개 | D92: =AK92/V92 -> -0.19064558 | E92: =AJ92/V92 -> 0.4171068 | F92: =(Z92+AB92)/V92 -> 0.60775239 | G92: =R92/AP92 -> 0.013422819 | H92: 0 | I92: =N92*7 -> 70 | J92: =N92*14 -> 140 | K92: 494 | L92: 0 | N92: 10 | O92: 3 | P92: =O92-S92 -> 3 | Q92: 1 | R92: 2 | T92: =W92*O92 -> 149670 | U92: =W92*S92 -> 0 | V92: =T92-U92 -> 149670 | W92: 49890 | X92: =SUMIF([1]헤몬팜마진!$B$7:$B$32,$C92,[1]헤몬팜마진!$R$7:$R$32) -> 12170 | Y92: =AI92*P92 -> 55728 | Z92: =AA92*1.1 -> 90962.3 | AA92: 82693 | AC92: =(1210+1100)*Q92 -> 2310 | AD92: 0.078 | AE92: =4825*(P92) -> 14475 | AF92: =AD92+(AE92/V92) -> 0.17471277 | AG92: =IFERROR(V92*AF92+3%,0) -> 26149.29 | AH92: =V92/1.1*10%-((AI92*P92)+AG92+(AN92*P92)+(AL92*P92))*10% -> 5364.3346 | AI92: =SUMIF([1]헤몬팜마진!$B$7:$B$32,$C92,[1]헤몬팜마진!$V$7:$V$32) -> 18576 | AJ92: =V92-(Y92+AG92+AH92+(AN92*P92)) -> 62428.375 | AK92: =AJ92-Z92-AB92 -> -28533.925 | AL92: =SUMIF([1]헤몬팜마진!$B$7:$B$32,$C92,[1]헤몬팜마진!$T$7:$T$32) -> 181 | AM92: =SUMIF([1]헤몬팜마진!$B$7:$B$32,$C92,[1]헤몬팜마진!$U$7:$U$32) -> 926 | AO92: 37605 | AP92: 149
C93: 컷소 배터리 2개 | D93: =AK93/V93 -> -0.18867392 | E93: =AJ93/V93 -> 0.40921155 | F93: =(Z93+AB93)/V93 -> 0.59788548 | G93: =R93/AP93 -> 0.0084745763 | H93: 0 | I93: =N93*7 -> 70 | J93: =N93*14 -> 140 | L93: 1 | N93: 10 | O93: 3 | P93: =O93-S93 -> 3 | Q93: 2 | R93: 2 | T93: =W93*O93 -> 173940 | U93: =W93*S93 -> 0 | V93: =T93-U93 -> 173940 | W93: 57980 | X93: =SUMIF([1]헤몬팜마진!$B$7:$B$32,$C93,[1]헤몬팜마진!$R$7:$R$32) -> 12170 | Y93: =AI93*P93 -> 68628 | Z93: =AA93*1.1 -> 103996.2 | AA93: 94542 | AC93: =(1210+1100)*Q93 -> 4620 | AD93: 0.078 | AE93: =4825*(P93) -> 14475 | AF93: =AD93+(AE93/V93) -> 0.16121835 | AG93: =IFERROR(V93*AF93+3%,0) -> 28042.35 | AH93: =V93/1.1*10%-((AI93*P93)+AG93+(AN93*P93)+(AL93*P93))*10% -> 6091.3923 | AI93: =SUMIF([1]헤몬팜마진!$B$7:$B$32,$C93,[1]헤몬팜마진!$V$7:$V$32) -> 22876 | AJ93: =V93-(Y93+AG93+AH93+(AN93*P93)) -> 71178.258 | AK93: =AJ93-Z93-AB93 -> -32817.942 | AL93: =SUMIF([1]헤몬팜마진!$B$7:$B$32,$C93,[1]헤몬팜마진!$T$7:$T$32) -> 181 | AM93: =SUMIF([1]헤몬팜마진!$B$7:$B$32,$C93,[1]헤몬팜마진!$U$7:$U$32) -> 926 | AO93: 37157 | AP93: 236
A94: ACC-BLE-POR-001 | C94: 믹서기 | D94: =AK94/V94 -> 0.31926693 | E94: =AJ94/V94 -> 0.49827707 | F94: =(Z94+AB94)/V94 -> 0.17901014 | G94: =R94/AP94 -> 0.015625 | H94: 2000 | I94: =N94*7 -> 700 | J94: =N94*14 -> 1400 | K94: 2373 | L94: 3 | N94: 100 | O94: 15 | P94: =O94-S94 -> 15 | Q94: 1 | R94: 4 | T94: =W94*O94 -> 266400 | U94: =W94*S94 -> 0 | V94: =T94-U94 -> 266400 | W94: 17760 | X94: =SUMIF([1]헤몬팜마진!$B$7:$B$32,$C94,[1]헤몬팜마진!$R$7:$R$32) -> 3983 | Y94: =AI94*P94 -> 72555 | Z94: =AA94*1.1 -> 47688.3 | AA94: =23846+19507 -> 43353 | AC94: =(1210+1100)*Q94 -> 2310 | AD94: 0.078 | AE94: =1900*(P94) -> 28500 | AF94: =AD94+(AE94/V94) -> 0.18498198 | AG94: =IFERROR(V94*AF94+3%,0) -> 49279.23 | AH94: =V94/1.1*10%-((AI94*P94)+AG94+(AN94*P94)+(AL94*P94))*10% -> 11824.759 | AI94: =SUMIF([1]헤몬팜마진!$B$7:$B$32,$C94,[1]헤몬팜마진!$V$7:$V$32) -> 4837 | AJ94: =V94-(Y94+AG94+AH94+(AN94*P94)) -> 132741.01 | AK94: =AJ94-Z94-AB94 -> 85052.711 | AL94: =SUMIF([1]헤몬팜마진!$B$7:$B$32,$C94,[1]헤몬팜마진!$T$7:$T$32) -> 140 | AM94: =SUMIF([1]헤몬팜마진!$B$7:$B$32,$C94,[1]헤몬팜마진!$U$7:$U$32) -> 714 | AO94: 57045 | AP94: 256
A95: ACC-SHA-PET-002-WH | B95: 멀티클리퍼 (신제품) | C95: 강아지바리깡 | D95: =AK95/V95 -> 0.18788444 | E95: =AJ95/V95 -> 0.43443624 | F95: =(Z95+AB95)/V95 -> 0.2465518 | G95: =R95/AP95 -> 0.1092437 | H95: 2000 | I95: =N95*7 -> 280 | J95: =N95*14 -> 560 | K95: 1048 | L95: =311+240+1 -> 552 | N95: 40 | O95: 21 | P95: =O95-S95 -> 21 | Q95: 6 | R95: 13 | T95: =W95*O95 -> 520590 | U95: =W95*S95 -> 0 | V95: =T95-U95 -> 520590 | W95: 24790 | X95: =SUMIF([1]헤몬팜마진!$B$7:$B$32,$C95,[1]헤몬팜마진!$R$7:$R$32) -> 6859 | Y95: =AI95*P95 -> 152334 | Z95: =AA95*1.1 -> 128352.4 | AA95: 116684 | AC95: =(1210+1100)*Q95 -> 13860 | AD95: 0.108 | AE95: =3150*(P95) -> 66150 | AF95: =AD95+(AE95/V95) -> 0.23506737 | AG95: =IFERROR(V95*AF95+3%,0) -> 122373.75 | AH95: =V95/1.1*10%-((AI95*P95)+AG95+(AN95*P95)+(AL95*P95))*10% -> 19719.089 | AI95: =SUMIF([1]헤몬팜마진!$B$7:$B$32,$C95,[1]헤몬팜마진!$V$7:$V$32) -> 7254 | AJ95: =V95-(Y95+AG95+AH95+(AN95*P95)) -> 226163.16 | AK95: =AJ95-Z95-AB95 -> 97810.761 | AL95: =SUMIF([1]헤몬팜마진!$B$7:$B$32,$C95,[1]헤몬팜마진!$T$7:$T$32) -> 65 | AM95: =SUMIF([1]헤몬팜마진!$B$7:$B$32,$C95,[1]헤몬팜마진!$U$7:$U$32) -> 330 | AO95: 39257 | AP95: 119
B96: 신제품 | C96: 강아지바리깡 2개 | D96: =AK96/V96 -> 1.3104117 | E96: =AJ96/V96 -> 0.41264033 | F96: =(Z96+AB96)/V96 -> -0.89777136 | G96: =R96/AP96 -> 0 | H96: 0 | I96: =N96*7 -> 105 | J96: =N96*14 -> 210 | L96: =22+3 -> 25 | N96: 15 | O96: -1 | P96: =O96-S96 -> -1 | Q96: 1 | T96: =W96*O96 -> -39800 | U96: =W96*S96 -> 0 | V96: =T96-U96 -> -39800 | W96: 39800 | X96: =SUMIF([1]헤몬팜마진!$B$7:$B$32,$C96,[1]헤몬팜마진!$R$7:$R$32) -> 13719 | Y96: =AI96*P96 -> -14113 | Z96: =AA96*1.1 -> 35731.3 | AA96: 32483 | AC96: =(1210+1100)*Q96 -> 2310 | AD96: 0.108 | AE96: =3550*(P96) -> -3550 | AF96: =AD96+(AE96/V96) -> 0.19719598 | AG96: =IFERROR(V96*AF96+3%,0) -> -7848.37 | AH96: =V96/1.1*10%-((AI96*P96)+AG96+(AN96*P96)+(AL96*P96))*10% -> -1415.5448 | AI96: =SUMIF([1]헤몬팜마진!$B$7:$B$32,$C96,[1]헤몬팜마진!$V$7:$V$32) -> 14113 | AJ96: =V96-(Y96+AG96+AH96+(AN96*P96)) -> -16423.085 | AK96: =AJ96-Z96-AB96 -> -52154.385 | AL96: =SUMIF([1]헤몬팜마진!$B$7:$B$32,$C96,[1]헤몬팜마진!$T$7:$T$32) -> 65 | AM96: =SUMIF([1]헤몬팜마진!$B$7:$B$32,$C96,[1]헤몬팜마진!$U$7:$U$32) -> 330 | AO96: 37507 | AP96: 89
B97: 오픈이어 (신제품) | C97: 골전도이어폰 | D97: =AK97/V97 -> -0.035256657 | E97: =AJ97/V97 -> 0.37867668 | F97: =(Z97+AB97)/V97 -> 0.41393333 | G97: =R97/AP97 -> 0.011551155 | H97: 700 | I97: =N97*7 -> 210 | J97: =N97*14 -> 420 | K97: 954 | L97: 2 | N97: 30 | O97: 15 | P97: =O97-S97 -> 15 | Q97: 3 | R97: 7 | T97: =W97*O97 -> 297000 | U97: =W97*S97 -> 0 | V97: =T97-U97 -> 297000 | W97: 19800 | X97: =SUMIF([1]헤몬팜마진!$B$7:$B$32,$C97,[1]헤몬팜마진!$R$7:$R$32) -> 6638 | Y97: =AI97*P97 -> 100290 | Z97: =AA97*1.1 -> 122938.2 | AA97: 111762 | AC97: =(1210+1100)*Q97 -> 6930 | AD97: 0.08 | AE97: =3400*(P97) -> 51000 | AF97: =AD97+(AE97/V97) -> 0.25171717 | AG97: =IFERROR(V97*AF97+3%,0) -> 74760.03 | AH97: =V97/1.1*10%-((AI97*P97)+AG97+(AN97*P97)+(AL97*P97))*10% -> 9482.997 | AI97: =SUMIF([1]헤몬팜마진!$B$7:$B$32,$C97,[1]헤몬팜마진!$V$7:$V$32) -> 6686 | AJ97: =V97-(Y97+AG97+AH97+(AN97*P97)) -> 112466.97 | AK97: =AJ97-Z97-AB97 -> -10471.227 | AL97: =SUMIF([1]헤몬팜마진!$B$7:$B$32,$C97,[1]헤몬팜마진!$T$7:$T$32) -> 8 | AM97: =SUMIF([1]헤몬팜마진!$B$7:$B$32,$C97,[1]헤몬팜마진!$U$7:$U$32) -> 40 | AO97: 222852 | AP97: 606
A98: ACC-CAR-PUM-001-BK | C98: 공기압 주입기 | D98: =AK98/V98 -> 0.43888178 | E98: =AJ98/V98 -> 0.43888178 | F98: =(Z98+AB98)/V98 -> 0 | G98: =R98/AP98 -> #DIV/0! | H98: 0 | I98: =N98*7 -> 350 | J98: =N98*14 -> 700 | K98: 87 | L98: 0 | N98: 50 | O98: -2 | P98: =O98-S98 -> -2 | Q98: 2 | T98: =W98*O98 -> -49600 | U98: =W98*S98 -> 0 | V98: =T98-U98 -> -49600 | W98: 24800 | X98: =SUMIF([1]헤몬팜마진!$B$7:$B$32,$C98,[1]헤몬팜마진!$R$7:$R$32) -> 8408 | Y98: =AI98*P98 -> -17160 | Z98: =AA98*1.1 -> 0 | AC98: =(1210+1100)*Q98 -> 4620 | AD98: 0.1 | AE98: =1900*(P98) -> -3800 | AF98: =AD98+(AE98/V98) -> 0.1766129 | AG98: =IFERROR(V98*AF98+3%,0) -> -8759.97 | AH98: =V98/1.1*10%-((AI98*P98)+AG98+(AN98*P98)+(AL98*P98))*10% -> -1911.4939 | AI98: =SUMIF([1]헤몬팜마진!$B$7:$B$32,$C98,[1]헤몬팜마진!$V$7:$V$32) -> 8580 | AJ98: =V98-(Y98+AG98+AH98+(AN98*P98)) -> -21768.536 | AK98: =AJ98-Z98-AB98 -> -21768.536 | AL98: =SUMIF([1]헤몬팜마진!$B$7:$B$32,$C98,[1]헤몬팜마진!$T$7:$T$32) -> 28 | AM98: =SUMIF([1]헤몬팜마진!$B$7:$B$32,$C98,[1]헤몬팜마진!$U$7:$U$32) -> 143
D99: =AK99/V99 -> 0.12068941 | E99: =AJ99/V99 -> 0.41744726 | F99: =(Z99+AB99)/V99 -> 0.29675785 | O99: =SUM(O82:O98) -> 340 | P99: =SUM(P82:P97) -> 342 | Q99: =SUM(Q82:Q98) -> 42 | R99: =SUM(R82:R97) -> 244 | S99: =SUM(S82:S97) -> 0 | T99: =SUM(T82:T97) -> 9467660 | U99: =SUM(U82:U97) -> 0 | V99: =SUM(V82:V97) -> 9467660 | X99: =SUM(X82:X97) -> 145175 | Y99: =SUM(Y82:Y97) -> 3193339 | Z99: =SUM(Z82:Z97) -> 2809602.4 | AA99: =SUM(AA82:AA97) -> 2554184 | AB99: =SUM(AB82:AB97) -> 0 | AC99: =SUM(AC82:AC97) -> 90192 | AD99: 0.09 | AE99: =SUM(AE82:AE97) -> 1058725 | AF99: =AD99+(AE99/V99) -> 0.20182541 | AG99: =SUM(AG82:AG97) -> 1981314.6 | AH99: =SUM(AH82:AH97) -> 340757.7 | AI99: =SUM(AI82:AI97) -> 224619 | AJ99: =V99-(Y99+AG99+AH99+(AN99*P99)) -> 3952248.7 | AK99: =AJ99-Z99-AB99 -> 1142646.3 | AO99: =SUM(AO82:AO83) -> 538830 | AP99: =SUM(AP82:AP83) -> 2995
C101: 45950 | D101: 이윤율 | E101: 마진율 | F101: 광고비율 | G101: 전환율 | H101: 발주남은수량 | I101: 창고안전 | J101: 쿠팡안전 | K101: 창고재고 | L101: 쿠팡재고 | M101: 미포장분 | N101: 목표판매량 | O101: 판매수 | P101: 순판매개수 | Q101: 취소개수 | R101: 광고전환 | S101: 가구매 | T101: 매출 | U101: 가구매금액 | V101: 순매출 | W101: 판매가 | X101: 입고가 | Y101: 입고판매가 | Z101: 광고비1.1 | AA101: 광고비 | AB101: 가구매비용 | AC101: 반품회수비 | AD101: 수수료 | AE101: 택배비 | AF101: 판매수수료 | AG101: 수수료 | AH101: 부가세 | AI101: 도매가 | AJ101: 판매마진 | AK101: 순이익 | AL101: 1개당 한국 운임 물류비(KRW) | AM101: 1개당 물류비 (KRW) | AN101: 부자재값 | AO101: 노출수 | AP101: 클릭수
A102: ACC-SHA-BRD-001-BK | C102: 쉐이버 | D102: =AK102/V102 -> 0.16201372 | E102: =AJ102/V102 -> 0.42271098 | F102: =(Z102+AB102)/V102 -> 0.26069726 | G102: =R102/AP102 -> 0.058059863 | H102: 7410 | I102: =N102*7 -> 1400 | J102: =N102*14 -> 2800 | K102: 76 | L102: =1906+1320 -> 3226 | N102: 200 | O102: 204 | P102: =O102-S102 -> 204 | Q102: 23 | R102: 161 | T102: =W102*O102 -> 5691600 | U102: =W102*S102 -> 0 | V102: =T102-U102 -> 5691600 | W102: 27900 | X102: =SUMIF([1]헤몬팜마진!$B$7:$B$32,$C102,[1]헤몬팜마진!$R$7:$R$32) -> 8851 | Y102: =AI102*P102 -> 1885980 | Z102: =AA102*1.1 -> 1483784.5 | AA102: 1348895 | AC102: =(1072+1100)*Q102 -> 49956 | AD102: 0.1 | AE102: =3050*(P102) -> 622200 | AF102: =AD102+(AE102/V102) -> 0.209319 | AG102: =IFERROR(V102*AF102+3%,0) -> 1191360 | AH102: =V102/1.1*10%-((AI102*P102)+AG102+(AN102*P102)+(AL102*P102))*10% -> 208358.18 | AI102: =SUMIF([1]헤몬팜마진!$B$7:$B$32,$C102,[1]헤몬팜마진!$V$7:$V$32) -> 9245 | AJ102: =V102-(Y102+AG102+AH102+(AN102*P102)) -> 2405901.8 | AK102: =AJ102-Z102-AB102 -> 922117.29 | AL102: =SUMIF([1]헤몬팜마진!$B$7:$B$32,$C102,[1]헤몬팜마진!$T$7:$T$32) -> 65 | AM102: =SUMIF([1]헤몬팜마진!$B$7:$B$32,$C102,[1]헤몬팜마진!$U$7:$U$32) -> 330 | AO102: 527019 | AP102: 2773
A103: ACC-SHA-BRD-004-BK | C103: 일자면도기 | D103: =AK103/V103 -> #DIV/0! | E103: =AJ103/V103 -> #DIV/0! | F103: =(Z103+AB103)/V103 -> #DIV/0! | G103: =R103/AP103 -> #DIV/0! | H103: 1460 | I103: =N103*7 -> 140 | J103: =N103*14 -> 280 | K103: 325 | L103: 0 | N103: 20 | O103: 0 | P103: =O103-S103 -> 0 | T103: =W103*O103 -> 0 | U103: =W103*S103 -> 0 | V103: =T103-U103 -> 0 | W103: 22700 | X103: =SUMIF([1]헤몬팜마진!$B$7:$B$32,$C103,[1]헤몬팜마진!$R$7:$R$32) -> 7081 | Y103: =AI103*P103 -> 0 | Z103: =AA103*1.1 -> 0 | AC103: =(1072+1100)*Q103 -> 0 | AD103: 0.1 | AE103: =2950*(P103) -> 0 | AF103: =AD103+(AE103/V103) -> #DIV/0! | AG103: =IFERROR(V103*AF103+3%,0) -> 0 | AH103: =V103/1.1*10%-((AI103*P103)+AG103+(AN103*P103)+(AL103*P103))*10% -> 0 | AI103: =SUMIF([1]헤몬팜마진!$B$7:$B$32,$C103,[1]헤몬팜마진!$V$7:$V$32) -> 7377 | AJ103: =V103-(Y103+AG103+AH103+(AN103*P103)) -> 0 | AK103: =AJ103-Z103-AB103 -> 0 | AL103: =SUMIF([1]헤몬팜마진!$B$7:$B$32,$C103,[1]헤몬팜마진!$T$7:$T$32) -> 49 | AM103: =SUMIF([1]헤몬팜마진!$B$7:$B$32,$C103,[1]헤몬팜마진!$U$7:$U$32) -> 248
A104: ACC-TOL-DRI-012-BL | C104: 프라임 1개 | D104: =AK104/V104 -> 0.12306022 | E104: =AJ104/V104 -> 0.38830913 | F104: =(Z104+AB104)/V104 -> 0.26524891 | G104: =R104/AP104 -> 0.02259887 | H104: 0 | I104: =N104*7 -> 105 | J104: =N104*14 -> 210 | K104: 430 | L104: =40+3+3 -> 46 | N104: 15 | O104: 5 | P104: =O104-S104 -> 5 | Q104: 1 | R104: 4 | T104: =W104*O104 -> 229000 | U104: =W104*S104 -> 0 | V104: =T104-U104 -> 229000 | W104: 45800 | X104: =SUMIF([1]헤몬팜마진!$B$7:$B$32,$C104,[1]헤몬팜마진!$R$7:$R$32) -> 9990 | Y104: =AI104*P104 -> 86660 | Z104: =AA104*1.1 -> 60742 | AA104: 55220 | AC104: =(1210+1100)*Q104 -> 2310 | AD104: 0.11 | AE104: =4150*(P104) -> 20750 | AF104: =AD104+(AE104/V104) -> 0.20061135 | AG104: =IFERROR(V104*AF104+3%,0) -> 45940.03 | AH104: =V104/1.1*10%-((AI104*P104)+AG104+(AN104*P104)+(AL104*P104))*10% -> 7477.1788 | AI104: =SUMIF([1]헤몬팜마진!$B$7:$B$32,$C104,[1]헤몬팜마진!$V$7:$V$32) -> 17332 | AJ104: =V104-(Y104+AG104+AH104+(AN104*P104)) -> 88922.791 | AK104: =AJ104-Z104-AB104 -> 28180.791 | AL104: =SUMIF([1]헤몬팜마진!$B$7:$B$32,$C104,[1]헤몬팜마진!$T$7:$T$32) -> 162 | AM104: =SUMIF([1]헤몬팜마진!$B$7:$B$32,$C104,[1]헤몬팜마진!$U$7:$U$32) -> 827 | AO104: 48468 | AP104: 177
C105: 프라임 2개 | D105: =AK105/V105 -> 0.15149003 | E105: =AJ105/V105 -> 0.31462927 | F105: =(Z105+AB105)/V105 -> 0.16313925 | G105: =R105/AP105 -> 0.020304569 | H105: 0 | I105: =N105*7 -> 105 | J105: =N105*14 -> 210 | L105: =13+2 -> 15 | N105: 15 | O105: 6 | P105: =O105-S105 -> 6 | Q105: 2 | R105: 4 | T105: =W105*O105 -> 280800 | U105: =W105*S105 -> 0 | V105: =T105-U105 -> 280800 | W105: 46800 | X105: =SUMIF([1]헤몬팜마진!$B$7:$B$32,$C105,[1]헤몬팜마진!$R$7:$R$32) -> 9990 | Y105: =AI105*P105 -> 129792 | Z105: =AA105*1.1 -> 45809.5 | AA105: 41645 | AC105: =(1210+1100)*Q105 -> 4620 | AD105: 0.11 | AE105: =4150*(P105) -> 24900 | AF105: =AD105+(AE105/V105) -> 0.19867521 | AG105: =IFERROR(V105*AF105+3%,0) -> 55788.03 | AH105: =V105/1.1*10%-((AI105*P105)+AG105+(AN105*P105)+(AL105*P105))*10% -> 6872.0697 | AI105: =SUMIF([1]헤몬팜마진!$B$7:$B$32,$C105,[1]헤몬팜마진!$V$7:$V$32) -> 21632 | AJ105: =V105-(Y105+AG105+AH105+(AN105*P105)) -> 88347.9 | AK105: =AJ105-Z105-AB105 -> 42538.4 | AL105: =SUMIF([1]헤몬팜마진!$B$7:$B$32,$C105,[1]헤몬팜마진!$T$7:$T$32) -> 162 | AM105: =SUMIF([1]헤몬팜마진!$B$7:$B$32,$C105,[1]헤몬팜마진!$U$7:$U$32) -> 827 | AO105: 52465 | AP105: 197
...
